bedrooms,bathrooms,sqft_living,sqft_lot,floors,waterfront,view,condition,grade,sqft_above,sqft_basement,yr_built,yr_renovated,zipcode,lat,long,sqft_living15,sqft_lot15,Actual_Price,Predicted_Price
4,2.25,2070,8893,2.0,0,0,4,8,2070,0,1986,0,98058,47.4388,-122.162,2390,7700,365000.0,376258.0
5,3.0,2900,6730,1.0,0,0,5,8,1830,1070,1977,0,98115,47.6784,-122.285,2370,6283,865000.0,885965.61
4,2.5,3770,10893,2.0,0,2,3,11,3770,0,1997,0,98006,47.5646,-122.129,3710,9685,1038000.0,1104049.2333333334
3,3.5,4560,14608,2.0,0,2,3,12,4560,0,1990,0,98034,47.6995,-122.228,4050,14226,1490000.0,1952530.0
3,2.5,2550,5376,2.0,0,0,3,9,2550,0,2004,0,98052,47.6647,-122.083,2250,4050,711000.0,719724.11
4,2.0,1710,8288,1.5,0,0,3,7,1710,0,1970,0,98031,47.3947,-122.174,1710,7200,211000.0,248366.12
4,2.5,2690,8036,2.0,0,0,4,9,2690,0,1987,0,98007,47.6596,-122.144,2420,8087,790000.0,865071.32
3,2.5,1800,4400,1.0,0,0,5,7,1350,450,1970,0,98199,47.6599,-122.396,1920,4400,680000.0,632336.75
3,2.5,1600,2610,2.0,0,0,3,8,1600,0,2005,0,98027,47.5344,-122.068,1445,1288,384500.0,407087.07
2,1.0,910,3600,1.0,0,0,4,7,910,0,1909,0,98119,47.6341,-122.361,1720,3600,605000.0,529380.17
3,1.0,1830,4400,1.5,0,0,4,8,1720,110,1930,0,98122,47.6052,-122.3,1650,4400,638000.0,672227.85
3,1.75,1930,14389,1.0,0,0,3,7,1130,800,1963,1998,98155,47.7733,-122.317,1730,14378,385000.0,410441.45
2,1.0,1410,7000,1.0,0,0,3,7,1410,0,1968,0,98055,47.4908,-122.223,1540,6000,175000.0,259946.4
3,2.25,1960,1985,2.0,0,0,3,7,1750,210,2003,0,98118,47.5419,-122.289,1760,1985,365000.0,322114.5
3,1.0,1140,3240,1.5,0,0,4,6,1140,0,1910,0,98014,47.7093,-121.364,1140,4700,160000.0,263473.65
4,3.75,4130,12320,2.0,0,0,3,11,4130,0,2001,0,98059,47.5194,-122.151,3690,11227,1070000.0,1114358.1
6,1.0,1430,20620,2.0,0,0,3,7,1430,0,1954,0,98004,47.6255,-122.209,2450,10080,800000.0,882699.5
4,3.25,4360,91158,1.0,0,0,3,10,3360,1000,1993,0,98053,47.6398,-121.985,3540,90940,795127.0,914924.5
4,1.0,1440,7215,1.5,0,0,3,7,1440,0,1969,0,98034,47.7133,-122.212,1150,7215,355000.0,386279.07
4,2.25,1960,14834,1.0,0,0,4,8,1330,630,1976,0,98072,47.7434,-122.095,1540,15000,474000.0,423181.5
5,2.0,1910,5508,1.0,0,0,3,7,1020,890,1968,0,98133,47.7074,-122.349,1030,7440,485000.0,438179.07
4,4.25,5710,24663,2.0,0,0,3,11,5710,0,2007,0,98092,47.3065,-122.158,4060,23847,930000.0,1147047.5
3,2.75,2590,223027,2.0,0,0,3,9,2590,0,1983,0,98074,47.6145,-122.001,3410,212137,920000.0,715845.5
3,1.5,2790,6900,1.0,0,2,3,8,1700,1090,1955,0,98125,47.7328,-122.288,2410,8100,560000.0,596586.0
3,3.25,1530,1565,2.0,0,0,3,8,1280,250,2005,0,98122,47.6179,-122.312,1530,1381,654000.0,536061.98
3,2.25,1920,10961,2.0,0,0,3,8,1920,0,1981,0,98074,47.6432,-122.057,2000,10706,549000.0,529256.4666666667
3,1.0,1010,10800,1.0,0,0,4,7,1010,0,1972,0,98045,47.4483,-121.773,1370,9500,290000.0,266119.24
1,1.0,520,4800,1.0,0,0,3,5,520,0,1930,0,98106,47.5533,-122.363,800,4960,275000.0,204997.17
4,2.75,2420,8438,2.0,0,0,3,8,2420,0,1997,0,98022,47.2089,-122.011,2270,8770,329990.0,321992.28
2,1.5,1110,3600,1.0,0,0,5,7,1110,0,1904,0,98119,47.6382,-122.359,1670,5400,750000.0,583070.02
3,2.75,1360,542322,1.0,0,2,4,7,1140,220,1955,0,98022,47.2069,-122.024,1700,60548,425000.0,339978.7
3,1.5,2200,7620,1.0,0,0,4,7,1130,1070,1942,0,98177,47.7263,-122.363,2170,7672,515000.0,434949.64
3,1.75,1850,8823,1.0,0,0,4,8,1370,480,1973,0,98008,47.6379,-122.112,1880,7580,605000.0,520572.68
3,2.25,1640,4420,2.0,0,0,4,7,1640,0,1918,1983,98002,47.311,-122.21,1230,6632,250000.0,229540.56
3,1.75,1340,10276,1.0,0,0,4,7,1340,0,1961,0,98034,47.7207,-122.222,2950,7987,330000.0,444791.01
4,2.25,2390,12292,1.0,0,0,5,9,2390,0,1962,0,98040,47.5528,-122.221,2870,12337,984000.0,977154.61
5,4.25,3920,5823,2.0,0,0,3,9,3000,920,2000,0,98029,47.5492,-122.008,3000,5297,827500.0,840899.35
3,2.5,2540,51836,1.0,0,0,4,8,1820,720,1976,0,98042,47.389,-122.088,1650,51836,485000.0,409383.44
3,2.0,1160,7217,1.0,0,0,3,7,1160,0,1969,0,98034,47.7279,-122.227,1870,9104,306000.0,381852.51
4,4.25,4285,9345,2.0,0,0,3,10,4285,0,2013,0,98004,47.6332,-122.199,1570,8994,1890000.0,1804883.0
3,2.25,2260,54014,1.0,0,0,3,7,1450,810,1962,0,98072,47.7657,-122.131,2140,44431,514000.0,508973.5
2,1.0,830,6017,1.0,0,0,4,6,830,0,1954,0,98133,47.7466,-122.334,1340,6040,282613.0,249205.16
5,2.75,2481,4045,2.0,0,0,3,8,2481,0,2014,0,98001,47.2602,-122.284,2363,4175,309000.0,310510.72
3,2.0,1650,5027,1.5,0,0,3,7,1650,0,2009,0,98065,47.515,-121.874,2430,6000,400000.0,407047.82
3,1.0,1010,9945,1.0,0,0,4,6,1010,0,1973,0,98065,47.5324,-121.763,1390,12710,310000.0,301788.08
3,1.0,1360,5840,1.0,0,0,4,5,1360,0,1953,0,98056,47.4945,-122.166,1250,6708,253200.0,245198.1
4,2.0,1650,9305,1.0,0,0,4,6,1650,0,1960,0,98034,47.7183,-122.213,1860,7486,334009.0,438712.0
3,2.0,1540,3600,1.0,0,0,3,7,890,650,1994,0,98122,47.6103,-122.296,1540,3600,500000.0,474023.21
3,1.75,1510,7700,1.0,0,0,3,7,1510,0,1968,0,98034,47.7283,-122.194,1440,7416,441500.0,415044.0
4,2.0,2290,6000,1.5,0,3,5,7,2290,0,1900,0,98115,47.6807,-122.318,2000,3150,685000.0,769535.44
4,2.5,1630,5361,2.0,0,0,3,7,1630,0,1999,0,98144,47.5704,-122.294,1920,5046,327000.0,507306.07
4,1.75,1520,5250,1.0,0,0,3,6,1520,0,1949,0,98199,47.6581,-122.39,1530,5250,450000.0,520582.0
3,3.5,2100,12384,2.0,0,0,3,9,2100,0,1980,0,98188,47.4687,-122.263,2400,7776,356000.0,485084.9
3,1.75,1560,6000,1.0,0,0,3,6,780,780,1944,0,98199,47.6501,-122.384,1560,1734,525000.0,480183.7
3,2.5,1300,1590,2.0,0,0,3,8,1100,200,2014,0,98109,47.6384,-122.343,1070,1223,675000.0,526197.52
5,4.25,4720,18741,2.0,0,0,3,11,3210,1510,2005,0,98053,47.6347,-122.013,3880,37328,875000.0,1207126.98
3,2.5,1990,20466,1.5,0,0,4,8,1410,580,1987,0,98010,47.3259,-121.896,1660,93393,345000.0,353039.43
4,3.0,3150,9130,2.0,0,0,3,9,3150,0,2001,0,98075,47.5974,-122.017,2970,6228,695000.0,704459.99
2,1.0,1620,9205,1.0,0,0,5,6,850,770,1921,0,98034,47.7119,-122.23,2460,5469,350000.0,454790.60666666663
4,2.5,2790,6540,2.0,0,0,3,9,2790,0,1999,0,98074,47.6087,-122.016,2790,6270,695000.0,686420.0
4,3.0,2320,13068,2.0,0,2,3,8,2320,0,1998,0,98198,47.3497,-122.317,2220,25265,400000.0,426624.0
2,1.0,1129,3840,1.0,0,0,3,7,1129,0,1953,0,98106,47.5313,-122.351,1300,3880,330000.0,307102.985
3,1.5,1290,7100,1.0,0,0,3,6,1290,0,1954,0,98198,47.4227,-122.332,1300,7183,265000.0,238566.71666666665
4,2.5,2290,26720,2.0,0,0,3,8,2290,0,1977,0,98177,47.7502,-122.374,2290,26720,630000.0,615932.51
2,1.0,1460,6000,1.0,0,0,2,7,1260,200,1925,0,98115,47.7009,-122.317,1580,6380,312000.0,425477.9
2,1.0,920,5889,1.0,0,0,4,6,920,0,1950,0,98002,47.3012,-122.218,1210,6180,156000.0,171826.0
6,2.5,3080,8163,1.0,0,0,3,7,1580,1500,1985,0,98030,47.3859,-122.221,1850,8658,300000.0,339648.49
4,2.5,3120,49456,2.0,1,4,4,9,2590,530,1974,1989,98198,47.3535,-122.323,2030,32181,1225000.0,1082102.0
2,1.0,1120,4000,1.0,0,0,3,7,1120,0,1926,0,98105,47.6567,-122.327,1620,4000,465000.0,575812.45
4,2.5,3600,6055,2.0,0,0,3,9,3600,0,2014,0,98052,47.7053,-122.126,3590,6050,923990.0,932243.6
4,2.25,2000,10374,2.0,0,1,4,7,2000,0,1967,0,98023,47.3342,-122.34,2170,10374,320000.0,340687.12
3,1.0,1610,11250,1.0,0,0,3,7,1090,520,1975,0,98028,47.7391,-122.256,2040,10692,375000.0,376840.5
3,1.75,1670,5400,2.0,0,0,5,8,1670,0,1912,0,98112,47.635,-122.284,2100,5400,985000.0,826339.3
5,2.0,2310,13430,1.5,0,0,4,8,2310,0,1966,0,98004,47.6395,-122.203,2810,13906,850000.0,955169.0
3,2.25,1800,43647,1.0,0,0,4,8,1800,0,1976,0,98072,47.7757,-122.132,2480,25608,474900.0,480937.5
4,3.5,3430,13609,2.0,0,0,3,11,3430,0,2001,0,98059,47.5196,-122.151,3880,11614,997000.0,945130.09
4,3.5,3590,5334,2.0,0,2,3,9,3140,450,2006,0,98115,47.6763,-122.267,2100,6250,1302000.0,1167424.81
2,2.0,1180,3003,2.0,0,0,3,6,1180,0,2005,0,98038,47.3491,-122.02,1310,3003,209900.0,205691.0
3,2.5,1640,3804,2.0,0,0,3,8,1640,0,1998,0,98122,47.6103,-122.3,1440,3230,602000.0,558562.0
4,2.5,5730,44947,2.0,0,4,3,11,4280,1450,1991,0,98074,47.6052,-122.064,3310,17628,1228000.0,1280701.7333333334
3,2.5,2160,3920,2.0,0,0,3,9,2160,0,2014,0,98116,47.5762,-122.415,1500,4920,856000.0,775221.68
3,2.25,1790,7125,1.0,0,0,3,7,1220,570,1974,0,98034,47.7184,-122.226,2040,7950,392000.0,442020.46
4,2.5,2900,5760,1.0,0,0,4,8,1660,1240,1959,0,98118,47.55,-122.272,2250,6098,500000.0,635538.85
3,2.25,1500,7210,1.0,0,0,3,7,1150,350,1984,0,98023,47.3124,-122.352,1500,7210,230000.0,235736.49
3,2.5,2490,4000,2.0,0,0,5,8,1670,820,1918,0,98109,47.6403,-122.35,2310,4000,1145000.0,964900.5
4,2.5,3270,24750,1.0,0,0,4,8,1690,1580,1979,0,98056,47.5221,-122.178,1520,13480,560000.0,508252.76
3,2.25,1980,7200,1.0,0,0,3,8,1300,680,1964,0,98177,47.7625,-122.36,1820,8250,355000.0,425784.14
3,2.0,2090,5015,1.5,0,0,5,7,2090,0,1920,0,98112,47.6378,-122.301,1930,4250,785000.0,724163.08
2,2.25,1180,2090,2.0,0,0,3,7,1180,0,2004,0,98122,47.6032,-122.31,1550,2812,447500.0,411187.93
1,1.0,1140,6700,1.5,0,0,3,7,1140,0,1920,0,98103,47.6958,-122.357,1350,6700,540000.0,488639.2
3,2.0,1540,7210,2.0,0,0,4,7,1540,0,1984,0,98023,47.3128,-122.351,1500,7210,252000.0,234975.0
4,1.75,2050,94525,1.0,0,0,4,7,1250,800,1959,0,98058,47.4492,-122.084,2270,47480,455000.0,411849.35
4,2.5,2270,9247,1.0,0,0,5,8,1500,770,1972,0,98006,47.5602,-122.176,2270,9163,619850.0,619542.0
3,2.5,2070,4944,2.0,0,0,3,9,2070,0,1930,0,98112,47.6256,-122.284,3300,6179,1250000.0,1332254.0
3,1.5,1580,1228,3.0,0,0,3,8,1580,0,2014,0,98115,47.6765,-122.32,1580,3605,495000.0,596226.99
3,1.0,1270,3840,1.5,0,0,3,7,1270,0,1926,0,98103,47.6896,-122.357,1270,4175,540000.0,513607.76
3,2.5,1830,4997,2.0,0,0,3,7,1830,0,2004,0,98001,47.3035,-122.283,2488,4998,286651.0,264105.97
3,1.0,1780,7800,1.0,0,0,3,7,1060,720,1957,0,98178,47.4932,-122.263,1450,7800,261000.0,255577.0
4,3.25,3330,7809,2.0,0,0,3,9,3330,0,2004,0,98075,47.5977,-121.976,3100,6465,830000.0,734119.47
3,2.25,2530,27227,2.0,0,0,3,8,2530,0,1987,0,98056,47.527,-122.193,2160,30192,450000.0,540280.64
2,1.0,1270,19602,1.0,0,0,3,6,1270,0,1977,0,98010,47.3375,-122.048,1270,17699,260000.0,229572.56
4,3.5,2820,7809,2.0,0,0,3,10,2820,0,1995,0,98004,47.622,-122.195,2630,7904,1450000.0,1307035.0
5,3.5,3480,12821,2.0,0,2,3,10,2890,590,2004,0,98092,47.2641,-122.215,3400,9870,480000.0,514909.76
4,2.0,1830,5220,1.5,0,0,3,7,1830,0,1951,0,98118,47.5331,-122.278,1760,5757,270000.0,298294.5
4,3.5,4680,9700,2.0,0,0,3,10,3360,1320,2005,0,98006,47.5703,-122.165,2800,12343,1160000.0,970922.26
3,1.0,1700,7700,1.0,0,0,3,7,1120,580,1960,0,98168,47.5114,-122.318,1700,8800,250000.0,272909.43333333335
2,1.0,1050,2542,1.0,0,0,3,7,880,170,1904,0,98122,47.6172,-122.298,1620,1809,650000.0,460450.88
3,2.0,2080,12094,2.0,0,0,4,8,2080,0,1982,0,98052,47.7035,-122.164,2230,12204,589950.0,477880.15
4,2.5,2610,33206,2.0,0,0,3,10,2610,0,1988,0,98053,47.6662,-122.057,2870,28295,743700.0,713145.7
5,4.25,4830,8050,2.5,0,2,4,11,3710,1120,1914,0,98144,47.5789,-122.286,4470,9194,1925000.0,2044513.9
3,1.75,1120,98445,1.5,0,2,4,7,1120,0,1917,0,98022,47.1853,-122.017,1620,34200,316000.0,314060.46
4,2.0,1330,5926,1.0,0,0,4,5,1330,0,1942,0,98056,47.496,-122.19,1150,5485,235867.0,245554.41666666663
3,2.0,1420,3600,1.5,0,0,4,7,1420,0,1904,0,98119,47.6367,-122.364,1250,3600,716000.0,579570.91
4,2.5,2620,10489,2.0,0,0,3,9,2620,0,1990,0,98052,47.6732,-122.143,2430,7701,683000.0,755838.38
3,2.0,1430,4200,1.0,0,0,4,7,830,600,1908,0,98199,47.6462,-122.384,1540,5000,345000.0,550795.3
3,1.75,1260,7500,1.0,0,0,3,6,840,420,1947,0,98155,47.772,-122.323,1340,7500,270000.0,300617.24
3,1.5,1330,6540,1.0,0,0,3,7,900,430,1971,0,98188,47.4239,-122.292,1400,11500,239000.0,237472.01
1,1.0,710,6000,1.5,0,0,3,6,710,0,2015,0,98144,47.5756,-122.316,1440,4800,385195.0,328799.49
3,1.75,2050,9045,2.0,0,0,4,6,2050,0,1959,0,98058,47.4572,-122.18,1200,9045,273000.0,292312.12333333335
3,1.0,1240,5758,1.5,0,0,4,6,960,280,1910,0,98116,47.5675,-122.396,1460,5750,476900.0,430969.23666666663
4,1.75,2040,6348,1.0,0,0,3,7,1020,1020,1962,0,98103,47.6964,-122.336,1770,5047,551000.0,550167.41
2,1.0,1110,5413,1.0,0,0,3,6,890,220,1937,0,98115,47.6925,-122.32,1300,5413,448000.0,430770.3
3,1.5,1040,10323,1.0,0,0,4,7,1040,0,1958,0,98005,47.5882,-122.155,1580,7200,411100.0,459131.12
2,1.0,910,9869,1.0,0,0,3,6,910,0,1957,0,98058,47.4572,-122.184,1480,9750,223000.0,208997.55
5,3.0,2240,19090,1.0,0,0,4,8,1700,540,1968,0,98058,47.4416,-122.149,2280,20000,335500.0,444886.0
3,3.0,3460,13129,2.0,0,0,3,9,2560,900,1988,0,98077,47.7315,-122.058,3460,12568,730000.0,767030.2666666666
3,1.0,1140,8775,1.0,0,0,3,6,990,150,1942,0,98146,47.4824,-122.336,1300,8775,197200.0,211837.27
6,1.75,2380,4080,2.0,0,0,3,8,2380,0,1917,0,98105,47.6629,-122.325,2030,4080,725000.0,846268.91
3,2.0,2080,11375,1.0,0,0,3,8,2080,0,2002,0,98022,47.214,-121.993,1080,12899,342500.0,304191.33
5,2.0,1750,8220,1.0,0,0,3,7,1750,0,1956,0,98155,47.7694,-122.321,1210,6760,340000.0,395666.45
3,2.0,1410,6030,1.5,0,0,4,7,1410,0,1930,0,98103,47.6994,-122.347,1410,6300,418000.0,492556.9
3,1.75,2160,4000,1.0,0,0,3,7,1080,1080,1953,0,98144,47.5721,-122.309,1260,3200,410000.0,421387.75
5,1.75,2460,16000,1.0,0,0,3,7,1230,1230,1957,0,98023,47.3305,-122.351,1990,16000,240000.0,314809.14
4,3.25,3540,159430,2.0,0,0,3,9,3540,0,2007,0,98014,47.6285,-121.899,1940,392040,800000.0,775990.85
3,3.0,1390,1080,2.0,0,0,3,7,1140,250,2006,0,98118,47.5323,-122.281,1450,1081,275000.0,278360.43333333335
4,2.5,2410,7950,2.0,0,0,3,8,2410,0,1997,0,98034,47.7185,-122.226,1920,7713,617950.0,596092.0
3,1.5,1300,8280,1.0,0,0,5,7,1300,0,1956,0,98028,47.7403,-122.256,1570,8692,396000.0,367254.9
3,2.5,1950,3825,2.0,0,0,3,7,1950,0,2013,0,98042,47.3588,-122.082,1950,3825,309000.0,312459.25
4,1.75,3720,8448,1.0,0,3,4,9,1960,1760,1947,0,98199,47.6425,-122.406,2540,7064,1275000.0,1234003.7
3,2.5,2490,7589,2.0,0,0,3,9,2490,0,1991,0,98056,47.5355,-122.179,2500,10386,572500.0,628156.0
4,3.0,2120,5520,1.5,0,0,3,8,1420,700,1985,0,98125,47.7085,-122.286,2020,8700,518500.0,501668.3
3,2.5,2830,9680,2.0,0,0,3,10,2830,0,1991,0,98074,47.6249,-122.024,2970,8691,710000.0,709171.01
5,3.25,4410,58157,2.0,0,0,4,9,2330,2080,2001,0,98058,47.4395,-122.111,2460,42565,600000.0,752142.98
4,2.5,2220,7210,1.0,0,0,3,7,1270,950,1973,0,98011,47.7428,-122.183,2220,7313,467000.0,414931.5
3,1.0,1280,9656,1.0,0,0,4,6,920,360,1959,0,98058,47.4485,-122.175,1340,8808,309000.0,231807.91333333333
3,3.5,1710,2212,2.0,0,0,3,7,1400,310,2013,0,98126,47.5459,-122.368,1580,2212,362500.0,353897.4
4,1.75,2330,8364,1.0,0,0,4,8,2330,0,1968,0,98058,47.4568,-122.146,2180,9630,390000.0,366797.86
2,1.0,840,4200,1.0,0,0,3,5,840,0,1938,0,98108,47.5292,-122.316,830,5000,208417.0,204817.0
3,1.0,3180,27586,1.0,0,0,3,8,1400,1780,1969,0,98022,47.1986,-121.967,2180,27586,340000.0,396704.49
3,1.75,2260,8512,1.0,0,0,3,7,1130,1130,1948,0,98125,47.7129,-122.304,2240,8040,467500.0,508696.84
4,2.75,2970,59677,1.0,0,2,4,8,1610,1360,1973,0,98075,47.5953,-122.08,2930,42489,829000.0,878918.13
4,3.0,3060,50002,1.0,0,2,4,8,2460,600,1957,0,98008,47.6205,-122.096,2740,16181,959750.0,905092.25
3,2.5,1990,15985,1.0,0,0,3,8,1540,450,1964,0,98007,47.6205,-122.141,2470,10125,542000.0,568874.5
3,2.5,3420,8700,1.0,0,0,3,9,2890,530,1951,0,98112,47.6352,-122.29,3370,8700,2250000.0,1820814.6
5,2.5,2990,7500,1.0,0,2,3,9,1800,1190,1972,0,98177,47.7707,-122.369,2800,9860,575000.0,793410.38
3,1.75,2330,16300,2.0,0,0,3,9,2330,0,1964,0,98034,47.7037,-122.24,2330,16300,690000.0,854737.24
3,3.25,2230,5460,1.0,0,1,4,8,1430,800,1977,0,98136,47.53,-122.388,2070,5600,699950.0,592034.6
4,2.5,2720,7043,2.0,0,0,3,9,2720,0,2003,0,98092,47.3315,-122.169,2640,6958,408500.0,379455.85
4,3.0,3680,35736,1.5,0,0,4,8,2320,1360,1970,0,98027,47.4703,-122.015,3210,39512,595000.0,615193.41
3,1.75,1320,6205,1.0,0,0,5,7,1320,0,1948,0,98133,47.7412,-122.343,1210,6205,313000.0,343712.34
4,2.5,2590,8571,2.0,0,0,3,9,2590,0,1988,0,98052,47.691,-122.105,2360,8155,781000.0,706181.7
4,1.75,1610,11305,1.0,0,0,3,7,1610,0,1968,0,98034,47.727,-122.176,1870,11850,371000.0,419424.25
3,2.0,1610,8416,1.0,0,0,3,7,1610,0,1994,0,98031,47.397,-122.187,1600,8308,268000.0,258906.52
2,2.25,1240,720,2.0,0,0,3,7,1150,90,2008,0,98027,47.5322,-122.072,1260,810,331000.0,329913.25008333335
3,2.25,1347,1292,3.0,0,0,3,7,1347,0,2010,0,98125,47.7306,-122.291,1480,1865,321000.0,332455.5
3,1.75,1330,9417,1.0,0,0,5,6,710,620,1936,0,98125,47.7231,-122.301,1690,7937,375000.0,359044.52
2,1.0,850,5000,1.0,0,0,3,5,850,0,1907,0,98055,47.4874,-122.207,910,4815,298000.0,220116.08
3,1.5,970,5488,1.0,0,0,3,7,970,0,1976,0,98106,47.5366,-122.359,1040,5488,209500.0,268530.76
3,2.5,2160,3738,2.0,0,0,3,8,2160,0,1994,0,98126,47.5661,-122.375,1500,4000,440000.0,599570.3
4,2.5,2560,5428,2.0,0,0,3,8,2560,0,2012,0,98042,47.3835,-122.095,2620,5428,350000.0,367773.86
3,2.5,2340,3630,2.0,0,0,3,9,2340,0,1998,0,98122,47.6059,-122.307,1820,5120,618000.0,857615.35
3,1.0,1520,8870,1.5,0,0,4,7,1520,0,1951,0,98155,47.7638,-122.317,1520,7800,320000.0,375447.89
2,2.5,1720,3132,2.0,0,0,3,8,1720,0,1999,0,98042,47.3728,-122.157,1740,4220,234950.0,260430.5
5,2.0,2800,17788,1.0,0,0,4,8,1400,1400,1963,0,98033,47.6719,-122.163,1760,18282,665000.0,693385.99
4,2.0,1530,7816,1.0,0,0,3,7,1530,0,1955,0,98133,47.7309,-122.332,1480,7816,500000.0,390219.7
2,1.5,1750,19709,1.5,0,0,4,8,1440,310,1978,0,98010,47.3351,-122.044,1950,21075,575000.0,335624.95
3,2.0,1110,10500,1.0,0,0,5,7,1110,0,1978,0,98045,47.4456,-121.773,1230,10395,320000.0,262084.46
5,2.5,3400,8970,1.0,0,0,4,8,1700,1700,1959,0,98133,47.7358,-122.335,1890,8475,464000.0,539546.17
4,2.0,1600,6861,1.0,0,0,3,7,1600,0,1994,0,98003,47.2701,-122.313,1870,7455,280000.0,243580.48
3,1.0,940,7811,1.0,0,0,3,6,940,0,1959,0,98008,47.6195,-122.118,1180,7490,350000.0,355778.05
2,1.5,1090,2686,2.0,0,0,3,7,1090,0,1982,0,98034,47.717,-122.19,1160,2158,249000.0,273848.8333333334
2,3.0,1270,1175,2.0,0,0,3,8,1110,160,2000,0,98103,47.6634,-122.34,1290,1800,531000.0,475419.5
3,2.25,1840,8400,1.0,0,0,3,8,1290,550,1961,0,98006,47.5497,-122.172,2110,8400,472800.0,563524.9075
4,1.75,2120,5400,1.0,0,0,4,8,1060,1060,1941,0,98199,47.6501,-122.395,2052,6000,710000.0,690007.86
5,2.75,3550,9600,2.0,0,0,3,7,3550,0,1960,0,98033,47.6766,-122.186,3370,9600,580000.0,962178.92
4,2.5,2980,5674,2.0,0,0,3,8,2980,0,2003,0,98023,47.277,-122.347,2610,5495,330000.0,361422.36
2,1.0,730,6000,1.0,0,0,3,6,730,0,1950,1985,98198,47.3832,-122.3,1750,7200,174950.0,156122.31666666668
3,3.0,2110,4000,1.0,0,2,4,7,1110,1000,1965,0,98126,47.5696,-122.375,1730,4000,565000.0,519678.77
5,2.0,2280,3600,2.0,0,0,3,7,2280,0,1992,0,98122,47.6056,-122.305,1740,1800,534000.0,600889.29
3,2.5,1810,1750,2.0,0,0,3,7,1350,460,1997,0,98199,47.6513,-122.386,1640,1563,503500.0,518437.79
3,1.75,1420,7920,1.0,0,0,4,7,1420,0,1962,0,98092,47.2931,-122.188,1420,7920,235000.0,216952.57
4,2.5,3220,5120,2.0,0,0,3,9,2420,800,2000,0,98118,47.5434,-122.27,1770,7680,558000.0,833047.56
5,4.5,3810,8019,2.0,0,0,3,10,3810,0,2008,0,98074,47.5915,-122.058,3390,7713,966000.0,920099.15
6,2.75,2630,9420,2.0,0,0,5,9,2510,120,1900,0,98103,47.6695,-122.337,1540,4969,1297000.0,905567.88
3,1.5,1060,6954,1.0,0,0,4,6,1060,0,1983,0,98106,47.5497,-122.355,1560,6372,310000.0,329094.14
2,1.0,1520,3360,1.0,0,0,4,7,830,690,1927,0,98117,47.6815,-122.382,1470,3774,535000.0,522939.43
4,1.75,1970,5160,1.5,0,0,3,7,1970,0,1942,0,98126,47.534,-122.373,1230,4920,432000.0,416726.0
6,4.25,5860,13928,2.0,0,3,3,10,4150,1710,2013,0,98006,47.5382,-122.114,5790,13928,1750000.0,1503490.4
4,3.0,2400,3340,1.0,0,0,4,7,1200,1200,1964,0,98107,47.6646,-122.365,1520,3758,675000.0,633811.0
4,2.0,1590,8779,1.0,0,0,3,8,1590,0,2001,0,98019,47.7408,-121.974,2090,9600,337000.0,407771.41
3,1.0,1410,5000,1.0,0,0,3,6,980,430,1925,0,98116,47.5769,-122.397,1410,5000,410000.0,471973.98
4,2.5,2130,9653,1.0,0,0,3,7,1500,630,1978,0,98031,47.4068,-122.175,2000,7988,320000.0,302927.7
4,2.5,2370,15200,1.0,0,0,3,8,1660,710,1975,0,98052,47.6295,-122.089,2360,13879,585000.0,607298.07
5,4.0,3600,14720,1.0,0,2,5,8,1800,1800,1960,0,98034,47.7022,-122.227,3600,15358,835000.0,1368606.3
4,2.5,4120,22370,2.0,0,0,3,10,4120,0,1997,0,98074,47.6239,-122.023,3180,7257,863000.0,959958.99
3,1.0,1190,4120,1.0,0,0,3,6,1190,0,1929,0,98118,47.5513,-122.272,1360,4635,320000.0,335341.44
3,3.25,2440,2812,2.0,0,0,3,8,1710,730,2005,0,98027,47.5362,-122.072,2440,2836,613000.0,598359.9
5,1.0,1460,11726,1.5,0,0,3,6,1290,170,1936,0,98146,47.5039,-122.361,1460,10450,180000.0,333513.0
4,2.25,2550,7800,1.0,0,0,3,8,1580,970,1968,0,98052,47.6283,-122.095,2420,8050,560000.0,608937.4
4,4.5,4060,10800,2.0,0,0,3,10,4060,0,2007,0,98188,47.4241,-122.29,1830,9768,530000.0,760669.09
3,2.5,1680,4308,2.0,0,0,3,7,1680,0,2004,0,98056,47.4802,-122.179,2160,4182,347000.0,320975.06
5,2.25,2320,6375,1.0,0,0,4,7,1270,1050,1967,0,98001,47.3351,-122.282,1760,7600,260000.0,271855.5
4,2.5,2200,9099,2.0,0,0,3,8,2200,0,1994,0,98034,47.733,-122.225,2270,8900,585000.0,500948.81
3,2.5,2230,5800,2.0,0,0,3,7,2230,0,2004,0,98065,47.5308,-121.847,2230,6088,440000.0,432350.0
4,1.5,1590,131551,1.0,0,3,4,7,1590,0,1966,0,98022,47.2558,-122.024,2280,108028,305000.0,392104.22
3,1.75,1740,4400,1.5,0,0,3,8,1740,0,1903,0,98122,47.6115,-122.292,1740,4400,650500.0,730782.5
3,3.25,1290,1230,2.0,0,2,3,9,1090,200,2008,0,98119,47.6367,-122.37,1710,1797,590000.0,610948.15
3,1.75,1670,24650,1.0,0,0,4,7,1670,0,1974,0,98022,47.1764,-122.026,1810,19465,245000.0,280656.53
3,2.75,3360,41250,1.0,0,0,4,7,1820,1540,1988,0,98022,47.2604,-122.023,2580,98881,329999.0,424815.12
3,2.5,2620,4874,2.0,0,0,3,7,2620,0,1999,0,98065,47.5328,-121.879,2360,4231,470000.0,496197.96
7,3.0,5350,14400,2.5,0,0,4,10,5020,330,1910,0,98112,47.6295,-122.285,3050,7469,2885000.0,2284908.8
3,1.75,1460,2800,2.0,0,0,3,7,1460,0,1928,0,98117,47.6779,-122.371,1220,4062,580000.0,540052.2
3,1.75,1490,9800,1.0,0,0,4,7,1140,350,1947,0,98004,47.584,-122.198,2310,9800,745000.0,723837.5
4,2.25,1780,10416,1.0,0,0,5,7,1060,720,1963,0,98055,47.4414,-122.189,1780,9975,350000.0,276321.115
4,1.75,1730,7980,1.0,0,0,4,8,1730,0,1965,0,98007,47.6219,-122.138,2080,8400,515000.0,555107.0
4,2.0,2000,8317,1.5,0,0,4,8,2000,0,1917,0,98126,47.5394,-122.379,1390,6001,756100.0,552787.3
3,2.0,1750,15500,1.0,0,0,3,7,1490,260,1982,0,98075,47.5887,-122.065,2450,50094,472500.0,534968.4666666667
6,2.75,2300,24773,1.5,0,0,4,9,2300,0,1950,1985,98040,47.5833,-122.242,2720,11740,900000.0,1094983.38
4,2.75,2640,4000,2.0,0,0,5,8,1730,910,1925,0,98115,47.6727,-122.297,1530,3740,895000.0,849732.6
3,2.5,2555,5720,2.0,0,0,3,8,2555,0,2006,0,98031,47.386,-122.184,2844,5769,255000.0,353892.06
4,2.5,2320,10079,2.0,0,0,3,7,2320,0,1994,0,98038,47.3828,-122.026,2010,7438,380000.0,338336.65
3,2.5,1660,5250,2.0,0,0,4,8,1660,0,1988,0,98003,47.3541,-122.3,1630,5505,265000.0,258614.25
3,1.5,1940,4000,1.5,0,0,3,8,1310,630,1915,0,98112,47.6205,-122.291,1940,4000,728000.0,706686.5
3,1.0,1050,7577,1.0,0,0,3,7,1050,0,1983,0,98023,47.2891,-122.357,1430,7245,194000.0,198749.0
3,1.0,1220,13000,1.0,0,0,4,7,1220,0,1955,0,98133,47.7608,-122.353,1510,12600,300000.0,336414.23
3,3.5,1540,1427,2.0,0,0,3,7,1360,180,2007,0,98109,47.542,-122.322,1220,4000,216650.0,287320.1333333333
2,2.25,1061,2884,2.0,0,0,3,7,1061,0,2013,0,98002,47.346,-122.218,1481,2887,223990.0,196329.61
4,1.0,1200,6000,1.5,0,0,3,6,1200,0,1923,0,98106,47.5307,-122.352,950,4000,220000.0,292287.0
3,3.25,5020,12431,2.0,1,4,3,10,3420,1600,1941,2002,98144,47.5925,-122.287,3680,12620,3600000.0,2543076.0
3,1.0,1330,3740,1.5,0,0,3,6,1330,0,1903,0,98118,47.5502,-122.274,1330,5053,310000.0,380949.58
2,1.75,1230,1107,2.0,0,0,3,8,1230,0,2006,0,98029,47.5475,-121.999,1380,1107,360000.0,354629.2
2,2.5,1390,1132,2.0,0,0,3,8,1130,260,2006,0,98102,47.6228,-122.319,1400,1237,635000.0,532808.61
4,3.5,2500,3080,2.0,0,0,3,8,1810,690,2008,0,98052,47.6749,-122.14,2060,3295,599950.0,680371.4
3,1.0,1180,5002,1.5,0,0,3,7,1180,0,1946,0,98155,47.7529,-122.324,1470,8410,220000.0,312778.34
4,2.5,2070,8658,2.0,0,0,3,8,2070,0,1999,0,98178,47.5072,-122.257,2010,7215,372000.0,391906.0
3,1.5,1190,11996,1.0,0,0,4,7,1190,0,1969,0,98077,47.7561,-122.071,1190,9756,332900.0,319814.69
3,2.5,2280,10255,2.0,0,0,4,8,2280,0,1985,0,98058,47.4334,-122.161,2310,10094,380000.0,400301.62
4,1.75,1450,3750,1.0,0,0,4,7,950,500,1925,0,98105,47.6706,-122.3,1850,4000,471000.0,557803.38
4,2.75,2850,3000,2.5,0,0,3,9,2530,320,2003,0,98112,47.6406,-122.304,2083,4500,1185000.0,1121626.88
4,3.5,3040,8414,2.0,0,0,3,9,2420,620,2010,0,98059,47.5222,-122.157,3470,8066,684000.0,662307.47
3,2.25,2250,5301,2.0,0,0,4,8,1510,740,1975,0,98115,47.6741,-122.271,2240,7200,750000.0,713160.14
2,1.5,1670,6000,1.0,0,0,3,7,1090,580,1950,0,98119,47.6517,-122.374,1670,6000,612125.0,575527.65
3,1.75,2290,19000,1.0,0,0,4,9,1650,640,1973,0,98042,47.3837,-122.158,2900,13034,455500.0,416178.0
4,2.0,1750,5202,1.0,0,1,4,6,1070,680,1942,0,98108,47.5677,-122.317,2090,5400,330000.0,514092.1485714286
3,2.5,3240,60840,2.0,0,0,3,7,3240,0,1997,0,98045,47.5192,-121.764,2570,204732,654000.0,528071.97
4,2.75,1970,7213,1.0,0,0,3,8,1170,800,1977,0,98058,47.4424,-122.126,1980,7045,323000.0,327761.5
3,3.25,1480,983,2.0,0,0,3,8,1180,300,2013,0,98106,47.5555,-122.363,1330,1062,315000.0,316111.54
4,2.75,1940,6555,2.0,0,0,3,8,1940,0,1990,0,98038,47.3701,-122.041,1840,6912,392000.0,331739.47
4,2.5,2830,20345,2.0,0,0,3,10,1980,850,1979,0,98004,47.6462,-122.191,2830,13732,782000.0,1099095.8
4,2.5,1890,5954,2.0,0,0,3,7,1890,0,2004,0,98092,47.3293,-122.194,2030,5880,298500.0,280012.88
6,4.75,5480,19401,1.5,1,4,5,11,3910,1570,1936,0,98105,47.6515,-122.277,3510,15810,3650000.0,2719120.0
3,2.5,2185,6042,2.0,0,0,3,9,2185,0,2009,0,98030,47.3573,-122.202,2297,5876,374000.0,366769.95
3,2.25,1950,3600,1.5,0,0,5,8,1430,520,1911,0,98119,47.637,-122.363,1950,3600,850000.0,749781.85
4,2.5,3210,24527,1.5,0,0,3,11,3210,0,1984,0,98074,47.6399,-122.052,3280,24527,785000.0,838567.3333333335
4,2.25,2500,10062,1.0,0,0,3,8,1600,900,1975,0,98052,47.639,-122.1,2500,9750,615000.0,640362.8
3,2.75,3230,5200,2.0,0,0,3,9,2680,550,2014,0,98065,47.519,-121.878,3100,4900,599832.0,614949.55
3,3.0,4020,435600,1.5,0,2,3,10,4020,0,1999,0,98045,47.4418,-121.731,2590,283140,1075000.0,914108.49
3,1.75,1490,6269,1.0,0,0,4,6,990,500,1944,0,98056,47.4917,-122.188,1490,7722,226000.0,251877.2
4,3.0,2793,5703,2.0,0,0,3,9,2793,0,2009,0,98030,47.3682,-122.178,2793,5704,421500.0,427371.7
5,2.75,2400,15781,1.0,0,0,4,7,1200,1200,1974,0,98074,47.622,-122.059,2390,7500,406550.0,562748.3133333334
3,2.5,1530,1131,3.0,0,0,3,8,1530,0,2009,0,98103,47.6993,-122.346,1530,1509,360000.0,402346.65
2,1.75,1340,1368,2.0,0,0,3,7,1060,280,2006,0,98122,47.618,-122.311,2480,1707,520000.0,573485.0
2,1.0,1140,5250,1.5,0,0,4,6,1140,0,1949,0,98133,47.731,-122.341,1450,5250,329950.0,346901.96
4,2.0,2250,7500,1.0,0,0,5,7,1200,1050,1956,0,98005,47.5877,-122.157,1440,7500,550000.0,625097.7033333334
4,2.25,2060,8540,1.0,0,0,4,7,1540,520,1967,0,98034,47.734,-122.19,1560,7700,425000.0,440891.0
5,4.5,6085,142725,3.0,0,0,3,11,6085,0,2000,0,98014,47.6085,-121.952,4830,128457,1610000.0,1593642.0
3,1.0,1240,9198,1.5,0,0,4,7,1240,0,1959,0,98032,47.37,-122.297,1170,8970,185000.0,199207.89
3,2.5,2340,8414,1.0,0,0,3,7,1280,1060,1993,0,98188,47.4685,-122.265,2340,7268,345000.0,338339.5
3,3.5,1700,2197,2.0,0,0,3,8,1260,440,2010,0,98116,47.5767,-122.41,1360,1418,585000.0,577363.49
3,2.25,2450,49658,1.0,0,0,3,7,1770,680,1978,0,98045,47.486,-121.726,1340,121097,325000.0,412735.3
3,1.0,1460,10200,1.0,0,0,4,7,1460,0,1957,0,98055,47.4238,-122.197,1460,8500,220000.0,255158.18
3,1.0,1640,4000,1.5,0,0,5,7,1640,0,1909,0,98103,47.6563,-122.351,2140,4000,716100.0,708814.5
4,2.25,1870,4198,2.0,0,0,3,7,1870,0,2008,0,98038,47.3657,-122.021,1870,4184,313999.0,305468.5
3,2.0,1610,4364,2.0,0,0,3,8,1610,0,1996,0,98029,47.5672,-122.004,2010,4364,450000.0,514778.5
2,1.75,1800,7191,1.0,0,3,4,7,990,810,1952,0,98056,47.4828,-122.191,1940,7400,380000.0,356028.1
3,1.5,1680,13751,1.0,0,0,4,7,1680,0,1951,0,98040,47.5716,-122.227,1760,13500,572000.0,568041.57
4,2.5,2060,5607,2.0,0,0,3,7,2060,0,2002,0,98058,47.4365,-122.144,2060,5367,343888.0,344126.9
3,2.25,1850,2575,2.0,0,0,3,9,1850,0,2013,0,98118,47.5525,-122.273,1080,4120,474950.0,633200.95
4,2.25,2200,8292,2.0,0,0,3,7,2200,0,1990,0,98155,47.7456,-122.315,1090,8290,410000.0,406141.0
1,1.0,520,5600,1.0,0,0,3,6,520,0,1918,0,98116,47.5579,-122.395,1030,5265,295000.0,354346.0
3,2.5,1960,7200,1.0,0,0,4,8,980,980,1940,0,98118,47.5655,-122.27,1440,7200,635000.0,510882.3
5,2.5,2570,17234,1.0,0,0,3,7,1300,1270,1959,0,98133,47.7753,-122.355,1760,7969,275000.0,464892.0
2,1.0,1122,9100,1.0,0,0,4,6,1122,0,1960,0,98023,47.328,-122.341,840,9344,185000.0,193374.5466666667
2,1.0,1130,15190,1.0,0,0,4,7,1130,0,1954,0,98032,47.3902,-122.283,1490,16920,239000.0,228852.13333333333
4,2.5,2480,4602,2.0,0,0,3,9,2480,0,2000,0,98052,47.6835,-122.161,3480,5739,840000.0,776363.82
4,2.5,3310,4839,2.0,0,0,3,9,3310,0,2007,0,98072,47.773,-122.161,3240,5280,644000.0,752115.65
2,1.0,970,3300,1.0,0,0,4,7,970,0,1916,0,98103,47.6609,-122.343,1060,3600,515000.0,476321.0
2,1.75,1370,4495,1.0,0,0,4,8,1370,0,1975,0,98198,47.3794,-122.317,1370,4686,276200.0,226583.03
4,1.75,1770,12875,1.0,0,0,3,8,1770,0,1988,0,98028,47.7438,-122.247,2150,12875,400000.0,437819.5
4,3.5,2730,3047,2.0,0,0,3,8,2400,330,2006,0,98116,47.5797,-122.391,1980,4600,769900.0,762298.68
4,2.5,2250,4119,2.0,0,0,3,8,2250,0,2001,0,98075,47.5973,-122.034,2290,3115,585000.0,583924.54
4,1.75,1860,7700,1.0,0,0,4,8,1860,0,1964,0,98008,47.626,-122.112,1860,7700,570000.0,531664.25
3,1.0,920,4800,1.0,0,0,4,6,780,140,1926,0,98117,47.6937,-122.362,1370,4800,490000.0,384411.63
3,2.25,1670,6414,1.0,0,0,4,8,1670,0,1961,0,98117,47.6921,-122.386,2130,7035,587100.0,644896.7266666667
3,2.0,1380,5198,1.0,0,0,4,7,1380,0,1982,0,98106,47.5514,-122.357,1320,6827,329900.0,380993.71
5,3.75,3360,6000,2.0,0,0,3,8,2640,720,1963,1999,98118,47.558,-122.277,1930,6000,725000.0,711166.38
3,2.5,2250,9608,2.0,0,0,3,8,2250,0,1994,0,98045,47.4865,-121.802,2020,9834,445000.0,458721.5
3,2.5,1840,6985,1.0,0,0,3,7,1290,550,1971,0,98133,47.7586,-122.342,2160,7990,380000.0,409851.95
3,2.0,1490,7599,1.0,0,0,3,7,1490,0,1990,0,98042,47.3687,-122.088,1560,7710,255000.0,258739.5
3,1.0,1360,8968,1.0,0,0,3,7,1360,0,1956,0,98125,47.7105,-122.289,1490,7355,355000.0,392079.39
3,1.5,1400,7582,1.0,0,0,3,7,1400,0,1956,0,98148,47.4536,-122.33,1280,7872,285000.0,246929.95
4,1.0,1330,9729,1.0,0,0,3,6,1330,0,1952,0,98004,47.6223,-122.208,2920,10353,1050000.0,839466.0
4,2.5,3240,20301,2.0,0,0,3,10,3240,0,1985,0,98052,47.719,-122.114,3010,23650,749400.0,825590.16
5,3.5,3620,7821,2.0,0,2,3,10,2790,830,1958,2010,98040,47.5738,-122.215,2690,9757,1490000.0,1273904.5
5,3.25,3400,7452,2.0,0,0,3,10,3400,0,1999,0,98007,47.6141,-122.136,2650,8749,950000.0,886492.94
3,2.5,1630,8346,1.0,0,0,3,8,1630,0,1990,0,98092,47.2622,-122.219,2110,8619,264500.0,267686.42
3,3.0,2490,3600,2.0,0,3,4,8,1790,700,1911,0,98119,47.6313,-122.369,2490,3600,1385000.0,930002.5
5,2.5,1740,8750,1.0,0,0,4,7,1740,0,1959,0,98198,47.3904,-122.299,1740,8750,199950.0,242745.375
3,2.5,2830,3750,3.0,0,0,3,10,2830,0,2014,0,98117,47.6798,-122.385,1780,5100,969950.0,974535.65
3,2.5,1500,9636,2.0,0,0,3,7,1500,0,1994,0,98011,47.75,-122.176,1700,9656,405000.0,369047.0
4,2.75,2060,6659,1.0,0,0,3,7,1280,780,1981,0,98058,47.4276,-122.157,2020,8720,322500.0,321221.9
4,1.75,1820,6000,1.0,0,0,3,7,930,890,1942,0,98115,47.6872,-122.296,1590,6000,425000.0,561343.55
3,1.5,1060,6954,1.0,0,0,4,6,1060,0,1983,0,98106,47.5498,-122.355,1560,6954,275000.0,329754.14
2,1.5,720,5120,1.0,0,0,3,6,720,0,1954,0,98106,47.5218,-122.357,1150,2566,181000.0,206961.5
3,2.5,1700,9100,1.0,0,0,3,8,1160,540,1998,0,98126,47.5369,-122.378,1590,8374,475000.0,448525.0
4,2.5,2643,5750,2.0,0,0,3,8,2643,0,2012,0,98030,47.3519,-122.173,2406,5772,376950.0,371217.26
4,3.0,2890,6885,1.0,0,0,3,7,1590,1300,1945,2015,98115,47.6763,-122.282,2180,6885,476000.0,817206.04
2,1.0,820,4200,1.0,0,0,3,7,820,0,1980,0,98112,47.6249,-122.298,1290,4000,480000.0,415140.94
3,2.0,1760,9900,1.0,0,0,4,7,1760,0,1943,0,98166,47.4783,-122.338,1190,9900,229000.0,268524.56666666665
2,1.0,930,6600,1.0,0,0,3,6,930,0,1957,0,98168,47.4868,-122.33,1250,6600,226950.0,195003.5
4,2.75,2550,7591,2.0,0,0,3,9,2550,0,1989,0,98059,47.5302,-122.147,2670,7796,669888.0,616562.09
3,1.0,1060,4880,1.0,0,0,2,6,910,150,1913,0,98118,47.5545,-122.288,1200,4880,555750.0,305372.52
4,2.25,2100,8075,2.0,0,0,3,8,2100,0,1978,0,98003,47.3251,-122.329,2100,7464,280000.0,288666.32
2,1.0,1010,7338,2.0,0,0,4,7,1010,0,1981,0,98056,47.5123,-122.19,1220,7719,315000.0,302467.3
3,1.5,1360,11250,1.0,0,0,4,7,1360,0,1955,0,98006,47.5697,-122.177,1440,11250,499950.0,466743.5
3,2.5,1820,16300,1.0,0,0,4,7,1220,600,1955,0,98166,47.4582,-122.365,1870,16300,453000.0,365405.9
3,2.5,2060,10650,1.0,0,0,5,8,1050,1010,1976,0,98006,47.5627,-122.137,2690,8850,700000.0,637004.75
3,2.5,1890,7053,2.0,0,0,4,8,1890,0,1992,0,98031,47.3967,-122.183,2000,7226,347500.0,310901.8
4,3.25,4690,14930,2.0,0,2,3,10,3680,1010,1995,0,98155,47.7718,-122.283,2910,13320,600000.0,1197711.4
2,1.0,780,3475,1.0,0,0,4,5,780,0,1930,0,98045,47.4944,-121.789,1210,6769,286000.0,236409.34
4,3.5,4560,16643,1.0,0,3,3,12,2230,2330,1995,0,98006,47.5521,-122.115,4060,15177,1212500.0,1401010.0
3,2.5,1740,1236,3.0,0,2,3,8,1740,0,2008,0,98116,47.5891,-122.387,1740,1280,580000.0,571540.0
3,1.75,1710,8767,1.0,0,0,4,8,1710,0,1986,0,98033,47.6945,-122.188,2050,9200,630000.0,593012.15
6,2.25,2660,13579,2.0,0,0,3,7,2660,0,1937,1990,98125,47.7142,-122.286,1120,8242,730000.0,487338.33333333326
3,2.5,3350,7752,1.0,0,0,3,9,2180,1170,2009,0,98008,47.6263,-122.099,2570,7988,1300000.0,867227.42
3,2.5,3300,11570,2.0,0,0,3,9,3300,0,1994,0,98006,47.5599,-122.121,3280,11446,850000.0,907566.83
3,1.75,1660,6250,1.0,0,0,3,7,830,830,1980,0,98116,47.5859,-122.385,1660,5750,410000.0,556417.0
2,2.25,1550,2285,2.0,0,0,3,8,1550,0,2007,0,98106,47.5398,-122.369,1550,2135,325000.0,336147.0
4,2.25,1770,8505,2.0,0,0,3,8,1770,0,1986,0,98052,47.6904,-122.102,1880,8939,596500.0,539917.7
3,2.25,1670,4800,1.5,0,3,3,8,1670,0,1903,0,98119,47.6356,-122.367,2300,4800,1020000.0,921070.09
2,0.75,900,9600,1.0,0,0,3,6,900,0,1941,0,98166,47.4604,-122.339,1250,14280,180250.0,210677.50333333336
3,2.75,2160,4086,1.0,0,0,3,7,1380,780,1987,0,98126,47.5352,-122.38,1300,4080,528000.0,487550.7
2,2.75,1350,1252,2.0,0,0,3,8,1120,230,2006,0,98136,47.522,-122.39,1410,1265,405500.0,375884.98
4,3.25,3480,6000,3.0,0,0,3,8,3480,0,2014,0,98109,47.6353,-122.353,2200,4080,1850000.0,1060627.88
3,1.75,1340,8250,1.0,0,0,3,7,1100,240,1985,0,98042,47.3668,-122.09,1540,7860,230000.0,244553.46
3,3.0,3740,39640,2.0,0,2,3,10,3740,0,1991,0,98070,47.4036,-122.462,2930,26136,789000.0,685283.0
4,1.75,1760,3600,1.0,0,0,5,7,880,880,1926,0,98103,47.6889,-122.33,1500,5580,527950.0,592776.95
3,3.0,3450,16200,2.0,0,0,3,10,3450,0,1983,0,98074,47.6319,-122.041,3130,12150,688000.0,795029.27
2,1.5,2370,184231,2.0,0,0,3,11,2370,0,2005,0,98045,47.4543,-121.778,3860,151081,1057000.0,665755.64
3,2.5,2100,4097,2.0,0,0,3,9,2100,0,2008,0,98004,47.5983,-122.2,1780,4764,999999.0,961739.58
4,2.5,2390,6775,2.0,0,0,3,7,2390,0,2003,0,98056,47.4811,-122.182,2560,6346,355000.0,377772.0
4,2.5,2770,7800,2.0,0,0,3,10,2770,0,1999,0,98033,47.684,-122.205,2720,10000,1197350.0,1143445.0
3,2.0,1470,20000,1.0,0,0,4,7,1470,0,1968,0,98002,47.2973,-122.08,1390,30056,254600.0,268582.41
4,2.0,2000,5000,1.5,0,0,5,7,2000,0,1925,0,98144,47.5787,-122.293,2200,5000,630000.0,701884.8533333334
3,3.0,2980,3730,2.0,0,0,3,9,2980,0,2005,0,98029,47.5533,-121.995,2710,3640,670000.0,749551.04
2,1.0,1240,5500,1.5,0,0,3,6,1240,0,1921,0,98118,47.5257,-122.263,1520,5500,319950.0,259429.54
4,3.0,2360,6678,1.0,0,0,3,8,1760,600,1949,0,98115,47.6919,-122.313,1640,6380,550000.0,654915.97
1,1.5,1180,1688,2.0,0,0,3,8,1070,110,2007,0,98126,47.549,-122.372,1380,2059,250000.0,257587.97
6,4.25,6900,244716,2.0,0,0,4,9,4820,2080,2002,0,98077,47.7506,-122.012,4170,266587,1135000.0,1378022.44
3,1.0,1210,7440,1.0,0,0,3,7,1210,0,1949,0,98155,47.7402,-122.323,1120,7440,324950.0,321289.87
3,1.0,960,3600,1.0,0,0,4,7,960,0,1906,0,98117,47.6758,-122.369,1580,5000,477000.0,480068.48
4,2.75,3110,49765,1.0,0,0,4,8,3110,0,1958,1972,98010,47.3343,-122.044,1880,19709,531500.0,467586.5
6,2.5,3610,12033,2.0,0,0,3,8,3210,400,1970,0,98011,47.7692,-122.219,2210,8577,610000.0,557758.39
3,1.75,1810,7950,1.0,0,0,4,7,1810,0,1968,0,98008,47.6236,-122.117,1680,7725,443000.0,522452.1
3,1.75,2160,5863,1.5,0,0,4,7,1260,900,1928,0,98144,47.5729,-122.315,1590,3000,385000.0,472766.08
2,1.0,1210,7040,1.0,0,0,3,7,1210,0,1952,0,98155,47.745,-122.297,1210,7205,320000.0,316358.99
3,2.0,1210,6634,1.0,0,0,4,7,1210,0,1985,0,98031,47.4097,-122.193,1560,7200,237000.0,247127.51
4,2.5,2260,13600,1.0,0,0,4,8,1770,490,1974,0,98040,47.5436,-122.233,2630,13995,865000.0,802876.03
4,1.75,1480,9523,1.0,0,0,3,7,1120,360,1959,0,98030,47.3732,-122.217,1590,8300,239900.0,243186.2
2,1.5,1190,1361,2.0,0,0,3,8,1190,0,2007,0,98122,47.6161,-122.302,1280,3360,555000.0,447014.5
4,2.5,2650,9065,2.0,0,0,3,7,2650,0,2000,0,98019,47.7258,-121.959,2590,13218,435000.0,487580.5
3,1.75,1820,3140,2.0,0,0,5,8,1820,0,1949,1990,98136,47.5271,-122.384,2030,5499,582000.0,585253.19
2,1.75,2130,6574,1.0,0,0,3,8,1500,630,1946,0,98199,47.6529,-122.411,2130,6275,450000.0,771255.7
4,1.5,1700,8400,1.0,0,0,3,7,1700,0,1953,0,98177,47.7677,-122.359,1750,8475,502000.0,391033.33
3,2.25,1470,1703,2.0,0,0,3,8,1470,0,2005,0,98029,47.5478,-121.999,1380,1107,430000.0,449283.02
4,2.5,1850,5880,2.0,0,0,3,8,1850,0,1998,0,98092,47.3322,-122.173,2370,6500,277000.0,295830.59
3,1.0,1220,8040,1.5,0,0,3,7,1220,0,1965,0,98125,47.7133,-122.308,1360,8040,467000.0,355976.49
4,2.25,2240,8376,1.0,0,0,3,8,1740,500,1984,0,98074,47.6323,-122.029,1890,7875,530000.0,560089.7133333333
3,1.75,1720,12540,1.0,0,0,4,7,1720,0,1956,0,98006,47.5699,-122.177,1440,11850,490000.0,513145.42
2,2.5,1320,1157,2.0,0,0,3,8,990,330,2014,0,98107,47.6689,-122.363,1550,1519,499950.0,509700.0
3,1.75,1600,20873,1.0,0,0,3,8,1600,0,1955,0,98006,47.5632,-122.182,2640,18364,515000.0,581623.0
3,1.75,2630,6500,1.0,0,0,3,7,1330,1300,1958,0,98055,47.4878,-122.221,2520,6500,280000.0,388390.2
4,2.25,2470,7350,1.0,0,0,3,7,1600,870,1978,0,98052,47.6936,-122.128,1970,7700,618000.0,582697.9333333332
3,1.0,960,3960,1.0,0,0,3,7,960,0,1943,0,98199,47.6465,-122.404,1550,6050,405000.0,519273.9
5,3.75,3090,4943,2.0,0,0,3,10,3090,0,2010,0,98058,47.4594,-122.133,3191,5561,551000.0,527422.0
3,1.0,1100,8138,1.0,0,0,3,7,1100,0,1949,0,98155,47.7393,-122.325,1440,8131,241450.0,332303.47
3,2.5,1720,6271,2.0,0,0,3,7,1720,0,1993,0,98038,47.3898,-122.049,1570,6587,265000.0,266347.86333333334
4,3.25,3920,881654,3.0,0,3,3,11,3920,0,2002,0,98024,47.5385,-121.896,2970,112384,1650000.0,1316093.55
5,2.5,2900,9525,2.0,0,0,3,9,2900,0,1989,0,98006,47.5442,-122.138,2910,11854,720000.0,844542.34
3,1.0,1410,9384,1.0,0,0,3,7,1410,0,1948,0,98133,47.7161,-122.33,1990,9384,450500.0,396257.5
4,2.25,1920,11603,2.0,0,0,4,7,1920,0,1967,0,98058,47.4315,-122.169,1840,7350,325000.0,293770.485
3,2.75,1890,3938,2.0,0,0,3,8,1890,0,1999,0,98065,47.5336,-121.867,1890,4142,475000.0,400719.16
5,2.75,2580,9242,2.0,0,2,4,8,1720,860,1967,0,98007,47.5943,-122.133,2240,9316,713000.0,748501.72
4,2.25,1550,7579,2.0,0,0,3,8,1550,0,1993,0,98038,47.354,-122.047,1630,6397,320000.0,271244.0
4,1.5,1820,12327,1.0,0,0,4,7,1380,440,1955,0,98006,47.5767,-122.144,1450,9256,365000.0,489479.88
3,1.5,1520,4288,1.0,0,0,3,7,1020,500,1949,0,98136,47.5284,-122.387,1660,4288,380000.0,450802.86
4,2.5,3230,5899,2.0,0,0,3,8,3230,0,2012,0,98065,47.515,-121.869,2720,5899,569950.0,570578.2
5,2.0,2330,6783,1.0,0,0,3,7,1310,1020,1956,0,98115,47.6955,-122.295,1930,6783,630000.0,632018.02
2,1.75,1640,4176,1.0,0,0,4,7,1040,600,1948,0,98118,47.5162,-122.26,1460,5200,349950.0,300007.17
4,2.5,2400,4848,2.0,0,0,3,8,2400,0,2004,0,98038,47.3626,-122.04,1980,5199,344000.0,372902.25
3,2.25,1620,12309,2.0,0,0,3,7,1620,0,1987,0,98074,47.6188,-122.029,2030,13963,473000.0,487212.0
3,2.5,1780,1754,3.0,0,0,3,8,1780,0,2007,0,98126,47.548,-122.373,1780,1607,365000.0,397495.77
4,3.25,1980,9988,1.0,0,0,3,8,1340,640,1980,0,98052,47.6883,-122.111,1980,8972,510000.0,550016.8
3,1.5,1950,1963,3.0,0,0,3,8,1950,0,2002,0,98117,47.6904,-122.397,1590,2028,530000.0,571097.46
3,1.5,910,5120,1.0,0,0,3,6,910,0,1973,0,98106,47.5238,-122.356,1410,5132,107000.0,232457.5
2,1.0,1480,6210,1.0,0,0,3,7,1080,400,1950,0,98133,47.774,-122.351,1290,7509,331000.0,340204.51
3,2.5,2390,1984,2.0,0,0,3,8,2220,170,2008,0,98027,47.5405,-122.027,2150,1984,629800.0,641015.14
2,1.75,1560,4500,1.0,0,0,3,8,1560,0,2004,0,98053,47.7128,-122.032,1860,4500,579000.0,514030.1
4,3.25,2790,5420,1.0,0,3,3,9,1130,1660,1963,2013,98177,47.7698,-122.386,2530,7200,970000.0,929747.3
4,2.5,2170,7533,2.0,0,0,3,8,2170,0,1991,0,98059,47.5057,-122.149,2170,8728,460500.0,410706.99
3,2.75,1750,9166,1.0,0,0,4,7,1170,580,1979,0,98155,47.7696,-122.325,1810,8760,370000.0,392554.3966666667
3,2.0,2064,46173,2.0,0,0,5,7,2064,0,1903,0,98070,47.4469,-122.455,1640,21780,567035.0,499655.23
3,1.75,1460,7226,1.0,0,0,3,7,1460,0,1993,0,98198,47.3839,-122.321,1760,7226,220000.0,267449.6
3,2.0,2420,17859,1.0,0,1,5,9,1500,920,1979,0,98034,47.7074,-122.246,2955,17859,795000.0,744060.58
3,1.0,1410,9704,1.0,0,0,3,8,1140,270,1983,0,98074,47.6203,-122.036,1910,13639,400000.0,419911.45
3,2.5,2560,16420,2.0,0,0,4,8,2560,0,1989,0,98014,47.6916,-121.916,2120,16298,470950.0,568659.32
2,1.0,890,4804,1.0,0,0,4,7,890,0,1928,0,98133,47.7027,-122.346,1010,3844,220000.0,336442.13
4,2.5,2600,7200,2.0,0,0,3,7,2600,0,1962,2002,98115,47.6944,-122.274,1790,6175,691500.0,655097.41
2,2.0,1550,2400,1.5,0,0,4,7,1550,0,1900,0,98103,47.654,-122.346,1180,1224,526000.0,548874.44
3,1.75,1700,8481,2.0,0,0,3,7,1700,0,1993,0,98003,47.2623,-122.305,1830,6600,300000.0,255268.19
3,1.75,1930,5400,2.0,0,2,3,9,1930,0,1978,0,98177,47.77,-122.391,2100,6840,605000.0,647540.46
3,2.5,2530,623779,1.0,0,0,4,8,2530,0,1980,0,98038,47.4188,-121.949,2120,100623,700000.0,557085.56
3,1.0,1880,5450,1.5,0,0,4,8,1880,0,1924,0,98112,47.6453,-122.302,2580,5450,1000000.0,875566.41
3,2.0,1370,7200,1.0,0,0,3,7,1130,240,1926,1955,98125,47.7329,-122.308,1300,7208,377500.0,349755.74
5,1.75,2110,5000,1.5,0,0,4,7,1250,860,1946,0,98115,47.6745,-122.287,1720,5000,674000.0,649212.6
4,4.75,3700,11000,1.0,0,0,4,7,1840,1860,1962,0,98028,47.768,-122.251,1720,11564,599000.0,539469.96
4,2.5,2700,37431,1.0,0,0,4,8,1600,1100,1978,0,98072,47.7258,-122.117,2290,37431,680000.0,565767.5
3,2.25,1670,7416,1.0,0,0,4,7,1220,450,1974,0,98005,47.6028,-122.172,1710,7416,580000.0,576514.745
3,3.0,1490,2944,2.0,0,0,3,7,960,530,1993,0,98199,47.6506,-122.384,1590,1600,390000.0,495654.36
3,2.0,1130,7200,1.0,0,0,4,6,1130,0,1944,0,98166,47.4779,-122.342,1270,7500,262500.0,244700.2
4,2.25,2620,17366,1.0,0,3,3,9,1430,1190,1984,0,98075,47.584,-122.077,2620,15335,765000.0,724609.38
2,1.0,1370,8400,1.0,0,0,3,7,1370,0,1948,0,98133,47.7344,-122.336,1330,8396,296000.0,327692.6
3,1.75,1580,9147,1.0,0,1,4,7,1210,370,1967,0,98008,47.6069,-122.112,2600,23564,515000.0,544271.4
4,1.0,1730,7350,1.5,0,0,4,6,1730,0,1970,0,98003,47.3467,-122.307,1440,7752,267950.0,172391.3
3,2.5,1970,4120,1.5,0,0,3,6,1230,740,1927,0,98106,47.5328,-122.346,1470,4080,291700.0,334493.43333333335
4,3.0,2090,7500,1.0,0,0,3,7,1370,720,1986,0,98056,47.4888,-122.182,1810,7650,338000.0,350306.9
4,3.25,2290,4785,2.0,0,0,3,9,2290,0,2007,0,98038,47.3833,-122.037,2290,4785,359950.0,374619.5
5,3.5,4330,11979,1.0,0,4,3,12,2090,2240,2008,0,98004,47.6251,-122.218,4320,12000,3168750.0,2298636.0
6,2.75,2850,15240,1.0,0,0,3,7,1850,1000,1962,0,98106,47.5288,-122.345,2090,7620,360000.0,399254.0
3,2.5,2540,7680,2.0,0,1,4,9,2540,0,1940,2001,98177,47.7175,-122.364,2490,7680,675000.0,1105969.4
3,1.0,1370,4040,1.5,0,0,3,7,1370,0,1906,0,98103,47.6867,-122.354,1220,3030,530000.0,529804.0666666667
3,1.5,1070,6601,1.0,0,0,3,6,1070,0,1985,0,98002,47.3115,-122.209,1030,6614,219950.0,193159.9
3,3.0,1560,2091,3.0,0,0,3,8,1560,0,2006,0,98103,47.6604,-122.352,1530,2091,598500.0,554055.5
3,2.5,2150,8221,2.0,0,0,3,8,2150,0,1992,0,98059,47.5085,-122.15,2490,7951,470000.0,452812.0
4,3.0,2390,4500,2.0,0,0,3,7,2390,0,1974,0,98055,47.4872,-122.204,1320,4500,290000.0,367058.0
3,2.0,2520,3959,1.0,0,0,5,8,1270,1250,1931,0,98105,47.6693,-122.289,1660,3959,861000.0,771772.51
3,2.0,1550,8509,1.0,0,0,3,7,1150,400,1959,0,98106,47.5299,-122.344,1840,7620,369000.0,328429.2
4,2.5,3300,101930,2.0,0,0,4,10,3300,0,1991,0,98029,47.576,-121.976,2880,213879,925000.0,827611.9133333333
4,2.5,2290,4539,2.0,0,0,3,7,2290,0,2001,0,98058,47.4753,-122.172,1710,7200,295000.0,375449.5
3,1.0,1020,5950,1.0,0,0,3,6,880,140,1950,0,98106,47.5436,-122.357,1800,5950,385000.0,277523.88
4,2.5,2560,43560,2.0,0,0,3,8,2560,0,1989,0,98038,47.3692,-122.047,2130,10150,390000.0,430869.96
4,2.5,2660,22050,2.0,0,0,3,9,2660,0,1996,0,98059,47.4911,-122.125,3060,21111,629000.0,557194.64
4,3.5,3460,3997,2.0,0,0,3,10,2560,900,2004,0,98103,47.6718,-122.329,1860,4000,1315000.0,1185888.07
3,2.25,2350,51400,1.0,0,0,3,7,1390,960,1977,0,98077,47.7417,-122.053,2350,51400,462500.0,550559.76
4,2.25,4250,16940,1.0,0,2,4,9,2380,1870,1974,0,98040,47.5453,-122.234,3460,17693,1530000.0,1399850.3
3,2.5,1970,6634,2.0,0,0,3,8,1970,0,1989,0,98029,47.5759,-122.012,2090,6176,535000.0,552032.39
4,1.75,2560,8270,1.0,0,0,3,7,1480,1080,1979,0,98072,47.7572,-122.147,2320,8450,448000.0,469349.0
3,1.75,1600,6120,1.5,0,0,3,7,1600,0,1924,0,98115,47.6847,-122.291,1670,4590,525000.0,652442.52
4,3.0,2990,6695,2.0,0,0,3,10,2990,0,2014,0,98075,47.5817,-122.047,2760,6600,1061600.0,851564.35
5,1.75,1240,8936,1.0,0,0,3,7,1240,0,1954,0,98006,47.5738,-122.136,1600,9341,333000.0,455934.01
3,2.5,2330,4160,2.0,0,0,4,8,2330,0,1992,0,98052,47.6367,-122.109,2940,4500,639900.0,708087.38
3,2.25,1420,3750,2.0,0,0,3,7,1420,0,1987,0,98116,47.5725,-122.383,1430,4664,410000.0,459527.05
4,2.5,2570,7859,2.0,0,0,3,8,2570,0,1992,0,98038,47.3736,-122.045,2150,7284,397500.0,398100.45
3,2.25,3020,43560,2.0,0,0,3,10,2720,300,1969,0,98005,47.6456,-122.173,3910,43560,955000.0,1478343.89
2,2.0,1190,1303,2.0,0,0,3,8,800,390,2009,0,98107,47.6675,-122.368,1670,2425,455000.0,476254.0
3,1.0,1340,4120,1.0,0,0,4,7,1040,300,1921,0,98103,47.6916,-122.352,1270,4635,409500.0,459994.1875
3,2.25,1750,9298,1.0,0,0,4,7,1410,340,1969,0,98058,47.4579,-122.164,1720,7875,265000.0,300770.095
1,1.0,720,2500,1.0,0,0,3,7,720,0,1910,0,98103,47.6597,-122.345,1520,3750,438600.0,391602.67
4,1.0,1740,11075,1.5,0,0,3,7,1740,0,1965,0,98133,47.7458,-122.334,1580,7684,310000.0,374883.13
4,2.5,2450,8932,2.0,0,0,3,8,2450,0,1990,0,98023,47.3093,-122.345,2410,8775,300000.0,326386.88
3,1.0,1030,8395,1.0,0,0,4,7,1030,0,1960,0,98023,47.3322,-122.337,1370,9380,175000.0,191873.2
3,2.0,1330,8748,1.0,0,0,3,7,1330,0,1986,0,98003,47.2619,-122.298,1510,8584,205500.0,229473.0
3,1.75,1430,10574,2.0,0,0,3,7,1430,0,1981,0,98011,47.7668,-122.218,1900,10450,375000.0,343260.9
0,0.0,2460,8049,2.0,0,0,3,8,2460,0,1990,0,98031,47.4095,-122.168,2520,8050,355000.0,361214.19
1,1.0,780,1033,1.0,0,0,3,7,780,0,1922,1985,98122,47.6155,-122.306,1040,1319,250000.0,382937.99
3,1.75,1760,11371,1.0,0,0,5,8,1760,0,1959,0,98155,47.7616,-122.273,2220,19884,455000.0,461017.75
3,1.0,1300,3600,2.0,0,0,3,7,1300,0,1900,0,98119,47.6345,-122.366,2510,4800,819000.0,602988.62
3,1.75,1690,8901,1.0,0,0,3,7,1690,0,1986,0,98030,47.3546,-122.176,1690,7532,199500.0,255128.6
4,2.25,2220,4200,1.5,0,0,5,8,1310,910,1932,0,98199,47.6418,-122.394,2020,4940,862000.0,767586.0
3,1.0,1240,4000,1.5,0,0,3,8,1240,0,1928,2000,98106,47.5467,-122.359,1200,17707,400000.0,322228.5
3,3.5,3030,11550,2.0,0,2,3,8,3030,0,1971,2011,98146,47.5051,-122.381,2340,10560,700000.0,688564.9
3,1.0,1220,8573,1.0,0,0,4,7,1220,0,1954,0,98004,47.6088,-122.193,1390,8573,672000.0,731197.0
4,2.0,1650,5000,1.0,0,0,3,7,1650,0,1955,0,98117,47.6781,-122.374,1690,2276,575000.0,630744.0
4,2.5,3010,6903,2.0,0,0,3,9,3010,0,2001,0,98056,47.5213,-122.193,2860,6435,615000.0,601482.68
3,2.75,3470,9610,3.0,1,4,3,11,3470,0,1989,2000,98034,47.7205,-122.26,4130,11875,2150000.0,1378584.89
3,2.0,1710,134489,1.0,0,2,5,7,1710,0,1952,0,98022,47.2207,-121.984,1700,63823,397000.0,351203.76
4,3.0,3740,30884,2.0,0,0,3,9,3060,680,1988,0,98072,47.7505,-122.117,3240,37031,869000.0,795294.58
4,2.25,1810,4970,2.0,0,0,3,7,1810,0,2003,0,98059,47.5003,-122.156,1810,4858,355000.0,351402.49
3,2.5,1590,2910,2.0,0,0,3,7,1110,480,1984,0,98115,47.6855,-122.321,1590,3880,575000.0,518520.22
3,1.75,1590,9636,1.5,0,0,4,6,1590,0,1953,0,98155,47.754,-122.321,1800,9975,346000.0,389547.85
2,2.25,2080,11285,1.0,0,0,4,8,1180,900,1954,0,98042,47.3628,-122.147,2590,13048,530000.0,323588.78
4,3.0,2580,7299,2.0,0,0,3,8,2580,0,1998,0,98058,47.4646,-122.15,2250,6165,449500.0,401364.0
2,1.5,901,1245,3.0,0,0,3,7,901,0,2001,0,98115,47.6774,-122.325,1138,1137,435000.0,401181.3
4,2.5,2970,7961,1.0,0,0,3,8,2020,950,1969,0,98125,47.7118,-122.29,1410,7959,635000.0,592790.03
3,2.25,1800,10500,2.0,0,0,3,7,1800,0,1995,0,98038,47.3879,-122.032,1870,8555,332500.0,332144.67
5,2.75,3000,9473,1.0,0,0,3,8,1500,1500,1966,0,98052,47.6567,-122.13,2050,8820,550000.0,645665.0
3,2.5,2520,10012,2.0,0,0,3,10,2520,0,1987,0,98074,47.6295,-122.051,2680,10071,720000.0,650981.5
4,3.25,3740,12080,1.0,0,0,3,10,2000,1740,1988,0,98077,47.7214,-122.056,4210,15277,1085000.0,868883.46
4,1.5,1220,10580,1.0,0,0,3,7,1220,0,1965,0,98008,47.6205,-122.116,1350,7800,418000.0,409441.875
2,1.75,1280,4000,1.0,0,0,4,7,730,550,1929,0,98116,47.5798,-122.383,2250,5382,495000.0,475605.01
4,2.25,3310,127631,2.0,0,0,5,9,3310,0,1924,1956,98072,47.732,-122.134,3830,43959,1140000.0,1520250.38
4,2.5,2650,6884,2.0,0,0,3,8,2650,0,2012,0,98053,47.6901,-122.015,2520,5866,734990.0,697014.16
4,2.0,2190,4560,2.5,0,0,5,8,2190,0,1910,0,98103,47.662,-122.329,2190,4560,980000.0,921294.41
3,2.5,2300,7800,2.0,0,2,3,9,2300,0,1997,0,98052,47.6842,-122.155,2300,8187,737000.0,674092.76
4,2.5,1930,6957,2.0,0,0,3,8,1930,0,1995,0,98055,47.4309,-122.191,2090,6996,364950.0,339500.19
4,2.75,2610,4400,1.0,0,0,5,8,1260,1350,1920,0,98122,47.6158,-122.293,1770,4400,890000.0,740505.45
4,2.0,2240,4508,1.0,0,2,4,8,1340,900,1926,0,98178,47.5096,-122.25,1930,5250,466000.0,396235.13
3,1.0,1120,8407,1.0,0,0,5,6,1120,0,1987,0,98022,47.2051,-122.006,1250,8658,225000.0,214530.4
2,1.0,1000,5375,1.0,0,0,3,7,1000,0,1953,0,98118,47.5404,-122.268,1380,5000,420000.0,355061.23666666663
2,1.0,1010,6000,1.0,0,0,4,6,1010,0,1944,0,98133,47.771,-122.353,1610,7313,215000.0,298509.2
5,2.5,2140,10320,1.0,0,0,4,7,1330,810,1967,0,98031,47.3927,-122.194,2050,8964,270000.0,292317.38
3,2.0,1840,6000,2.0,0,0,5,7,1720,120,1946,0,98033,47.6828,-122.207,1390,6000,778000.0,660282.24
3,1.5,1380,4500,1.0,0,0,5,7,1380,0,1960,0,98040,47.5866,-122.25,1590,9000,650000.0,543073.46
3,2.5,1830,7585,2.0,0,0,4,8,1830,0,1995,0,98042,47.3893,-122.154,2070,7585,325000.0,319512.3
3,1.75,1940,8376,1.0,0,0,4,8,1290,650,1963,0,98006,47.5586,-122.173,2400,8674,550000.0,594035.57
4,2.5,1580,6633,2.0,0,0,4,7,1580,0,1984,0,98042,47.3768,-122.118,1590,6633,291000.0,251962.03
4,2.5,1890,8505,1.0,0,0,3,8,1290,600,1980,0,98052,47.6796,-122.115,1720,9600,437000.0,524547.95
3,2.5,1770,5000,2.0,0,0,3,7,1770,0,2009,0,98042,47.3358,-122.051,2230,5200,255500.0,274889.1666666666
4,3.5,3790,6874,2.5,0,0,3,9,3790,0,2010,0,98053,47.6956,-122.022,3370,6535,875000.0,946435.2
3,1.75,1720,6960,1.0,0,0,3,7,1140,580,1978,0,98052,47.6972,-122.129,1720,7280,450000.0,499043.04
3,2.0,1550,12262,1.0,0,0,4,7,1550,0,1964,0,98040,47.5755,-122.216,2900,12372,725000.0,778044.02
4,1.0,1400,3600,1.0,0,0,4,6,700,700,1901,0,98144,47.5972,-122.295,1690,3600,386500.0,363164.9
4,3.25,4030,36762,2.0,0,0,3,11,4030,0,1988,0,98077,47.7235,-122.039,4090,40371,985000.0,1035938.5
3,2.25,1450,1486,2.0,0,0,3,8,1160,290,2006,0,98116,47.5694,-122.387,1370,1437,419700.0,440739.08
3,1.0,1150,19200,1.0,0,0,4,5,1150,0,1908,0,98001,47.2756,-122.27,1290,19200,165000.0,221356.58
2,1.0,810,7440,1.0,0,0,5,6,810,0,1948,0,98133,47.7346,-122.352,830,7500,408000.0,288672.15
3,2.75,1720,28000,1.0,0,0,4,7,1720,0,1958,0,98058,47.4375,-122.176,2000,41817,340000.0,328770.0
4,2.75,3630,11775,2.0,0,0,3,10,3630,0,1999,0,98074,47.6378,-122.066,3800,12451,962800.0,873334.92
3,2.5,1630,1587,3.0,0,0,3,8,1630,0,2004,0,98107,47.6693,-122.393,1500,1527,557000.0,565229.22
3,2.5,3820,35016,2.0,0,0,4,9,3820,0,1987,0,98053,47.6496,-122.041,3010,35190,775000.0,872698.67
3,2.5,2460,54885,2.0,0,0,4,8,2460,0,1980,0,98059,47.4996,-122.146,2770,21407,520000.0,522453.75
3,1.75,2310,11200,1.0,0,0,4,8,1630,680,1978,0,98030,47.3637,-122.21,2350,13300,385000.0,332572.28
4,2.0,2120,3360,2.0,0,0,3,9,2120,0,1905,0,98112,47.6227,-122.31,2090,3600,1200000.0,1074698.83
1,0.75,930,29258,1.0,0,0,3,6,930,0,1941,0,98178,47.4837,-122.236,2000,18321,190000.0,253172.4625
4,2.5,3440,14554,2.0,1,4,3,8,2170,1270,2012,0,98155,47.7364,-122.286,3170,11810,1950000.0,1613673.9
4,2.5,2920,24074,2.0,0,0,3,9,2920,0,1997,0,98038,47.381,-122.056,2760,26023,555000.0,501097.91
3,2.25,1920,7738,1.0,0,0,3,8,1520,400,1965,0,98148,47.4562,-122.33,2170,8452,250000.0,330362.73
3,2.25,3330,20053,2.0,0,0,3,9,3330,0,1968,1998,98004,47.6395,-122.214,2870,20053,1824100.0,1478615.53
3,2.0,2330,26571,2.5,0,0,3,8,2330,0,1987,0,98005,47.6009,-122.158,2030,20037,530000.0,700219.0
3,1.0,1100,7470,1.0,0,0,4,5,1100,0,1917,0,98065,47.5242,-121.831,1280,7055,250000.0,292169.68
4,2.5,2320,4000,1.5,0,0,5,8,1510,810,1905,0,98122,47.6048,-122.298,1490,4500,518000.0,639727.5
3,1.0,1140,4500,1.0,0,0,3,6,840,300,1907,0,98144,47.5897,-122.314,1150,3000,450000.0,354936.8
4,2.5,2440,7322,2.0,0,0,3,9,2440,0,1991,0,98056,47.5357,-122.179,2590,9927,562500.0,618855.5
3,3.5,3080,6495,2.0,0,3,3,11,2530,550,1996,2006,98199,47.6321,-122.393,4120,8620,2160000.0,1502789.4
3,2.5,1610,6000,2.0,0,0,4,7,1610,0,1993,0,98038,47.349,-122.036,1570,6000,282000.0,282469.3933333333
2,1.0,1095,5120,1.5,0,0,3,7,1095,0,1901,0,98122,47.6058,-122.313,1310,5120,302282.0,474592.51
3,2.5,1580,12250,2.0,0,0,3,8,1580,0,1993,0,98198,47.3771,-122.315,1560,9900,267000.0,266932.46
4,2.0,1960,30480,1.0,0,2,4,7,1060,900,1972,0,98022,47.1924,-121.988,1460,8914,275000.0,323625.46714285715
3,1.0,1420,8800,1.0,0,0,4,6,1090,330,1981,0,98030,47.3746,-122.181,1480,8000,248000.0,231791.9
4,2.25,3190,11597,2.0,0,0,3,10,2300,890,1984,0,98074,47.6323,-122.039,2990,10679,750000.0,727389.99
2,1.0,910,7200,1.0,0,1,4,7,830,80,1936,0,98136,47.5145,-122.39,1700,7200,445000.0,387726.2
2,1.0,1270,43560,1.0,0,0,4,5,1270,0,1908,0,98042,47.3651,-122.165,1870,6960,550000.0,231243.85
4,2.5,2040,7412,2.0,0,0,3,8,2040,0,1988,0,98074,47.6347,-122.026,2050,7830,545000.0,552911.28
4,2.25,2740,88426,2.0,0,0,3,7,2740,0,1991,0,98027,47.4734,-122.006,2740,62726,549000.0,506777.48
3,1.0,940,10890,1.0,0,0,4,5,940,0,1909,0,98001,47.2763,-122.257,1370,10255,185900.0,174742.62
5,1.75,2690,21357,1.0,0,0,4,7,1420,1270,1952,0,98004,47.5831,-122.191,2600,17539,730000.0,839960.66
3,2.0,1460,7740,1.0,0,0,3,7,1460,0,1968,0,98003,47.3467,-122.306,1540,7644,225000.0,235798.49
3,2.0,2320,10960,1.0,0,0,3,7,1510,810,1956,0,98005,47.6157,-122.174,2160,10960,657500.0,696604.77
3,1.0,1070,9000,1.0,0,0,4,7,1070,0,1950,0,98198,47.4061,-122.33,1840,12000,265000.0,234357.03
4,1.75,2950,9025,1.0,0,2,4,8,1780,1170,1975,0,98034,47.7128,-122.223,2120,9600,630000.0,629877.11
3,2.25,1470,2500,2.0,0,0,3,8,1080,390,1984,0,98117,47.6762,-122.36,1640,4300,490000.0,527641.69
5,2.5,3090,12750,1.0,0,0,3,8,1750,1340,1968,0,98023,47.3408,-122.335,1760,25919,384900.0,356728.72
3,2.5,2850,21780,2.0,0,0,3,10,2850,0,1994,0,98053,47.6455,-122.04,3020,21798,799990.0,741853.14
3,2.0,1900,8002,1.0,0,0,3,7,1900,0,1991,0,98023,47.2909,-122.352,1900,6086,252500.0,271407.13
3,1.0,920,3532,1.0,0,0,3,6,920,0,1910,0,98118,47.5539,-122.268,1250,4000,380000.0,365126.68
2,1.0,860,6120,1.0,0,0,3,7,860,0,1948,0,98155,47.7503,-122.328,1100,6860,245000.0,282844.55
4,2.5,1890,12236,1.0,0,0,3,7,1230,660,1978,0,98045,47.4491,-121.78,1390,11360,378000.0,312289.5
2,1.0,850,3276,1.0,0,0,3,6,850,0,1910,0,98103,47.6742,-122.35,1460,4100,389000.0,463506.5
6,5.0,2732,7655,2.0,0,0,3,7,2732,0,2009,0,98002,47.3045,-122.211,3078,69993,343000.0,414793.62
3,3.25,1540,704,3.0,0,0,3,9,1540,0,2011,0,98122,47.6177,-122.308,1540,1456,742000.0,649259.1
4,2.0,2680,13680,2.0,0,2,4,7,2350,330,1943,1965,98056,47.4887,-122.192,1430,11000,400000.0,371722.54
3,1.0,1800,4800,1.0,0,2,4,9,900,900,1927,0,98126,47.5672,-122.372,1400,4800,625000.0,750390.1066666666
2,2.25,2550,5663,1.0,0,0,3,10,1720,830,2011,0,98056,47.5304,-122.202,2560,3828,630000.0,802561.98
4,2.5,2010,12085,2.0,0,0,3,8,2010,0,1986,0,98042,47.3406,-122.057,1910,12133,299500.0,318902.54
2,1.75,1110,1773,2.0,0,0,3,8,1110,0,2014,0,98108,47.5647,-122.293,1420,2855,229800.0,276847.11
5,2.5,2820,6305,2.0,0,0,3,8,2820,0,2003,0,98003,47.2616,-122.296,2610,6306,395000.0,355673.9
3,1.5,1370,9000,1.0,0,0,3,7,1370,0,1962,0,98168,47.4973,-122.328,1400,9075,225000.0,239974.5
5,2.0,2730,7344,1.0,0,0,5,7,1510,1220,1962,0,98058,47.4602,-122.171,1730,7700,310000.0,355558.0
4,3.0,1920,12040,1.0,0,0,3,7,1920,0,1962,0,98168,47.4805,-122.301,1530,10230,330000.0,291050.48
2,1.75,1610,158558,1.5,0,0,2,6,1610,0,1948,0,98065,47.5319,-121.84,1800,3572,280000.0,376331.35
3,2.75,1770,3172,2.0,0,0,3,8,1770,0,2009,0,98065,47.5164,-121.878,1760,2891,415000.0,395929.12
3,2.5,2420,9000,2.0,0,0,4,9,2420,0,1987,0,98007,47.6599,-122.146,2630,9000,752888.0,788207.38
3,2.5,2020,6628,1.0,0,0,4,7,1250,770,1963,0,98168,47.4934,-122.332,1540,9995,300000.0,307541.75
3,2.0,1170,10051,1.0,0,0,4,7,1170,0,1957,0,98198,47.4229,-122.324,1440,9800,200000.0,231493.93333333332
3,2.75,1840,68479,1.0,0,2,3,8,1340,500,1989,0,98014,47.6802,-121.908,2060,61903,406500.0,482627.75
4,2.5,2100,8400,1.0,0,0,4,7,1240,860,1976,0,98072,47.735,-122.17,1980,8610,468000.0,454072.9
4,3.25,3440,35021,2.0,0,0,3,10,3440,0,1983,0,98033,47.6476,-122.184,3440,35021,1050000.0,962822.48
3,2.5,1730,4102,3.0,1,4,3,8,1730,0,1996,0,98074,47.645,-122.084,2340,16994,960000.0,883979.8
4,2.0,2750,5527,2.0,0,0,3,8,2130,620,1901,1987,98119,47.6513,-122.368,1290,1764,865000.0,902220.13
3,1.75,1400,8640,1.0,0,0,3,7,1400,0,1962,0,98011,47.7659,-122.204,1630,8640,395000.0,340053.4
4,2.5,1990,30083,2.0,0,0,3,8,1990,0,1998,0,98155,47.7678,-122.272,2220,11627,470000.0,473320.9
4,1.0,1180,13500,1.5,0,0,3,7,1180,0,1950,0,98125,47.7165,-122.308,1580,8976,517000.0,377576.01
3,2.25,2300,15952,1.0,0,0,4,8,1150,1150,1963,0,98039,47.6322,-122.232,2200,14284,1000000.0,788813.08
2,1.0,828,4524,1.0,0,0,3,6,828,0,1968,2007,98001,47.2655,-122.244,828,5402,110000.0,157459.97166666665
2,1.0,1020,8155,1.0,0,0,4,7,1020,0,1948,0,98177,47.7257,-122.361,1430,8157,405000.0,342911.43
5,2.0,1730,7375,1.0,0,0,4,6,1730,0,1944,0,98178,47.4953,-122.238,1550,7125,249950.0,248996.28333333333
3,1.5,1750,32500,1.0,0,0,4,7,1750,0,1966,0,98027,47.5316,-121.959,1820,102801,410000.0,446914.3
4,1.75,1660,10757,1.0,0,0,3,7,1000,660,1980,0,98056,47.5071,-122.194,1880,8319,385000.0,314688.4
3,1.0,1010,8184,1.0,0,0,4,6,1010,0,1947,0,98155,47.7416,-122.319,1010,8184,349000.0,306202.45
4,1.0,1360,5766,1.5,0,0,5,7,1360,0,1951,0,98115,47.6827,-122.289,1500,5704,540000.0,507125.53
4,1.75,2740,8520,1.0,0,2,3,8,1370,1370,1954,0,98118,47.5445,-122.263,2740,9286,657000.0,765403.4
3,1.5,1072,4339,2.0,0,0,3,7,1072,0,2009,0,98042,47.386,-122.162,1443,4341,250000.0,214866.5
3,2.0,1440,5469,1.0,0,0,3,8,1440,0,1988,0,98029,47.5753,-122.017,1980,6198,350000.0,450617.15
3,2.0,1430,6000,1.0,0,0,5,7,1430,0,1945,0,98155,47.7564,-122.316,1630,6315,352450.0,348283.0
2,1.0,940,5120,1.0,0,0,3,7,940,0,1909,0,98122,47.6073,-122.308,1300,5120,375000.0,453041.38
2,1.75,930,7080,1.0,0,0,3,6,930,0,1923,2006,98106,47.5224,-122.36,1100,7680,275000.0,240961.02
3,2.0,1190,6445,1.0,0,0,3,7,1190,0,1996,0,98056,47.5057,-122.172,1920,8195,322500.0,293578.4633333334
3,1.0,1060,8040,1.0,0,0,4,6,1060,0,1949,0,98125,47.7121,-122.287,1300,7620,385100.0,334533.29
3,1.5,1080,2940,1.5,0,0,4,7,1080,0,1920,0,98115,47.6832,-122.304,1400,4930,395000.0,537045.2
4,2.5,2930,8641,2.0,0,0,3,8,2930,0,2010,0,98034,47.7199,-122.246,2120,11175,750000.0,627889.4
5,2.5,2340,6000,2.0,0,0,4,10,2340,0,1922,0,98144,47.5764,-122.287,2350,6000,1085000.0,1050029.84
4,2.5,2370,41338,2.0,0,0,3,8,2370,0,1995,0,98077,47.7379,-122.052,2340,46661,597000.0,563602.6
3,3.25,5480,57990,2.0,1,4,3,11,5480,0,1991,0,98166,47.4558,-122.371,2500,22954,2510000.0,2069316.26
3,2.0,1980,3525,1.5,0,0,4,8,1590,390,1932,0,98117,47.6847,-122.368,1760,3760,703300.0,677026.0
3,2.25,2760,40946,2.0,0,0,5,10,2760,0,1978,0,98005,47.6501,-122.164,3030,42253,1185000.0,880306.53
4,2.25,2200,11250,1.5,0,0,5,7,1300,900,1920,0,98033,47.6845,-122.201,2320,10814,698000.0,716615.1166666667
4,2.25,2060,8400,1.0,0,0,3,7,1300,760,1960,0,98178,47.4984,-122.23,1990,7383,340000.0,312860.0
3,1.75,2770,15232,1.0,0,0,3,8,1570,1200,1976,0,98006,47.5706,-122.16,2340,11400,750000.0,627058.1
4,3.5,3480,7232,2.0,0,0,3,9,2580,900,1926,2010,98144,47.5859,-122.291,2380,5642,1505000.0,1260786.7
4,2.25,2360,15860,1.0,0,0,3,9,2360,0,1977,0,98074,47.6307,-122.051,2650,11798,615000.0,602330.5
3,2.25,1580,6561,1.0,0,0,3,8,1200,380,1981,0,98058,47.4394,-122.14,1710,7241,320000.0,316038.6766666667
3,2.25,1620,7772,2.0,0,0,4,8,1620,0,1988,0,98003,47.3521,-122.302,1710,6455,290000.0,263370.99
4,3.0,2540,8800,1.0,0,1,3,9,1620,920,1977,0,98023,47.3204,-122.387,2540,8800,374950.0,360851.5
5,2.75,2830,18050,1.0,0,0,5,7,1630,1200,1958,0,98040,47.5773,-122.226,2370,14250,1100000.0,875019.79
3,1.0,1260,6000,1.0,0,3,3,7,1260,0,1951,0,98146,47.5058,-122.384,2020,6600,550000.0,491891.75
4,3.0,2860,5724,1.0,0,0,3,7,1730,1130,1983,0,98108,47.5427,-122.302,2340,7200,390000.0,562067.94
3,2.5,3460,6590,2.0,0,0,3,7,3460,0,2001,0,98056,47.4802,-122.188,2490,6312,467000.0,426067.0
4,2.5,2580,5823,2.0,0,0,3,8,2580,0,2002,0,98065,47.5374,-121.875,2380,5823,552250.0,549734.0
4,1.5,2070,7245,1.0,0,0,4,7,1060,1010,1964,0,98001,47.3417,-122.281,1450,7350,235000.0,231806.0
4,2.25,2420,11120,1.0,0,2,4,8,1620,800,1952,0,98146,47.4954,-122.366,2210,8497,750000.0,510468.0
4,2.25,1990,7712,1.0,0,0,3,8,1210,780,1973,0,98027,47.5688,-122.087,1720,7393,627000.0,503483.82666666666
4,2.5,3670,54450,2.0,0,0,3,10,3670,0,1999,0,98074,47.6211,-122.016,2900,49658,883000.0,879471.49
3,3.0,1950,1983,3.0,0,0,3,9,1610,340,2009,0,98004,47.6078,-122.202,2040,2131,785000.0,875755.8
2,1.75,2060,7192,1.0,0,0,3,7,1420,640,1940,0,98125,47.7038,-122.317,1860,7140,457000.0,521058.18
2,2.0,1030,600,2.0,0,0,3,8,680,350,2004,0,98116,47.5788,-122.41,1120,1267,367500.0,386848.51
4,2.75,2290,21486,1.0,0,2,5,7,2290,0,1963,0,98006,47.5515,-122.189,2540,15936,625000.0,634449.7
3,1.0,990,10752,1.5,0,0,4,7,990,0,1929,0,98133,47.7648,-122.35,1820,7600,402500.0,338879.09
3,2.75,2870,6600,2.0,0,2,3,8,2870,0,1984,0,98008,47.5745,-122.113,2570,7925,755000.0,807945.61
2,1.0,1210,4800,1.0,0,0,3,8,1060,150,1950,0,98108,47.5625,-122.316,1380,4800,380000.0,337396.66
3,1.5,1360,7488,1.0,0,0,4,7,1050,310,1975,0,98001,47.3314,-122.275,1580,7508,238000.0,228981.735
3,2.75,2170,2738,1.5,0,0,4,9,1550,620,1930,0,98109,47.6389,-122.349,1170,1062,848000.0,822786.365
3,1.5,2450,12497,1.0,0,0,4,7,2450,0,1967,0,98065,47.5317,-121.834,1560,11700,358000.0,403647.3
4,3.5,3180,4869,2.0,0,0,3,8,2390,790,2007,0,98055,47.4482,-122.206,2850,4500,440000.0,474623.92
2,1.0,800,5220,1.0,0,0,3,6,800,0,1943,0,98125,47.7037,-122.32,1910,5376,250000.0,345282.5
4,3.5,4700,13730,2.0,0,3,3,11,3500,1200,1958,1995,98033,47.6899,-122.217,3210,15306,2650000.0,2188188.0
3,2.0,2660,192099,1.0,0,0,4,9,2660,0,1964,0,98022,47.2098,-122.016,2570,43561,495000.0,560931.5
4,2.25,2010,15375,1.0,0,0,4,8,2010,0,1957,0,98005,47.5956,-122.174,1930,15375,660000.0,629010.0
2,2.5,2170,6361,1.0,0,2,3,8,2170,0,2009,0,98053,47.7109,-122.017,2310,7419,755000.0,725117.0
4,2.5,2090,7290,1.0,0,0,5,8,1420,670,1966,0,98007,47.624,-122.142,2110,8436,600000.0,610971.5233333333
5,3.25,2820,3275,2.0,0,0,3,8,2230,590,2006,0,98118,47.5339,-122.284,2610,3275,461500.0,554339.41
3,2.25,1640,6044,2.0,0,0,3,7,1640,0,1996,0,98002,47.2844,-122.205,1600,7418,275000.0,255399.32
4,1.75,1320,7694,1.0,0,0,3,7,1320,0,1928,1972,98148,47.4297,-122.325,1620,8468,195000.0,284129.85
3,2.5,1260,2767,2.0,0,0,3,8,1260,0,1999,0,98059,47.4914,-122.155,1310,2767,315000.0,302286.1
4,3.0,3260,4500,2.0,0,0,3,9,2300,960,1930,2014,98109,47.6314,-122.353,2410,4995,1280000.0,1246607.6
4,2.75,2200,268329,1.0,0,0,3,7,1410,790,1989,0,98092,47.3224,-122.122,2240,58806,353000.0,406933.0
4,2.5,2570,22215,2.0,0,0,5,7,2570,0,1958,0,98059,47.4833,-122.157,2460,6533,390000.0,471803.76
4,2.75,4140,24190,2.0,0,0,3,11,4140,0,2002,0,98092,47.3062,-122.15,3950,24190,657500.0,902154.3
5,1.0,1810,11205,1.5,0,2,3,7,1810,0,1915,0,98178,47.5099,-122.262,1860,7965,495000.0,354259.75
2,2.0,1510,4908,1.0,0,0,3,8,1510,0,2006,0,98053,47.7196,-122.024,1440,3921,450000.0,442905.5
3,2.5,1830,65340,1.0,0,0,3,8,1520,310,1991,0,98045,47.4553,-121.75,2100,84942,427000.0,454365.8
4,3.5,3900,8391,2.0,0,0,3,10,3900,0,2006,0,98033,47.6979,-122.205,3820,12268,1040000.0,1474363.05
3,1.5,1460,78408,1.0,0,0,4,7,1460,0,1963,0,98075,47.59,-122.058,3320,7787,700000.0,632651.57
4,2.5,3800,22029,2.0,0,0,3,9,3800,0,1993,0,98053,47.6734,-122.026,3170,24979,894000.0,887822.02
4,2.5,3210,14910,2.0,0,0,3,10,3210,0,1995,0,98074,47.6073,-122.062,3280,14910,770000.0,812566.44
3,1.5,1490,8475,1.0,0,0,4,7,1490,0,1963,0,98052,47.6571,-122.133,1490,8540,412500.0,497622.47
3,2.5,1950,3730,2.0,0,0,3,9,1950,0,1996,0,98033,47.6731,-122.199,2080,4000,899000.0,720017.1
5,2.75,2810,13144,1.0,0,0,3,8,1440,1370,1964,0,98007,47.6199,-122.141,2480,13144,555000.0,629709.88
3,2.5,2970,23100,1.0,0,0,3,7,1510,1460,1967,0,98072,47.7735,-122.133,2390,20300,400000.0,577535.0
3,1.75,1430,8865,1.0,0,0,3,7,1430,0,1950,0,98125,47.7331,-122.299,1250,8154,330000.0,343094.0
3,3.0,2090,7440,1.5,0,0,5,7,1290,800,1922,0,98103,47.6891,-122.331,1570,4960,700000.0,665317.19
4,2.0,2280,7200,1.0,0,0,4,7,2280,0,1956,0,98133,47.7132,-122.355,1100,7620,500000.0,489070.44
3,1.0,1420,10980,1.0,0,0,4,7,1200,220,1954,0,98006,47.574,-122.138,1630,9763,385000.0,475247.28
4,2.5,2170,9796,1.0,0,0,4,8,1650,520,1980,0,98006,47.5505,-122.152,2350,9796,840000.0,662102.0
2,1.0,740,8853,1.0,0,0,3,6,740,0,1943,0,98166,47.4793,-122.336,850,8775,230500.0,145348.675
3,1.75,1370,2800,1.0,0,0,5,7,800,570,1982,0,98122,47.6157,-122.291,2270,3773,563250.0,585538.7
3,2.25,1420,1282,3.0,0,0,3,8,1420,0,2006,0,98103,47.6533,-122.346,1530,1280,523950.0,507389.2
3,1.5,1570,10824,2.0,0,0,3,7,1570,0,1908,0,98118,47.54,-122.275,1530,8125,227064.0,389002.3
3,2.0,2080,4549,1.0,0,0,5,7,1040,1040,1954,0,98115,47.6886,-122.309,1620,4549,616500.0,610214.6
4,1.75,1930,9310,1.0,0,0,4,9,1930,0,1968,0,98008,47.6158,-122.108,2110,10290,670000.0,744636.83
5,1.75,2340,9148,2.0,0,0,3,7,2340,0,1957,0,98198,47.4232,-122.324,1390,10019,210000.0,290865.46
2,1.0,1410,7000,1.0,0,0,3,7,1410,0,1968,0,98055,47.4908,-122.223,1540,6000,335000.0,259946.4
3,1.0,840,4495,1.0,0,0,3,6,840,0,1921,0,98146,47.496,-122.349,1260,7434,151100.0,233660.75
4,2.5,2790,4650,2.0,0,0,3,8,2790,0,2004,0,98038,47.3557,-122.026,2850,4650,374950.0,386723.47
3,2.0,2783,11177,2.0,0,0,3,8,2783,0,1910,1999,98126,47.538,-122.38,1730,8018,840000.0,684003.0
4,3.0,2940,5763,1.0,0,0,5,8,1640,1300,1955,0,98108,47.5589,-122.295,2020,7320,640000.0,668629.5
4,2.5,1830,4500,2.0,0,0,3,7,1830,0,2004,0,98038,47.3504,-122.005,2080,5100,335000.0,308371.5
3,1.0,1020,6000,1.0,0,0,3,5,1020,0,1900,0,98027,47.5281,-122.031,2070,7200,210000.0,301849.25
4,2.25,2550,10000,1.0,0,0,4,7,1560,990,1979,0,98028,47.77,-122.259,2440,10000,452250.0,467485.0
4,1.0,1460,16638,1.0,0,0,4,6,1460,0,1975,0,98010,47.3431,-122.048,1460,16638,162000.0,239938.27
4,1.75,2630,9645,1.0,0,0,4,9,2630,0,1963,0,98040,47.5459,-122.228,2690,10439,968000.0,1064566.06
3,1.0,1030,6127,1.0,0,0,3,7,880,150,1947,0,98125,47.7192,-122.32,1610,6127,252500.0,361637.5
3,1.75,1460,7361,1.0,0,0,3,6,1460,0,1982,0,98019,47.7436,-121.979,1460,7505,265800.0,344812.06
3,2.0,1451,7159,1.0,0,0,3,7,1451,0,2010,0,98042,47.3754,-122.163,2303,6126,300000.0,263558.5
4,3.0,3000,10297,2.0,0,0,3,8,3000,0,2003,0,98042,47.3684,-122.073,2520,8366,398950.0,388689.84
3,1.75,2090,4725,2.0,0,0,3,7,1610,480,1947,2013,98199,47.657,-122.394,1280,4725,865000.0,656498.68
4,2.5,2790,4650,2.0,0,0,3,8,2790,0,2004,0,98038,47.3556,-122.026,2820,4650,378000.0,390103.97
5,3.5,4350,6218,2.0,0,2,3,10,3520,830,2007,0,98027,47.5396,-121.997,3260,5989,1150000.0,1009306.28
4,2.75,3200,13729,2.0,0,0,3,11,3200,0,1984,0,98005,47.6402,-122.171,4050,16921,1272000.0,1076510.0666666667
5,3.25,4100,7578,2.0,0,2,3,10,4100,0,2011,0,98075,47.5955,-121.974,3710,8156,890000.0,1008301.95
3,1.75,1180,6260,1.0,0,0,4,8,1180,0,1993,0,98038,47.3531,-122.048,1580,7272,275000.0,245422.5
5,3.5,2730,42500,1.0,0,0,3,8,1530,1200,1989,0,98027,47.4587,-121.996,3180,37970,542500.0,525350.45
1,1.0,1080,5000,1.5,0,0,3,7,1080,0,1948,0,98199,47.6603,-122.394,1620,4000,411000.0,525106.3
3,1.0,1020,6000,1.5,0,0,3,7,1020,0,1900,0,98108,47.5254,-122.318,1240,6000,337500.0,227303.97
3,2.25,1310,915,2.0,0,0,3,7,1060,250,2007,0,98144,47.5738,-122.293,1500,1215,365000.0,364281.86
4,1.75,1980,7840,1.0,0,0,4,7,990,990,1961,0,98008,47.6226,-122.115,1520,8400,416000.0,455800.69
3,2.0,1450,11204,1.0,0,0,3,7,1450,0,2003,0,98001,47.2639,-122.252,1520,9518,230000.0,242726.7
4,3.25,2510,7686,2.0,0,0,3,9,2510,0,2003,0,98055,47.4785,-122.228,2510,6732,290500.0,505234.7
3,2.5,2420,4725,2.0,0,0,3,8,2420,0,2014,0,98038,47.371,-122.018,2370,4200,367899.0,375406.25
4,1.0,1300,1651359,1.0,0,3,4,6,1300,0,1920,0,98022,47.2313,-122.023,2560,425581,700000.0,377687.93
5,1.75,2120,8625,1.0,0,0,3,7,1200,920,1959,0,98008,47.6118,-122.131,1930,8625,534000.0,507300.0
3,1.5,1060,5750,1.0,0,0,2,7,1060,0,1981,0,98126,47.5532,-122.372,1060,5750,317000.0,281562.84
3,1.75,1600,2538,2.0,0,0,3,7,1600,0,1929,0,98102,47.6447,-122.327,1660,1750,845000.0,648303.95
4,2.75,3220,9825,2.0,0,0,3,8,3220,0,2012,0,98059,47.4863,-122.143,2820,8566,579000.0,580006.26
5,2.25,1950,8025,1.0,0,2,3,7,1150,800,1960,0,98008,47.6159,-122.114,1780,8560,525126.0,484328.26
4,2.0,3100,8000,1.5,0,0,5,7,2040,1060,1939,0,98103,47.6852,-122.329,1650,4000,1001000.0,750059.0557142857
2,1.0,750,6350,1.0,0,0,3,5,750,0,1920,0,98103,47.6938,-122.356,920,6350,250000.0,338048.76
3,2.5,4040,8653,2.0,0,0,3,9,2900,1140,2006,0,98019,47.7378,-121.975,3360,8653,565000.0,781159.27
3,1.75,1500,6000,1.0,0,0,5,7,850,650,1940,0,98199,47.6474,-122.402,1700,6000,700000.0,557613.47
3,2.5,1490,4078,2.0,0,0,3,8,1490,0,1998,0,98059,47.4915,-122.155,1310,2767,316000.0,304989.0
4,2.5,2390,38258,2.0,0,0,3,8,2390,0,2001,0,98072,47.7433,-122.094,1960,17113,557500.0,550431.76
3,1.0,1640,9750,1.0,0,0,3,7,1640,0,1968,0,98042,47.3256,-122.141,1200,9750,207500.0,216338.43
3,2.5,1440,4473,2.0,0,0,3,7,1440,0,2003,0,98053,47.6825,-122.036,1650,3322,465000.0,434238.5
7,4.0,2960,2665,2.0,0,0,3,9,1950,1010,1927,2013,98144,47.5835,-122.313,1970,4410,853800.0,960284.3
4,3.25,4860,181319,2.5,0,0,3,9,4860,0,1993,0,98074,47.6179,-122.005,3850,181319,1385000.0,1050438.94
3,1.75,1480,800,2.0,0,0,3,8,1000,480,2014,0,98136,47.5493,-122.387,1480,1143,469000.0,453300.45
3,1.5,1280,7742,1.0,0,0,4,7,1280,0,1962,0,98031,47.3947,-122.197,1450,8316,220000.0,232187.5
3,2.0,1510,7884,1.0,0,0,3,6,1510,0,1942,2014,98166,47.4683,-122.348,1050,7620,332000.0,283624.1
4,3.0,3550,12327,1.5,0,0,4,10,2180,1370,1990,0,98011,47.7533,-122.205,3170,12937,720000.0,824478.5
4,2.5,3230,19193,1.0,0,3,4,8,2000,1230,1973,0,98075,47.5755,-122.07,3230,13420,795000.0,985980.42
4,1.75,2020,10332,1.0,0,0,3,7,1010,1010,1954,0,98168,47.5059,-122.303,2240,8379,240000.0,317719.5
3,1.0,1260,7660,1.0,0,0,3,6,1260,0,1947,0,98133,47.7476,-122.35,1990,7861,280000.0,338971.25
4,2.0,1180,7275,1.0,0,0,3,7,1180,0,1965,0,98034,47.7301,-122.2,1210,7275,330000.0,365130.51
4,1.0,1450,6820,1.5,0,0,3,6,1450,0,1947,0,98133,47.7061,-122.347,1450,6820,375000.0,391682.0
3,1.75,3400,8965,1.0,0,2,5,9,1820,1580,1957,0,98105,47.6569,-122.273,3200,8500,1690000.0,1498216.0
3,1.0,1090,3523,1.0,0,0,4,6,1090,0,1969,0,98092,47.3161,-122.182,1030,3200,152500.0,157787.08
2,1.0,860,5000,1.0,0,0,3,6,860,0,1915,1945,98146,47.5133,-122.356,1220,5000,256000.0,213404.25
3,1.0,910,7194,1.0,0,0,4,7,910,0,1971,0,98001,47.3337,-122.275,1530,7200,182500.0,180707.55
4,2.5,1800,4500,2.0,0,0,3,8,1800,0,1999,0,98075,47.5998,-122.014,1800,4500,485500.0,505741.0
5,2.5,2880,8216,2.0,0,0,3,8,2880,0,2001,0,98030,47.3747,-122.185,1960,7200,362000.0,368893.1
3,2.75,3370,5350,1.5,0,1,4,7,2310,1060,1910,0,98136,47.5373,-122.39,1720,5618,675000.0,679225.45
5,1.75,2650,11340,1.0,0,0,3,8,2650,0,1955,0,98004,47.626,-122.213,2780,13204,1388000.0,1049406.9
5,1.75,1250,10530,1.0,0,0,4,7,1250,0,1966,0,98007,47.6101,-122.138,1560,8190,462000.0,433501.5
3,2.25,1940,6500,1.0,0,0,3,8,1440,500,1979,0,98042,47.3565,-122.149,1880,8991,219000.0,296377.3
5,2.5,3210,12000,1.0,0,0,4,8,1830,1380,1968,0,98007,47.6205,-122.148,2450,12000,725000.0,733532.44
2,1.0,840,5087,1.0,0,0,3,7,840,0,1925,0,98118,47.5557,-122.278,1590,5087,315000.0,312372.22
4,2.25,2360,2500,2.0,0,3,3,8,1520,840,2001,0,98117,47.6771,-122.358,1810,3900,695000.0,716904.4266666665
3,2.5,2840,216493,2.0,0,0,3,9,2840,0,1991,0,98014,47.702,-121.892,2820,175111,560000.0,565910.8
3,2.0,1300,6000,1.0,0,0,5,7,1300,0,1943,0,98136,47.5482,-122.392,1230,6000,560000.0,448643.05
5,3.25,3990,13087,2.0,0,0,3,9,2400,1590,1991,0,98042,47.3632,-122.061,2580,13633,649000.0,548648.33
5,1.75,2000,8713,1.0,0,2,3,7,1000,1000,1962,0,98008,47.5882,-122.117,2040,8449,620000.0,505802.91
2,1.0,940,6000,1.0,0,0,2,7,940,0,1954,0,98148,47.4631,-122.329,1890,8547,246500.0,196571.14583333337
3,2.5,2110,4099,2.0,0,0,3,8,2110,0,2001,0,98072,47.7508,-122.17,2110,4871,548000.0,470342.12
4,2.25,2020,8400,1.0,0,0,4,8,1350,670,1961,0,98006,47.5488,-122.171,2060,8400,496600.0,557713.105
3,1.75,1680,7250,1.0,0,0,3,7,930,750,1952,0,98133,47.7201,-122.35,1340,7250,315000.0,416586.0
3,2.25,2300,35287,2.0,0,0,3,8,2300,0,1977,0,98022,47.2477,-121.937,1760,47916,330000.0,381084.27
4,2.75,3090,16538,3.0,0,0,4,8,2590,500,1919,1987,98116,47.5803,-122.403,1500,5130,1000000.0,864868.5
3,1.75,1550,5000,1.0,0,0,3,7,1250,300,1911,2011,98107,47.6722,-122.372,1110,5000,650000.0,546078.05
4,1.0,2210,4366,2.0,0,0,3,8,2210,0,1901,0,98122,47.6105,-122.309,1740,1745,589000.0,689439.6
4,2.5,2620,11200,1.0,0,0,4,8,1770,850,1962,0,98004,47.5876,-122.193,2360,11200,1030000.0,824475.96
2,1.75,2110,8700,1.0,0,4,4,9,1760,350,1960,0,98146,47.4912,-122.365,2120,9500,802000.0,712101.18
2,1.0,1740,8100,1.0,0,0,3,6,1050,690,1947,0,98168,47.4942,-122.304,960,8100,173000.0,250008.53333333333
3,1.0,1200,7000,2.0,0,0,1,7,1200,0,1908,0,98116,47.5883,-122.384,3290,6000,130000.0,500285.01
3,2.25,1550,1485,3.0,0,0,3,8,1550,0,2011,0,98103,47.6989,-122.346,1550,1480,380000.0,396104.55
4,2.5,3250,235063,1.0,0,2,3,9,3250,0,1973,0,98092,47.2582,-122.113,1600,44287,293000.0,605269.95
4,2.5,3280,16575,1.0,0,0,3,9,2190,1090,1972,0,98188,47.426,-122.285,1570,13209,706000.0,600638.32
2,1.0,1500,4120,1.5,0,0,3,5,880,620,1928,0,98055,47.4857,-122.2,1300,4120,262000.0,226800.0
3,1.0,1300,5782,1.0,0,0,4,6,1300,0,1959,0,98065,47.524,-121.821,1020,7200,281000.0,294710.8
4,2.5,2720,8000,1.0,0,0,4,7,1360,1360,1955,0,98136,47.5237,-122.391,1790,8000,710000.0,509100.78
3,1.5,1350,81549,1.0,0,0,2,7,1350,0,1966,0,98092,47.3099,-122.09,2220,93825,170000.0,330953.2166666666
3,1.5,1280,2114,1.5,0,0,3,8,1280,0,1904,0,98122,47.6174,-122.308,1540,1456,687500.0,534316.0
4,2.25,2140,10943,1.0,0,0,3,7,1550,590,1977,0,98034,47.7271,-122.215,2350,9000,502000.0,448210.0
4,2.5,2180,7204,2.0,0,0,3,8,2180,0,2014,0,98133,47.7221,-122.352,1500,7650,734000.0,627891.0
3,2.0,1410,4800,1.0,0,0,3,7,1410,0,1940,0,98117,47.6852,-122.378,1190,3840,481450.0,539123.5
3,2.0,1900,6660,1.0,0,0,5,7,950,950,1966,0,98038,47.3594,-122.054,1690,8111,250000.0,264052.4
3,1.0,910,7700,1.0,0,0,4,7,910,0,1971,0,98034,47.7303,-122.238,1250,7700,300000.0,326562.55
4,1.0,1010,7515,1.0,0,0,4,6,1010,0,1955,0,98198,47.4174,-122.316,1330,7515,248000.0,192215.9
3,2.0,1340,4320,1.0,0,0,3,5,920,420,1912,1993,98002,47.299,-122.228,980,6480,186000.0,218466.2
3,1.5,2120,6290,1.0,0,0,4,8,1220,900,1949,0,98108,47.5658,-122.318,1620,5400,440000.0,515077.32
3,1.0,970,4700,1.0,0,0,4,6,720,250,1943,0,98106,47.5285,-122.354,1560,4600,172000.0,264485.55
3,2.0,1440,7425,1.0,0,0,4,7,1440,0,1965,0,98034,47.7243,-122.185,1800,8344,405000.0,413663.0
5,2.5,2950,72309,2.0,0,0,3,8,2950,0,2006,0,98058,47.4186,-122.079,1480,56192,599000.0,503213.5
3,1.0,1210,7636,1.0,0,0,4,7,1210,0,1952,0,98118,47.5377,-122.266,1530,5900,457500.0,400798.7733333334
4,2.5,2180,11132,1.0,0,0,4,8,1620,560,1978,0,98023,47.3187,-122.367,1950,13801,275000.0,293015.13
3,1.75,1220,7370,1.0,0,0,4,7,1220,0,1964,0,98008,47.6334,-122.12,1580,8213,500000.0,406318.5
4,1.75,1440,8536,1.0,0,0,4,7,1440,0,1961,0,98033,47.6775,-122.18,1720,9748,472500.0,481352.19666666666
3,2.5,1910,2091,2.0,0,0,3,8,1910,0,2014,0,98029,47.5445,-122.013,1630,1546,494815.0,472242.13
4,1.0,1390,9023,1.5,0,0,3,7,1390,0,1955,0,98155,47.7754,-122.296,1760,9023,342000.0,319964.5
4,3.75,3250,10949,2.0,0,0,4,9,2940,310,1930,1989,98004,47.639,-122.219,2340,15234,1208000.0,1417504.7
4,2.5,3305,16164,1.5,0,0,5,7,2245,1060,1922,1956,98133,47.7563,-122.338,1620,8883,492000.0,506425.3333333334
3,2.0,1200,5029,1.0,0,0,3,6,880,320,1937,0,98115,47.6936,-122.294,1510,5854,420000.0,442071.32
2,2.0,1670,4996,1.0,0,0,3,8,1670,0,2004,0,98053,47.7141,-122.031,1670,4996,554000.0,549334.85
4,3.0,3350,23781,1.0,0,0,4,9,2020,1330,1979,0,98006,47.56,-122.132,2870,12036,805000.0,908164.83
4,2.5,2470,35073,2.0,0,0,3,9,2470,0,1989,0,98092,47.3064,-122.108,2990,35259,485000.0,452142.35
1,1.0,670,4920,1.0,0,0,3,5,670,0,1920,0,98126,47.5342,-122.373,1050,4920,310000.0,245022.25
4,2.5,2400,6811,2.0,0,0,3,8,2400,0,2007,0,98059,47.4959,-122.15,2710,5314,456500.0,462075.12
3,1.5,1690,10250,1.0,0,0,4,7,1690,0,1955,0,98166,47.4531,-122.344,1990,11084,330000.0,329331.6
3,1.0,1410,47916,1.0,0,0,3,7,1410,0,1981,0,98019,47.7149,-121.96,1810,215622,211000.0,385255.0
4,2.5,2460,5000,2.0,0,0,5,8,1620,840,1938,0,98112,47.6282,-122.293,2320,5000,965000.0,942534.5
4,1.75,1660,8160,1.0,0,0,3,8,1660,0,1974,0,98058,47.4483,-122.129,1800,7684,374950.0,329535.3
3,2.0,1870,8442,1.5,0,0,5,7,1060,810,1927,0,98117,47.6964,-122.365,1640,6174,456000.0,506401.38
5,2.75,2730,22572,1.0,0,0,3,7,2080,650,1968,1992,98075,47.5951,-122.037,2260,15458,599000.0,621590.36
3,2.5,2110,208737,2.0,0,3,3,9,2110,0,1977,0,98092,47.2674,-122.072,2390,125017,500000.0,556237.0
4,2.5,2300,9900,1.0,0,2,3,8,1600,700,1961,0,98136,47.5256,-122.385,2510,7500,740000.0,620587.88
3,3.75,3890,7140,1.0,0,2,3,8,2390,1500,1943,2007,98178,47.5073,-122.239,1820,7320,430000.0,476686.9
4,2.5,3320,7429,2.0,0,0,3,9,3320,0,2014,0,98034,47.7189,-122.225,1840,7429,799950.0,775567.25
3,2.5,2860,4500,2.0,0,2,3,8,1980,880,1915,0,98119,47.6463,-122.371,2310,4500,1225000.0,921474.75
3,1.75,1400,5648,1.5,0,0,5,6,1400,0,1917,0,98056,47.5133,-122.196,2320,9420,249000.0,301659.4166666667
5,2.0,3530,9385,1.5,0,0,3,9,3530,0,1925,0,98144,47.5774,-122.285,4100,9203,930000.0,1798325.3
4,2.25,2670,9040,1.0,0,0,3,8,2170,500,1955,0,98148,47.4666,-122.326,1880,2648,339950.0,381293.72
6,3.0,3840,14040,1.5,0,3,3,8,2460,1380,1949,0,98178,47.506,-122.241,2170,6765,612000.0,608626.28
4,2.5,1950,5602,1.0,0,0,5,7,1120,830,1966,0,98118,47.5437,-122.291,2000,6050,428000.0,434221.5
4,2.75,2200,8580,1.0,0,0,3,8,1860,340,1991,0,98023,47.295,-122.37,2290,7816,315000.0,284689.78
3,2.0,1490,3880,1.0,0,0,3,7,1490,0,1959,0,98107,47.662,-122.363,1490,3880,550000.0,550942.1
3,2.5,2010,2287,2.0,0,0,3,8,1390,620,2014,0,98029,47.5517,-121.998,1690,1662,453246.0,474955.21
2,1.0,800,7260,1.0,0,0,3,7,800,0,1953,0,98126,47.5359,-122.367,1010,7440,325000.0,305399.72
3,2.5,3140,10983,2.0,0,0,3,10,3140,0,1991,0,98075,47.5595,-122.04,3140,10983,810000.0,764749.05
4,2.25,2290,10409,2.0,0,0,3,8,2290,0,1972,0,98005,47.6351,-122.168,2040,10409,745000.0,713741.64
3,1.0,1200,5650,1.5,0,0,3,7,1200,0,1928,0,98178,47.5065,-122.249,1610,5650,329000.0,228160.02
3,1.75,2090,7461,1.0,0,0,3,6,1200,890,1986,0,98030,47.3764,-122.184,1420,7462,258000.0,261785.36
2,1.0,790,5800,1.0,0,0,3,6,790,0,1943,0,98117,47.6973,-122.36,1460,5800,418500.0,347240.82
2,1.0,1802,11225,1.0,0,0,3,7,1802,0,1961,0,98125,47.7205,-122.323,1810,7332,320000.0,432635.07
3,2.25,2090,8095,2.0,0,2,3,10,2090,0,1988,0,98136,47.5287,-122.385,1940,5635,550000.0,769962.89
4,2.5,2600,6536,2.0,0,0,3,9,2600,0,1999,0,98056,47.5232,-122.191,2640,6185,600000.0,561908.5
3,1.75,1750,11180,1.0,0,0,3,8,1750,0,1968,0,98059,47.4713,-122.117,1730,11180,260000.0,328335.1
2,1.75,1700,5000,1.0,0,0,3,6,850,850,1915,0,98117,47.6787,-122.363,1690,5000,511718.0,511719.0
3,2.0,1210,9926,1.0,0,0,4,7,1210,0,1954,2015,98006,47.5731,-122.135,1690,9737,335000.0,482467.26
3,1.5,1460,11100,1.0,0,0,3,7,1460,0,1956,0,98003,47.3253,-122.298,1460,11100,207000.0,236199.33
4,2.5,2840,4750,2.0,0,0,3,9,2840,0,2002,0,98058,47.4511,-122.121,2460,4750,525000.0,453365.0
3,1.0,1180,6050,1.0,0,0,3,6,820,360,1944,0,98178,47.4945,-122.249,1070,6050,194000.0,228047.6
4,2.5,2665,5868,2.0,0,0,3,9,2665,0,2006,0,98030,47.3831,-122.185,2665,6092,340000.0,370549.5
3,2.0,1560,2589,1.0,0,0,3,7,790,770,1923,2001,98103,47.6587,-122.344,1450,3893,604000.0,546514.48
3,1.75,2140,13598,1.5,0,0,4,7,1620,520,1970,0,98014,47.7139,-121.321,930,10150,375000.0,412302.7
3,1.0,1280,9000,1.5,0,0,4,6,1280,0,1954,0,98146,47.4915,-122.338,1430,4500,240000.0,247971.4
2,1.0,1090,3160,1.0,0,0,3,7,840,250,1926,0,98109,47.6385,-122.344,1070,3160,474000.0,509829.5
3,1.75,1800,5816,1.0,0,0,5,7,900,900,1947,0,98199,47.6529,-122.407,1650,5816,719000.0,586124.91
3,1.5,1380,4290,1.0,0,0,3,7,1080,300,1955,0,98107,47.674,-122.379,1510,3900,525000.0,627924.5
4,2.75,3250,5500,2.0,0,0,3,9,3250,0,2007,0,98027,47.5398,-121.997,3920,6000,800000.0,803014.26
3,2.0,1360,2500,1.0,0,0,3,7,730,630,1986,0,98107,47.6753,-122.363,1630,5000,499950.0,491670.42
4,2.25,2300,9100,1.0,0,0,3,7,1280,1020,1977,0,98058,47.4576,-122.16,1640,9100,265000.0,337357.0
2,2.5,1700,6635,2.0,0,0,4,8,1700,0,1976,0,98052,47.6655,-122.13,1700,6635,407000.0,441764.88
3,1.0,1140,10320,1.0,0,0,4,7,1140,0,1963,0,98034,47.7168,-122.196,1140,10412,379000.0,355331.0
4,2.25,2510,11585,2.0,0,0,4,8,2510,0,1969,0,98040,47.5483,-122.226,2450,9691,799000.0,849636.5
4,2.75,3990,6637,2.0,0,0,3,9,3990,0,2003,0,98053,47.6835,-122.045,3500,7074,825000.0,853012.39
5,2.75,3220,8160,2.0,0,0,3,9,3220,0,1999,0,98001,47.3154,-122.254,2876,11521,384000.0,464651.89
3,2.25,1770,7667,1.0,0,0,3,8,1270,500,1966,0,98177,47.7724,-122.362,2180,8103,520000.0,455324.71
3,1.75,1770,9000,1.0,0,0,3,7,1090,680,1954,0,98168,47.4997,-122.326,1520,21141,286000.0,276167.7
2,1.75,2320,5500,1.5,0,2,3,8,1720,600,1925,2000,98144,47.586,-122.292,2380,5000,700000.0,781366.6
5,3.0,2800,5700,2.0,0,0,3,8,2800,0,2014,0,98059,47.4969,-122.145,2910,5349,639983.0,526106.25
4,2.5,2390,7115,2.0,0,0,3,9,2390,0,1999,0,98092,47.2593,-122.222,2600,7916,360000.0,364011.75
6,2.75,4430,6440,2.0,0,3,3,10,2680,1750,1964,2015,98118,47.5462,-122.265,3530,7314,1485000.0,1361137.5
4,3.0,1900,9077,2.0,0,0,3,7,1900,0,1954,2015,98155,47.7684,-122.304,1900,12868,459000.0,405550.75
2,1.75,1894,52769,1.5,0,0,4,6,1520,374,1936,0,98001,47.3088,-122.273,1820,50529,280000.0,317883.68
4,2.75,3390,6298,2.0,0,0,3,9,3390,0,2011,0,98074,47.5906,-122.062,3390,7111,859900.0,837915.81
3,1.75,2040,42693,1.0,0,2,3,10,2040,0,1980,0,98052,47.6479,-122.12,2640,11957,1320000.0,717020.71
3,1.75,2300,16474,1.0,0,0,3,7,1220,1080,1984,0,98072,47.7609,-122.144,1940,15601,482000.0,479552.0
3,1.75,1520,8835,1.0,0,0,4,7,1520,0,1957,0,98008,47.6054,-122.118,1760,8580,525000.0,486544.88
3,2.25,1800,9010,1.0,0,0,3,7,1300,500,1975,0,98155,47.7722,-122.312,1950,10240,365000.0,410110.96
3,1.0,880,7648,1.0,0,2,4,6,880,0,1940,0,98022,47.1963,-121.997,1020,7566,215000.0,206012.36666666667
4,2.5,2880,9202,1.0,0,0,3,8,1780,1100,1977,0,98052,47.6658,-122.139,2500,10265,680000.0,665585.6
5,2.75,2600,8160,2.0,0,0,3,8,2600,0,2015,0,98133,47.7348,-122.34,1600,8160,628000.0,567968.65
3,1.0,2120,31564,1.0,0,0,3,7,1220,900,1942,0,98168,47.4938,-122.298,1790,11571,200000.0,272035.4
4,1.75,1580,5340,1.0,0,0,3,7,1130,450,1947,0,98144,47.6003,-122.306,830,980,400000.0,439915.1666666666
2,1.75,870,4000,1.0,0,0,3,6,870,0,1941,0,98126,47.5657,-122.376,1420,4000,410000.0,331344.94
3,2.0,1310,9855,1.0,0,0,3,7,1310,0,1962,0,98034,47.7296,-122.241,1310,8370,300000.0,355547.8
3,1.0,970,9583,1.0,0,0,4,6,970,0,1967,0,98023,47.3044,-122.366,970,7875,209950.0,192267.45
3,2.5,1600,3573,2.0,0,0,3,7,1600,0,2013,0,98056,47.507,-122.181,1500,11089,305450.0,316766.25
3,2.5,1370,22326,2.0,0,0,3,7,1370,0,1993,0,98045,47.4469,-121.775,1580,10920,280000.0,305837.84
3,1.75,1210,9635,1.0,0,0,4,7,1210,0,1987,0,98019,47.7382,-121.98,1550,10707,340000.0,346300.07
3,2.5,1510,10875,1.0,0,0,3,7,1150,360,1990,0,98003,47.3482,-122.3,1810,9916,247000.0,260637.54
3,2.0,1610,15005,1.0,0,0,4,7,1610,0,1986,0,98014,47.6886,-121.911,1610,15479,345000.0,325250.43
4,2.75,3540,7091,1.5,0,1,4,8,1970,1570,1947,0,98199,47.6467,-122.394,2200,6000,784000.0,895569.84
3,1.75,1530,6743,1.0,0,0,3,7,1410,120,1955,0,98116,47.5745,-122.396,2040,6000,575000.0,627664.81
3,1.0,1290,6859,1.0,0,0,4,7,1290,0,1941,0,98136,47.5317,-122.387,1560,6369,535000.0,362948.9333333333
4,3.0,2110,1286,2.0,0,0,3,9,1710,400,2007,0,98029,47.5444,-122.014,2000,1286,585000.0,588952.26
3,2.0,1260,5460,1.0,0,0,3,7,1260,0,1972,0,98034,47.7355,-122.18,1510,5460,505000.0,332783.6
3,1.0,900,4750,1.0,0,0,4,6,900,0,1969,0,98023,47.3026,-122.363,900,3404,89000.0,153763.75
2,2.0,1300,3850,1.0,0,0,3,7,800,500,1963,0,98136,47.5395,-122.39,950,5500,378000.0,379858.6
1,1.5,810,3211,2.0,0,0,4,7,810,0,1982,0,98033,47.6939,-122.184,1320,3298,285000.0,345958.25
3,2.0,2740,101930,1.0,0,2,3,9,2740,0,1999,0,98045,47.5056,-121.77,2140,83635,850000.0,618134.5
3,1.0,1010,9750,1.0,0,0,5,7,1010,0,1969,0,98042,47.3244,-122.144,1230,9750,202000.0,215771.45
2,1.75,1320,2609,1.0,0,0,4,7,920,400,1938,0,98117,47.6878,-122.366,1200,4220,422000.0,492311.74
4,3.5,3920,9555,2.0,0,0,3,9,3920,0,2004,0,98053,47.6797,-122.025,3920,8598,889000.0,884918.14
3,2.5,2690,7000,2.0,0,0,5,7,1840,850,1943,0,98115,47.6784,-122.277,1800,6435,925000.0,738911.9
4,2.5,2300,11165,2.0,0,0,4,8,2300,0,1979,0,98008,47.5794,-122.118,2170,11165,592000.0,620849.37
4,2.25,2380,17199,2.0,0,0,3,8,1530,850,1979,0,98028,47.7668,-122.27,2280,11529,470000.0,502567.4
3,1.0,1510,6200,1.0,0,0,3,6,1010,500,1955,0,98118,47.5293,-122.274,1710,8623,299000.0,278208.6
5,4.5,4630,6324,2.0,0,0,3,9,3210,1420,2006,0,98065,47.5382,-121.86,4420,6790,809000.0,765369.8
3,2.5,2820,8159,2.0,0,0,3,9,2820,0,2004,0,98029,47.5527,-121.992,2910,5000,735000.0,715511.5
4,3.5,3310,4850,2.0,0,0,3,9,3310,0,2010,0,98053,47.6954,-122.022,3320,5955,785000.0,795258.76
4,1.5,1370,9957,1.0,0,0,3,7,900,470,1972,0,98034,47.7237,-122.181,1510,8088,370000.0,354356.0
3,2.5,3020,12184,2.0,0,0,3,8,3020,0,2003,0,98019,47.744,-121.976,2980,10029,515000.0,528456.0
4,2.5,3130,10849,2.0,0,0,3,10,3130,0,2013,0,98033,47.6828,-122.186,2470,9131,999000.0,943732.77
4,2.75,2100,7236,1.0,0,0,3,8,1400,700,1979,0,98034,47.7267,-122.232,1900,7519,491500.0,469121.25
3,1.0,1170,8816,1.0,0,0,4,6,1170,0,1966,0,98023,47.3059,-122.368,1200,9108,207500.0,202773.24
3,2.25,2950,15207,1.0,0,0,4,10,2070,880,1966,0,98040,47.5571,-122.216,2950,22000,992000.0,1105697.0
2,1.5,1230,1561,2.0,0,0,3,7,1230,0,1983,0,98042,47.3768,-122.149,1660,2243,139500.0,214572.69
4,2.5,2850,8526,2.0,0,0,3,9,2850,0,1998,0,98033,47.6747,-122.191,2440,7072,895000.0,938232.18
4,2.5,2610,7333,2.0,0,0,3,8,2610,0,1988,0,98003,47.2721,-122.293,2280,9033,360000.0,324684.7
1,2.25,1220,2100,2.0,0,2,4,8,1220,0,1946,1979,98033,47.6703,-122.204,3150,6000,611900.0,678029.5233333334
5,2.25,2650,9140,1.0,0,1,3,8,1350,1300,1965,0,98177,47.7772,-122.387,2700,7800,536000.0,570808.0
3,2.5,2090,8653,2.0,0,0,3,8,2090,0,1989,0,98011,47.7498,-122.184,2090,6396,455000.0,470813.3
4,2.5,2550,5835,2.0,0,0,3,8,2550,0,1998,0,98065,47.5373,-121.87,2420,5817,543500.0,549866.0
3,1.75,1890,100623,1.0,0,3,3,8,1890,0,1978,0,98053,47.6454,-121.978,2110,50529,550000.0,557747.1266666666
4,3.25,2110,3000,2.0,0,0,3,8,2110,0,2001,0,98115,47.6769,-122.328,1780,4000,796000.0,682508.2
4,3.5,3350,19487,1.0,0,0,3,11,2460,890,1992,0,98075,47.5796,-121.998,3360,19460,845000.0,827384.5
4,2.25,1940,9144,1.0,0,0,4,7,1430,510,1956,0,98007,47.5942,-122.135,1460,9437,495000.0,491915.19
4,2.25,2870,5453,2.0,0,1,4,8,2220,650,1926,0,98146,47.5129,-122.388,1660,4800,665900.0,633357.0
3,3.0,1280,1085,3.0,0,0,3,8,1280,0,2004,0,98103,47.6569,-122.346,1300,1310,533000.0,495855.0
3,1.0,1050,6000,1.0,0,0,3,7,1050,0,1952,0,98116,47.5709,-122.401,1720,6000,400000.0,461289.04
3,1.0,1420,9600,1.0,0,0,4,6,1420,0,1954,0,98188,47.4232,-122.292,1400,8415,147200.0,242649.17
4,2.25,2380,128937,1.0,0,0,4,7,2380,0,1960,0,98038,47.4253,-122.043,1030,114998,276500.0,434232.0
4,2.25,2400,7738,1.5,0,0,3,8,2400,0,1964,0,98148,47.4562,-122.33,2170,8452,278000.0,390028.94
4,1.75,2120,7680,1.0,0,0,4,7,1060,1060,1950,0,98177,47.7172,-122.361,1530,7680,379400.0,455173.29
3,2.0,1980,2674,3.0,0,0,3,8,1980,0,2007,0,98136,47.5524,-122.382,1440,2674,435000.0,486908.0
4,1.0,1010,7200,1.5,0,0,3,6,1010,0,1947,0,98155,47.742,-122.325,1360,7200,290000.0,310083.25666666665
3,2.5,1550,4486,2.0,0,0,3,7,1550,0,2000,0,98001,47.3299,-122.269,1700,4487,280000.0,255645.25
3,1.75,1510,30185,1.5,0,0,3,7,1510,0,1976,0,98058,47.4118,-122.089,1470,12465,320000.0,281403.36
3,1.0,1560,3960,1.5,0,0,4,7,1560,0,1907,0,98144,47.5936,-122.301,1280,3960,595000.0,489031.5
3,2.0,2330,3600,1.5,0,0,4,7,1580,750,1900,0,98122,47.6025,-122.303,1750,3600,549000.0,610295.9
2,1.0,1200,6014,1.0,0,0,4,6,600,600,1949,0,98118,47.5357,-122.28,1270,4652,395000.0,341260.22
4,1.75,2150,9000,1.0,0,0,4,7,1110,1040,1966,0,98052,47.6812,-122.113,2040,9000,550000.0,525431.7133333334
5,3.0,2570,5590,1.0,0,0,3,8,1580,990,2009,0,98034,47.7271,-122.228,2020,10500,540000.0,538617.4
3,2.5,2510,6320,2.0,0,0,3,9,2510,0,1996,0,98075,47.5868,-122.033,2518,5819,659000.0,645009.5
3,3.25,3610,59677,2.0,0,0,3,10,2440,1170,2003,0,98027,47.5464,-122.088,3130,65775,777000.0,885679.0
4,2.5,2310,5100,2.0,0,0,3,9,2310,0,2013,0,98177,47.7039,-122.36,1260,5100,685000.0,657740.81
4,2.5,2400,7092,2.0,0,0,3,7,2400,0,1997,0,98133,47.7522,-122.338,2350,8310,442500.0,462991.41
3,2.25,2360,5504,2.0,0,0,4,8,2080,280,1913,0,98122,47.617,-122.288,2840,5470,1325000.0,952750.0
4,2.5,3480,12696,1.0,0,0,4,9,1980,1500,1977,0,98042,47.3816,-122.153,3480,14175,490000.0,536379.5
5,2.75,3750,12077,2.0,0,4,3,10,3750,0,2005,0,98038,47.3525,-122.002,3120,7255,775000.0,687997.45
3,2.5,1930,8254,2.0,0,0,3,7,1930,0,2014,0,98146,47.4973,-122.346,1540,8849,369950.0,338106.0
4,5.5,6550,217374,1.0,0,0,3,11,5400,1150,2006,0,98058,47.4302,-122.095,4110,50378,1500000.0,1438447.0
4,2.5,2090,5195,2.0,0,0,3,7,2090,0,2007,0,98031,47.3986,-122.166,2090,5236,300000.0,313225.74
3,2.5,1570,9292,1.0,0,0,3,7,1110,460,1977,0,98001,47.3386,-122.272,1470,9222,284200.0,245825.5
3,2.25,1910,35015,1.0,0,0,4,8,1430,480,1977,0,98027,47.4672,-122.006,2340,36680,532000.0,411842.55
3,1.75,1090,7647,1.0,0,0,3,7,1090,0,1994,0,98003,47.2613,-122.302,1660,9219,236000.0,211558.6666666667
4,1.75,1690,7680,1.0,0,0,5,6,890,800,1946,0,98126,47.5296,-122.375,1060,7680,400375.0,415739.7
4,1.75,2350,11914,1.0,0,0,4,8,2350,0,1961,0,98040,47.5392,-122.228,2240,10706,850000.0,791024.94
4,1.75,2360,11300,1.0,0,0,4,9,2360,0,1974,0,98006,47.5728,-122.163,2290,11951,732000.0,793605.94
3,2.5,3400,38400,1.0,0,4,3,8,1870,1530,1955,2015,98177,47.7611,-122.372,3400,24338,825000.0,851570.5
2,1.0,770,6542,1.0,0,0,3,6,770,0,1948,0,98155,47.747,-122.301,1120,8149,259950.0,271639.62
3,1.75,1480,8475,1.0,0,0,4,7,1480,0,1968,0,98023,47.3126,-122.361,1800,8800,234000.0,238018.65
4,1.5,1920,7973,1.0,0,0,3,8,1920,0,1955,0,98178,47.4961,-122.235,2020,8840,240000.0,323254.8
5,3.25,5620,12672,2.0,0,0,4,11,4140,1480,1916,0,98144,47.5786,-122.287,4470,8050,2500000.0,2174585.0
3,2.0,1630,6550,1.0,0,0,5,7,850,780,1912,0,98126,47.5452,-122.379,1440,6550,464000.0,520107.85
3,2.5,1670,2575,2.0,0,0,3,8,1670,0,2000,0,98027,47.531,-122.047,1670,2897,500000.0,447854.68
4,1.75,2370,8400,1.0,0,0,5,9,1270,1100,1949,0,98105,47.6716,-122.264,2370,8400,1130000.0,851050.01
3,1.75,2570,14033,1.0,0,2,4,8,2570,0,1953,0,98166,47.4335,-122.338,2550,16100,567500.0,529839.6
4,2.25,2450,34092,2.0,0,0,4,8,2450,0,1980,0,98075,47.5751,-122.049,2410,35378,682000.0,630961.04
5,3.0,4530,258746,1.5,0,0,4,9,3200,1330,2003,0,98077,47.7702,-122.066,3430,83199,950000.0,906451.69
5,3.25,4500,9648,2.0,0,4,4,8,3000,1500,1968,0,98125,47.7262,-122.282,2780,21132,860000.0,796678.9
3,2.5,1800,7318,2.0,0,0,3,8,1800,0,1989,0,98029,47.5747,-122.008,1800,5414,495000.0,513351.24
3,1.0,1300,6098,1.0,0,0,3,7,1300,0,2013,0,98014,47.7074,-121.364,1300,6849,155000.0,327124.9
4,3.25,1960,7200,2.0,0,0,3,7,1960,0,1979,0,98034,47.7291,-122.218,1980,7529,445000.0,448463.37
3,2.0,2360,18000,1.0,0,0,4,8,2180,180,1951,0,98177,47.7133,-122.367,2600,17300,709000.0,803255.9
3,1.75,2340,6750,1.5,0,0,5,7,1620,720,1914,0,98103,47.6956,-122.335,1410,3388,645000.0,598676.86
3,1.0,1020,5870,1.0,0,0,3,6,1020,0,1941,0,98155,47.741,-122.314,1160,6901,242500.0,308077.83666666667
3,1.0,1390,8333,1.0,0,0,3,7,1390,0,1982,0,98155,47.7652,-122.31,1320,7090,315000.0,317926.72
3,1.5,1780,12231,1.0,0,0,4,8,1780,0,1956,0,98003,47.335,-122.321,2460,12663,285000.0,279233.03
5,2.25,2500,8621,1.5,0,0,4,7,2500,0,1968,0,98034,47.7379,-122.185,1980,7395,525000.0,465863.9
4,2.0,2380,6122,1.0,0,2,4,8,1310,1070,1949,0,98199,47.6506,-122.405,1810,5202,812000.0,731763.13
4,2.75,2360,4924,2.0,0,0,3,8,2360,0,2008,0,98028,47.7737,-122.235,2360,4670,525000.0,513912.77
4,2.25,2620,10920,1.0,0,0,3,9,2620,0,1965,0,98005,47.6117,-122.164,2370,11907,950000.0,897530.01
4,2.0,2220,14120,1.0,0,0,3,7,1200,1020,1966,0,98042,47.361,-122.116,1300,9709,225000.0,279495.96
4,1.0,1190,7920,1.0,0,0,3,6,890,300,1951,0,98126,47.5305,-122.371,1140,7920,190000.0,321778.1
3,1.0,1400,8710,1.0,0,0,4,7,1400,0,1948,0,98146,47.5066,-122.377,1460,8710,380000.0,318078.5
2,2.0,1200,3624,2.0,0,0,3,6,1200,0,2003,0,98038,47.349,-122.025,1360,2693,234000.0,210598.08
3,2.5,2550,5349,2.0,0,0,3,7,2550,0,2004,0,98038,47.3504,-122.026,2640,5400,394000.0,359826.64
3,1.75,1590,7560,1.0,0,0,3,7,1130,460,1984,0,98031,47.4016,-122.18,1500,7560,250000.0,251917.96
3,1.75,1650,12349,1.0,0,0,3,7,1650,0,1957,0,98188,47.442,-122.282,1470,10763,259500.0,257014.16666666663
5,3.75,4130,226076,2.0,0,0,3,9,3170,960,1985,0,98077,47.715,-122.065,4130,55321,900000.0,959738.33
3,3.0,2990,9773,2.0,0,0,4,8,2990,0,1973,0,98005,47.6344,-122.174,2230,11553,849950.0,881492.84
4,2.5,1580,3632,2.0,0,0,3,7,1580,0,2011,0,98038,47.3672,-122.019,1950,3800,299900.0,292446.5
3,1.75,1620,12825,1.0,0,0,3,8,1340,280,1962,0,98003,47.3321,-122.323,2076,11200,298000.0,267650.36
3,1.5,1710,4500,1.5,0,0,3,8,1410,300,1928,0,98118,47.5366,-122.268,1860,6000,462000.0,548108.5
3,1.0,1010,9920,1.0,0,0,3,6,1010,0,1977,0,98042,47.3238,-122.14,1270,9680,179900.0,208197.15
3,3.5,2876,5086,2.0,0,0,3,8,2360,516,2007,0,98072,47.7511,-122.173,2390,4419,525000.0,565058.3
3,2.5,1480,9743,2.0,0,0,4,7,1480,0,1996,0,98010,47.3293,-122.001,1810,9601,269950.0,267568.17
2,2.5,2310,3313,2.0,0,0,3,9,2310,0,2006,0,98119,47.6318,-122.365,2700,5670,1248000.0,954213.81
1,1.5,1900,40600,1.5,0,0,5,9,1450,450,1977,0,98027,47.4718,-122.009,2920,40427,550000.0,528727.16
3,2.5,2655,5080,2.0,0,0,3,8,2655,0,2013,0,98023,47.2972,-122.348,2879,5232,409950.0,355733.04
3,1.0,1280,8184,1.5,0,0,4,6,1280,0,1947,0,98155,47.7467,-122.319,1120,8184,304000.0,333351.82
3,1.75,4060,136290,1.0,0,0,3,8,2810,1250,1995,0,98045,47.4843,-121.719,1300,51836,718000.0,597701.99
3,1.75,1860,15681,1.0,0,0,4,7,1860,0,1971,0,98023,47.3191,-122.339,1860,22979,275000.0,275577.71
4,3.0,3690,9892,2.0,0,0,3,10,3690,0,1998,0,98075,47.5937,-121.982,3430,11294,865000.0,836471.74
4,2.25,2020,85813,2.0,0,0,3,7,2020,0,1995,0,98027,47.483,-122.026,2120,85813,490000.0,448206.5
4,2.5,2110,6820,1.0,0,0,5,7,1530,580,1942,0,98115,47.6882,-122.306,1420,6431,650000.0,603553.36
3,2.5,1430,10200,1.0,0,0,3,7,1430,0,1960,0,98033,47.7012,-122.166,1470,10350,405000.0,426271.25
3,2.25,1820,99752,1.0,0,0,4,7,1820,0,1969,0,98092,47.2838,-122.006,1850,117612,369000.0,358347.2
3,2.0,1060,11765,1.0,0,0,4,6,1060,0,1951,0,98125,47.7333,-122.302,1500,9151,336000.0,312153.7833333333
3,2.5,1580,8541,2.0,0,0,3,7,1580,0,1990,0,98001,47.3334,-122.289,1640,7542,213550.0,259705.49
4,2.25,2090,45738,2.0,0,0,3,8,2090,0,1987,0,98053,47.6876,-122.049,3420,45738,600000.0,643277.04
3,1.0,1470,8400,1.0,0,0,4,7,1470,0,1953,0,98133,47.7628,-122.354,1470,8400,352500.0,363717.21
3,2.25,1170,1249,3.0,0,0,3,8,1170,0,2014,0,98107,47.6722,-122.381,1350,1310,519950.0,501313.0
3,1.0,940,8400,1.0,0,0,5,7,940,0,1958,0,98056,47.5112,-122.167,950,8400,253905.0,259245.55
3,2.25,1740,6650,1.0,0,0,3,7,1240,500,1978,0,98023,47.2979,-122.379,1740,7000,305000.0,215737.25
3,1.0,1140,8800,1.0,0,0,3,7,1140,0,1972,0,98001,47.2629,-122.275,1270,13560,172500.0,203265.0
5,1.75,2040,8996,1.0,0,2,4,7,1020,1020,1962,0,98008,47.588,-122.118,1950,8270,561750.0,533453.38
3,2.5,1480,15639,2.0,0,0,3,8,1480,0,1987,0,98045,47.4723,-121.746,1480,16454,275000.0,350004.6
3,2.5,2529,9653,2.0,0,0,3,7,2529,0,2012,0,98042,47.3738,-122.161,2533,6125,370950.0,363969.18
5,3.0,3350,9450,2.0,0,0,5,8,2180,1170,1912,1980,98103,47.6705,-122.34,2660,4500,1000000.0,1019132.0
2,1.0,1320,4750,1.5,0,0,4,7,1320,0,1928,0,98107,47.6729,-122.38,1360,2873,575000.0,568196.7
5,2.5,2460,5604,2.0,0,0,3,8,2460,0,2011,0,98038,47.3658,-122.037,2210,6395,358000.0,392534.66
2,1.75,1210,1161,2.0,0,0,3,8,1210,0,2014,0,98029,47.5513,-121.998,1700,2285,395000.0,386502.54
4,2.5,2170,10500,1.0,0,0,3,7,1570,600,1962,0,98155,47.7512,-122.295,1850,11127,420000.0,431008.5
4,1.75,2800,49149,1.0,0,0,4,7,1400,1400,1978,0,98027,47.4649,-122.034,2560,61419,440000.0,486019.99
8,2.75,4040,20666,1.0,0,0,4,9,2020,2020,1962,0,98004,47.634,-122.221,3670,20500,1650000.0,1656364.0
5,1.5,1900,10226,1.0,0,0,3,7,1130,770,1961,0,98034,47.7226,-122.227,1690,10227,415000.0,435351.72
3,3.0,2330,1944,2.5,0,0,3,8,1950,380,2014,0,98027,47.5446,-122.016,2290,1407,669950.0,647358.5
3,2.5,2393,4788,2.0,0,0,3,8,2393,0,2012,0,98055,47.4517,-122.204,2439,5477,400000.0,414445.09
3,1.5,1940,8951,1.0,0,0,3,7,1300,640,1958,0,98168,47.473,-122.328,2000,8319,299950.0,290084.5
4,3.25,4830,22257,2.0,1,4,4,11,4830,0,1990,0,98039,47.6409,-122.241,3820,25582,3640900.0,2834880.0
2,1.0,700,3400,1.0,0,0,3,6,700,0,1946,0,98112,47.6212,-122.296,1570,4512,399000.0,390685.34
4,1.0,1230,8316,1.5,0,0,3,7,1230,0,1963,0,98034,47.7269,-122.24,1490,8316,340000.0,356966.04
3,2.0,2020,7260,1.5,0,0,3,7,1180,840,1926,0,98108,47.5496,-122.311,1400,5950,317000.0,382408.11
4,2.5,3430,43560,1.5,0,2,5,10,3430,0,1979,0,98005,47.6426,-122.18,3700,44431,960000.0,1156162.6
3,1.0,1090,17630,1.0,0,0,4,7,1090,0,1962,0,98002,47.288,-122.196,1300,12000,197000.0,205656.25333333336
5,2.75,3810,9360,2.0,0,0,3,10,3810,0,2014,0,98004,47.6039,-122.194,2110,9870,1700000.0,1476666.4
3,2.25,2150,9900,1.0,0,0,3,8,1450,700,1977,0,98052,47.6647,-122.149,2170,9500,458000.0,569940.92
4,1.75,2020,6200,1.0,0,0,4,6,1010,1010,1948,0,98133,47.7013,-122.35,1440,4158,575000.0,475136.07
6,4.0,3300,5720,1.0,0,0,3,8,1960,1340,1963,0,98115,47.676,-122.309,2030,4080,780000.0,855364.53
4,4.25,4480,5715,2.0,0,0,3,7,3680,800,2003,0,98030,47.373,-122.179,2190,6070,490000.0,472932.44
4,2.5,1990,8034,2.0,0,0,4,10,1990,0,1989,0,98029,47.561,-122.018,2580,8034,639000.0,635442.55
3,1.0,1020,18050,1.0,0,0,3,7,1020,0,1969,0,98027,47.5254,-122.043,1750,11640,399950.0,351452.5
3,1.75,1470,8350,1.0,0,0,3,7,1470,0,1990,0,98001,47.2587,-122.253,1590,8182,212000.0,222343.66
2,1.0,980,3080,1.5,0,0,3,7,980,0,1910,1946,98103,47.6646,-122.339,1450,3333,550000.0,511549.41
4,2.5,1160,16008,1.0,0,0,4,7,1160,0,1989,0,98155,47.7643,-122.295,1570,12645,415000.0,344409.61
3,1.0,1070,5750,1.0,0,0,3,7,1070,0,1952,0,98178,47.5071,-122.255,1420,6500,239300.0,226634.34
4,2.0,1400,4800,2.0,0,0,3,7,1400,0,1986,0,98122,47.6168,-122.298,1620,2595,815000.0,498187.74
3,2.5,1760,2688,2.0,0,0,3,7,1760,0,2005,0,98059,47.4903,-122.166,1760,2329,294500.0,287226.69
3,2.0,1760,7147,1.0,0,0,4,6,880,880,1936,0,98055,47.4799,-122.232,1720,7147,287500.0,238848.7
2,1.0,700,4800,1.0,0,0,3,7,700,0,1922,0,98122,47.6147,-122.3,1440,4800,260000.0,419146.5
3,2.0,1760,6875,1.0,0,0,4,8,1760,0,1967,0,98072,47.74,-122.093,1670,13650,400000.0,413715.0
5,2.25,2230,9600,1.0,0,0,3,8,1320,910,1978,0,98077,47.7466,-122.076,2080,9760,482000.0,479106.1
2,1.0,1310,5200,1.0,0,0,3,7,910,400,1946,0,98115,47.6784,-122.304,1320,4794,663500.0,494378.0
2,2.5,1360,1349,2.0,0,0,3,8,1050,310,1997,0,98112,47.6254,-122.292,1430,4400,553650.0,544153.26
4,2.5,3310,5101,2.0,0,0,3,9,3310,0,2005,0,98052,47.6649,-122.08,3010,5176,775000.0,811309.39
3,2.25,1630,6449,1.0,0,0,3,7,1310,320,1986,0,98011,47.7275,-122.232,1620,7429,445000.0,427443.5
3,1.0,1280,9775,1.0,0,0,3,6,1280,0,1964,0,98003,47.3262,-122.334,1230,8750,215000.0,199234.54
3,2.25,1840,9781,2.0,0,0,3,7,1840,0,1989,0,98019,47.7347,-121.976,1490,10101,334000.0,370820.84
5,2.5,3150,50094,2.0,0,0,4,9,3150,0,1969,0,98005,47.6387,-122.177,3600,48787,1003000.0,1264359.88
3,2.5,1740,1844,2.0,0,0,3,8,1320,420,2008,0,98106,47.5248,-122.365,1740,1789,330000.0,348118.15
5,2.5,2990,15085,2.0,0,0,3,9,2990,0,2007,0,98011,47.746,-122.218,3150,13076,625000.0,628709.75
4,1.0,1200,43560,1.0,0,0,3,5,1200,0,1968,0,98042,47.3375,-122.123,1400,54450,210000.0,253454.45
3,1.75,1680,3420,1.0,0,0,3,7,960,720,1992,0,98115,47.6854,-122.291,1680,4080,526000.0,498941.0
5,4.0,6300,16065,2.0,0,1,3,12,4360,1940,2004,0,98004,47.5922,-122.207,3260,17287,2750000.0,2507811.0
3,2.25,2330,4000,1.5,0,2,5,7,1520,810,1927,0,98115,47.6732,-122.29,1870,4000,680000.0,704936.15
3,2.5,2170,9798,2.0,0,0,3,7,2170,0,1995,0,98038,47.3817,-122.023,2020,8121,340000.0,339714.38
4,3.0,3110,7231,2.0,0,0,3,8,3110,0,1997,0,98092,47.3279,-122.191,2820,7311,367500.0,362105.48
2,1.0,1510,6807,1.0,0,0,3,7,1090,420,1939,0,98133,47.711,-122.353,1460,6807,415000.0,417469.88
4,2.5,2020,7200,1.0,0,0,5,7,1010,1010,1968,0,98034,47.7289,-122.201,1620,7275,495000.0,447402.0
4,2.5,2110,3750,2.0,0,0,3,8,2110,0,2000,0,98117,47.6789,-122.363,1700,5000,772000.0,709063.62
4,2.75,1910,16532,1.0,0,0,4,7,1420,490,1940,0,98117,47.6952,-122.39,2300,8250,650000.0,660737.6666666667
3,2.25,1440,10500,1.0,0,0,3,8,1130,310,1983,0,98023,47.318,-122.391,1510,8125,246000.0,243572.5
4,2.25,3020,11489,1.5,1,3,5,10,2110,910,1916,1988,98040,47.5395,-122.21,3890,11489,1900000.0,1695134.5
4,2.25,2100,8290,2.0,0,0,4,8,2100,0,1978,0,98006,47.5595,-122.129,2100,8290,625000.0,641216.8
5,2.5,1690,2402,1.5,0,0,3,7,990,700,1930,0,98117,47.6903,-122.38,1200,4005,515000.0,509784.41
4,2.25,1930,7925,1.0,0,0,3,8,1300,630,1960,0,98155,47.7626,-122.312,1930,7200,367500.0,421347.52
3,1.75,1510,10248,1.0,0,0,3,7,1510,0,1969,0,98023,47.2929,-122.371,1510,9753,240000.0,237146.0
4,2.25,2350,7210,1.5,0,0,4,7,2350,0,1972,0,98011,47.7407,-122.183,1930,7519,500000.0,419926.0
3,2.25,1920,8223,2.0,0,0,4,7,1920,0,1989,0,98011,47.735,-122.201,1940,7274,443000.0,443261.0
3,2.5,2850,10474,1.0,0,0,4,8,1730,1120,1954,0,98004,47.6218,-122.209,2820,10474,1150000.0,1038358.18
4,2.0,2750,9001,1.0,0,0,3,8,2750,0,2008,0,98055,47.457,-122.189,1340,11050,333000.0,416128.35
4,2.75,2580,8100,2.0,0,1,4,8,1780,800,1964,0,98040,47.5387,-122.215,2840,10006,1075000.0,842526.8
3,2.0,1690,6790,1.0,0,0,3,7,1360,330,1979,0,98023,47.2981,-122.38,1740,6790,245000.0,218467.43
5,2.5,2670,184140,1.0,0,0,3,8,1410,1260,1980,0,98042,47.3429,-122.097,1860,35719,410000.0,430054.5
4,2.5,2040,4443,2.0,0,0,3,8,2040,0,2001,0,98092,47.3182,-122.189,2040,4637,265000.0,299915.21
4,2.5,2020,32710,1.0,0,0,3,7,1070,950,1941,0,98168,47.4969,-122.33,1340,17700,340000.0,309576.68666666665
4,1.5,1730,7020,1.5,0,0,4,5,1730,0,1953,0,98056,47.4939,-122.167,1110,7020,268000.0,262854.2571428572
3,2.5,2830,6000,1.0,0,3,3,9,1730,1100,1954,0,98126,47.5751,-122.378,2040,5300,713414.0,965821.0
3,2.5,2540,4775,2.0,0,0,3,7,2540,0,2006,0,98042,47.3341,-122.052,2270,5000,310000.0,309290.95
4,2.5,2850,11000,2.0,0,0,3,8,2850,0,1998,0,98052,47.6759,-122.161,1720,11000,760000.0,729640.49
3,1.75,1540,8885,1.0,0,0,4,7,1440,100,1980,0,98031,47.4031,-122.201,1540,12734,244000.0,255153.8333333333
3,2.5,2424,6143,2.0,0,0,3,9,2424,0,2014,0,98030,47.3512,-122.135,2381,6036,391500.0,392567.25
4,3.5,2796,3520,2.5,0,0,3,8,2796,0,2013,0,98001,47.3427,-122.278,2040,5195,349950.0,365319.81
4,1.75,1800,28650,1.0,0,0,4,7,1800,0,1975,0,98031,47.3926,-122.166,1800,5234,295000.0,279062.2266666667
4,1.5,2290,10372,1.0,0,0,3,7,1510,780,1965,1987,98033,47.6888,-122.199,1900,8109,776500.0,657074.9733333333
3,2.25,1700,2800,2.0,0,0,5,7,1150,550,1926,0,98115,47.6819,-122.311,1500,3400,603000.0,549511.71
3,1.75,1820,5500,1.0,0,0,4,8,1620,200,1957,0,98115,47.6737,-122.283,2330,6050,659500.0,686405.42
4,1.0,1440,7100,1.5,0,0,3,7,1440,0,1906,0,98107,47.6725,-122.396,1490,5000,500000.0,577007.45
4,3.5,3880,8244,2.0,0,0,3,10,3060,820,2007,0,98019,47.7426,-121.976,3180,10947,620000.0,849878.9
4,2.75,2190,9209,2.0,0,0,4,8,2190,0,1996,0,98092,47.3341,-122.188,2430,6687,335000.0,316344.94
3,4.5,4380,47044,2.0,1,3,3,9,3720,660,1968,1990,98166,47.4734,-122.365,2460,18512,995000.0,1279403.08
2,2.0,1540,5000,1.5,0,0,3,8,1540,0,1986,0,98023,47.319,-122.394,1590,5000,269000.0,240867.75
3,1.0,1060,5200,1.0,0,0,5,6,1060,0,1970,0,98042,47.3636,-122.093,1380,5200,174950.0,201564.02
2,1.0,1270,3008,1.0,0,0,4,6,650,620,1923,0,98118,47.5351,-122.279,1270,1514,235000.0,332236.11
4,1.75,1950,4200,1.0,0,0,5,7,1040,910,1951,0,98115,47.6755,-122.285,1450,5000,601000.0,641510.02
4,2.5,3060,6000,2.0,0,0,3,9,3060,0,2012,0,98038,47.3689,-122.058,3040,6000,465000.0,479824.25
4,2.5,2740,16007,2.0,0,0,3,9,2740,0,1984,0,98039,47.6353,-122.229,2760,16008,1225000.0,1032623.06
2,1.0,1090,5000,1.0,0,0,4,7,730,360,1942,0,98126,47.5258,-122.378,990,5250,356700.0,329265.0
5,2.5,2410,8960,1.0,0,0,5,7,1600,810,1978,0,98011,47.7372,-122.2,2410,11514,560000.0,477409.5
2,1.0,910,8155,1.0,0,0,4,6,910,0,1948,0,98155,47.7399,-122.3,1240,8155,285000.0,298415.12
3,1.75,1370,8467,1.0,0,0,4,7,970,400,1972,0,98052,47.6644,-122.145,1650,8472,460000.0,469010.0
4,2.75,2790,8853,2.0,0,0,3,8,2790,0,2013,0,98045,47.4842,-121.772,2790,8092,533112.0,514511.75
4,2.5,4060,9734,1.0,0,4,3,9,2150,1910,1977,0,98028,47.7678,-122.254,2750,10370,603500.0,808729.5
3,1.0,1570,11752,1.5,0,0,5,8,1570,0,1930,0,98133,47.7686,-122.348,2010,8291,415000.0,428225.21
3,1.0,1090,22080,1.0,0,0,5,7,1090,0,1967,0,98038,47.3991,-121.964,1590,19457,267500.0,267366.76
3,2.5,2970,11985,1.0,0,0,3,9,1770,1200,1995,0,98074,47.6359,-122.052,2990,12049,745000.0,711805.25
2,1.0,1020,47044,1.0,0,0,5,7,1020,0,1904,1958,98042,47.4206,-122.155,1930,12139,279000.0,257503.335
3,2.5,1570,6932,2.0,0,0,3,7,1570,0,1993,0,98038,47.3902,-122.049,1570,6271,295000.0,259458.19666666668
3,2.5,1460,1238,2.0,0,0,3,8,1200,260,2008,0,98107,47.6719,-122.374,1280,1257,436000.0,540739.0
3,3.25,1460,1592,2.0,0,0,3,8,1130,330,2006,0,98126,47.5481,-122.374,1560,1701,350000.0,351759.1
3,2.5,1460,7573,2.0,0,0,3,8,1460,0,1983,0,98007,47.6012,-122.141,1910,7668,450000.0,480748.59666666674
2,1.5,1800,26615,1.0,0,0,5,7,1240,560,1987,0,98092,47.302,-122.123,2010,26337,345000.0,300532.98
4,2.5,3220,6399,2.0,0,0,3,9,3220,0,2004,0,98075,47.5883,-121.991,2850,6399,697000.0,742672.5
2,1.0,700,3180,1.0,0,0,3,6,480,220,1951,0,98178,47.4976,-122.262,1760,6360,119900.0,177374.6
2,1.0,1270,7440,1.0,0,0,4,7,910,360,1949,0,98126,47.5285,-122.372,1040,7500,400000.0,321722.9
4,3.5,4380,74052,1.0,0,0,3,11,4380,0,2001,0,98053,47.6587,-122.009,5170,62291,1300000.0,1294373.6666666667
4,2.5,3560,11119,1.0,0,2,3,10,2290,1270,1986,0,98004,47.6456,-122.19,3290,11385,860000.0,1173697.9
3,1.75,1400,8364,1.0,0,0,4,7,1400,0,1958,0,98056,47.4918,-122.178,1210,8160,274000.0,264473.75
3,2.0,2930,29136,2.0,0,0,3,8,2240,690,1990,0,98010,47.3102,-122.042,2110,29362,460000.0,429357.09
0,0.0,3064,4764,3.5,0,2,3,7,3064,0,1990,0,98102,47.6362,-122.322,2360,4000,1095000.0,892352.29
3,2.5,2810,4932,2.0,0,0,3,8,2810,0,2003,0,98011,47.7739,-122.227,2470,4919,528000.0,529397.0
2,0.75,1130,11429,1.0,0,0,3,7,1130,0,1956,0,98188,47.4526,-122.284,1550,10700,204950.0,221907.9
3,2.0,1280,960,2.0,0,0,3,9,1040,240,2014,0,98122,47.602,-122.311,1280,1173,549900.0,455069.99
2,1.0,990,4802,1.0,0,0,3,7,990,0,1947,0,98117,47.6876,-122.395,1180,5000,430000.0,463604.5
2,1.0,760,7272,1.0,0,0,4,7,760,0,1980,0,98003,47.3205,-122.33,1370,7866,183000.0,163790.55
2,1.75,1850,3060,1.0,0,0,3,7,1060,790,1929,1992,98115,47.6821,-122.308,1850,4080,538000.0,603839.99
6,2.0,2500,5200,1.0,0,0,3,8,1250,1250,1966,0,98118,47.5517,-122.268,1800,5200,415000.0,515640.52
3,1.5,1370,8671,1.0,0,0,3,7,1370,0,1955,0,98004,47.6217,-122.198,1580,8671,815000.0,751705.5
3,1.75,1160,22470,1.0,0,0,4,7,1160,0,1976,0,98028,47.7595,-122.23,1940,15999,375000.0,313239.79
4,2.25,2430,4748,1.5,0,0,3,8,1630,800,1928,0,98116,47.5904,-122.389,2430,4748,723000.0,810447.54
4,2.25,2230,6000,1.5,0,2,3,8,1810,420,1928,0,98199,47.6464,-122.391,2840,6000,740000.0,942338.61
3,1.75,1850,8667,1.0,0,0,4,7,880,970,1982,0,98033,47.7025,-122.198,1450,10530,450000.0,474477.8
4,2.75,3260,5335,2.0,0,0,3,9,3260,0,2003,0,98065,47.5414,-121.864,3180,5438,650000.0,669055.77
5,3.5,2990,212137,2.0,0,0,3,8,2450,540,1994,0,98024,47.5298,-121.887,1060,69260,750000.0,623851.49
3,2.5,1980,11900,2.0,0,0,3,8,1980,0,1990,0,98092,47.2656,-122.217,2130,9933,220000.0,304223.62
2,3.0,2210,3917,2.0,0,0,3,10,1500,710,2008,0,98122,47.6166,-122.291,1720,3933,1262000.0,772936.48
3,1.0,990,6315,1.0,0,0,3,7,990,0,1970,0,98034,47.7116,-122.214,1450,6702,335000.0,327432.81
4,1.0,1000,7134,1.0,0,0,3,6,1000,0,1943,0,98178,47.4897,-122.24,1020,7138,239900.0,214759.75
3,1.0,1200,7727,1.0,0,0,4,7,1200,0,1959,0,98022,47.2021,-121.999,1300,7718,219950.0,208300.05
3,2.5,2140,7715,2.0,0,0,3,7,2140,0,1991,0,98198,47.384,-122.322,1990,7628,349950.0,325981.76666666666
4,3.5,3400,5222,2.0,0,0,3,9,3400,0,2005,0,98038,47.3559,-122.0,3190,5326,515000.0,549167.99
2,1.0,910,9612,1.0,0,0,4,7,910,0,1981,0,98058,47.4297,-122.152,1410,9611,225000.0,220727.18
2,1.75,1540,4025,1.0,0,0,4,7,1190,350,1908,0,98116,47.5876,-122.391,1950,4420,570000.0,583806.51
2,2.0,1440,9985,1.0,0,0,3,8,1440,0,2006,0,98053,47.7217,-122.03,1510,4560,457000.0,421494.38
5,1.75,2170,9752,1.0,0,0,3,7,1100,1070,1962,0,98003,47.3355,-122.331,1810,10609,278000.0,258816.71
5,3.5,3130,4797,2.0,0,0,3,9,2570,560,2014,0,98006,47.5664,-122.129,3440,5439,866059.0,858894.38
3,1.0,1200,6120,1.0,0,0,4,7,950,250,1945,0,98115,47.6929,-122.287,1550,6120,476500.0,467505.9483333333
4,4.25,5010,19412,2.0,0,1,3,11,4000,1010,2014,0,98040,47.5455,-122.211,3820,17064,2351960.0,2034859.0
4,3.25,3020,4000,1.5,0,0,5,8,1920,1100,1927,0,98112,47.6395,-122.279,2400,4000,1272000.0,1159475.0
3,2.5,2320,98445,1.0,0,0,4,8,1380,940,1978,0,98072,47.7323,-122.116,2830,54014,675000.0,571295.42
5,3.5,3931,9497,2.0,0,0,3,10,2650,1281,2014,0,98023,47.3008,-122.386,3510,9497,450000.0,499794.11
5,2.5,2030,8400,1.0,0,0,3,7,1330,700,1968,0,98052,47.6713,-122.152,1920,8400,500000.0,510600.66666666674
5,1.5,1310,4800,1.5,0,0,3,6,1110,200,1929,0,98106,47.5545,-122.365,960,4800,307000.0,312261.19
3,1.75,1720,13104,1.0,0,0,4,7,1720,0,1962,0,98168,47.4709,-122.26,1840,13104,285000.0,290671.44
5,4.0,3760,22763,1.0,0,3,4,11,1910,1850,1969,0,98040,47.5333,-122.22,3730,11201,1375000.0,1365122.1
2,1.0,1150,3000,1.0,0,0,3,6,780,370,1915,0,98118,47.5624,-122.291,1150,5000,441000.0,297050.34
3,1.0,1500,4000,1.0,0,0,3,6,900,600,1925,0,98117,47.6921,-122.38,950,4000,395000.0,454447.2083333334
3,2.5,2270,5654,2.0,0,0,3,8,2270,0,1999,0,98133,47.7733,-122.351,1770,7840,500000.0,486738.01
3,1.5,1820,5756,1.5,0,0,3,7,1640,180,1946,0,98119,47.6479,-122.367,1760,6169,683500.0,693618.0
5,1.75,1950,8720,1.0,0,0,3,7,1050,900,1962,0,98001,47.3381,-122.289,1660,8030,274000.0,250919.85
4,2.25,2100,12172,1.0,0,0,5,9,2100,0,1961,0,98040,47.5458,-122.227,2400,10713,1081000.0,907416.53
3,1.75,1630,1404,2.0,0,0,3,8,1020,610,2014,0,98107,47.6646,-122.367,1420,1670,540000.0,580579.48
4,2.5,2340,9748,1.0,0,1,3,8,1610,730,1981,0,98003,47.3363,-122.331,2070,8241,339900.0,314131.15
4,1.0,1260,7645,1.5,0,0,3,6,1260,0,1925,0,98146,47.5044,-122.35,1170,7649,425000.0,239544.85
2,2.0,1270,1372,3.0,0,0,3,8,1270,0,2000,0,98115,47.6776,-122.318,1610,3090,438000.0,489923.32
4,1.0,1700,7689,1.0,0,0,3,7,1080,620,1977,0,98052,47.6955,-122.116,1700,7333,456000.0,476020.73
4,3.0,2490,5064,2.0,0,0,3,7,2490,0,2007,0,98056,47.5139,-122.189,2470,5064,449400.0,436412.31
3,1.0,1200,7500,1.0,0,0,3,6,1200,0,1905,1989,98178,47.4921,-122.275,1010,7000,210000.0,238731.25
4,3.0,2120,3600,2.0,0,3,4,8,1830,290,1908,1996,98119,47.6344,-122.369,2120,3600,1320000.0,869988.0
3,2.5,2280,10879,2.0,0,0,3,9,2280,0,1984,0,98074,47.6217,-122.034,2400,9536,577500.0,596840.0
4,2.5,2000,7376,2.0,0,0,3,8,2000,0,1990,0,98029,47.5719,-121.999,1950,5218,602000.0,536567.88
4,1.0,1940,9533,1.0,0,0,3,7,1080,860,1962,0,98031,47.4139,-122.208,1940,8839,265000.0,277242.49
2,1.5,1090,4000,1.0,0,0,3,8,970,120,1951,0,98116,47.5798,-122.393,1700,4000,460000.0,478194.64
4,2.5,2470,77550,1.0,0,0,4,7,2470,0,1987,0,98075,47.5888,-122.011,2490,40894,635000.0,613493.5
4,1.75,2340,9100,1.0,0,0,3,8,1610,730,1975,0,98052,47.6401,-122.108,2470,11000,700000.0,576757.0
3,2.0,1520,3451,1.0,0,0,3,8,1520,0,1996,0,98177,47.7753,-122.375,1800,3451,413000.0,405420.95
3,1.75,1540,6909,1.0,0,0,4,7,920,620,1955,0,98155,47.7451,-122.313,1130,6908,345000.0,352230.5
3,2.25,2430,8327,1.0,0,0,4,9,1430,1000,1978,0,98006,47.5534,-122.16,2550,10427,690000.0,787502.88
3,2.5,1322,6006,2.0,0,0,3,7,1322,0,2009,0,98001,47.2706,-122.254,1440,6796,215000.0,214647.59
2,1.5,1490,4080,1.0,0,0,3,7,930,560,1956,0,98126,47.5344,-122.381,1320,4080,389250.0,490274.4
4,2.75,3460,11350,1.0,0,4,4,9,1780,1680,1974,0,98006,47.568,-122.153,3200,13874,1088890.0,1122998.6
3,2.5,1770,3873,2.0,0,0,3,7,1770,0,2005,0,98058,47.4648,-122.144,2280,4330,316500.0,319726.0
3,2.5,1410,1250,2.0,0,0,3,8,1140,270,2010,0,98119,47.6515,-122.375,1720,2825,530000.0,495651.0
4,4.25,4470,5884,2.0,0,1,3,11,3230,1240,2010,0,98199,47.6387,-122.405,2570,6000,2950000.0,2009480.0
4,2.0,1950,8040,1.0,0,0,3,7,1950,0,1961,0,98125,47.7074,-122.29,1950,8092,392500.0,499742.35
4,2.75,2560,83200,1.0,0,0,3,8,1860,700,1980,0,98072,47.7511,-122.111,1990,38332,562000.0,547415.76
6,5.0,7100,18200,2.5,0,0,3,13,5240,1860,1933,2002,98199,47.6427,-122.408,3130,6477,3200000.0,2812429.0
3,2.5,1365,1090,3.0,0,0,3,7,1315,50,2003,0,98115,47.6776,-122.324,1360,1124,530000.0,504359.36
4,2.75,2830,7334,2.0,0,0,3,8,2830,0,2005,0,98059,47.4868,-122.141,2830,7378,540000.0,521469.64
3,2.25,2230,13100,1.0,0,0,4,8,1510,720,1974,0,98006,47.5413,-122.174,2010,10650,491500.0,565260.6
3,2.5,2770,8820,1.0,0,0,3,7,1900,870,1980,2004,98038,47.3685,-122.048,1850,10920,390000.0,349506.22
4,2.5,3180,31931,1.0,0,0,4,10,2390,790,1978,0,98007,47.6388,-122.149,3180,35007,1115000.0,922399.86
4,2.25,3300,8365,3.0,0,0,3,9,3300,0,2014,0,98126,47.5363,-122.377,1290,8369,760000.0,946124.57
4,1.0,1660,4690,1.5,0,0,3,7,1260,400,1945,0,98117,47.6829,-122.378,1400,3876,560000.0,582709.65
4,2.5,2190,4944,2.0,0,0,3,8,2190,0,1999,0,98065,47.5341,-121.866,2190,5108,563500.0,496728.5
3,2.5,1630,3425,2.0,0,0,3,8,1630,0,1999,0,98059,47.4913,-122.154,1420,3425,350000.0,313724.3
3,1.5,1860,10379,1.0,0,0,3,7,1240,620,1963,0,98198,47.3962,-122.309,2240,11328,310000.0,269123.8
4,2.75,2260,7209,1.0,0,3,3,7,1330,930,2002,0,98125,47.7088,-122.302,1790,10860,500000.0,552559.57
2,1.0,950,6350,1.0,0,0,3,7,950,0,1951,0,98106,47.528,-122.352,1080,7620,287000.0,247309.73
3,2.5,2690,17461,2.0,0,3,3,10,2690,0,1997,0,98074,47.654,-122.088,3610,16887,805000.0,834176.69
2,2.25,1860,2670,2.0,0,0,4,8,1860,0,1986,0,98006,47.5436,-122.187,1860,2531,462370.0,499343.05
4,2.0,1770,5000,2.0,0,0,4,7,1770,0,1906,0,98107,47.6748,-122.386,1550,5000,632500.0,560072.0
4,2.5,3180,13118,2.0,0,0,4,11,3180,0,1986,0,98040,47.5382,-122.23,3070,12861,1200000.0,1256548.5
2,2.5,2600,5000,1.0,0,0,5,8,1300,1300,1926,0,98126,47.5806,-122.379,2260,5000,665000.0,770068.5
3,2.0,1760,43575,1.0,0,0,3,7,1160,600,1988,0,98010,47.3565,-121.94,1760,46038,322000.0,328019.19
3,1.0,940,8400,1.0,0,0,3,7,940,0,1958,0,98056,47.5108,-122.165,1190,8400,229000.0,266654.18
4,2.5,2410,15899,2.0,0,3,3,9,2410,0,1990,0,98074,47.6242,-122.04,2360,11412,610000.0,614290.0
4,2.25,1900,8272,1.0,0,0,4,9,1460,440,1966,0,98040,47.5803,-122.227,2040,8479,715000.0,822027.33
3,1.0,1770,5720,1.5,0,0,4,7,1140,630,1926,0,98126,47.5546,-122.377,1500,4406,373000.0,485133.75
4,2.5,2680,12215,1.0,1,4,3,9,1590,1090,1956,0,98166,47.4396,-122.353,2960,19964,1309500.0,974948.5
3,1.5,1310,9273,1.0,0,0,4,7,1310,0,1968,0,98042,47.3683,-122.147,1710,9600,222000.0,234248.26
2,1.75,1000,1760,1.0,0,0,4,6,600,400,1924,0,98109,47.6261,-122.355,2120,2802,453500.0,442584.0
4,1.5,1580,5000,1.5,0,0,3,7,1390,190,1945,0,98107,47.6735,-122.393,1580,5000,535000.0,583507.12
3,2.75,3080,7282,2.0,0,0,3,9,3080,0,2008,0,98059,47.4826,-122.149,3080,7274,585000.0,541143.5
5,2.25,2480,12614,1.0,0,0,4,8,1860,620,1979,0,98011,47.7393,-122.2,2470,12392,585000.0,504271.0
2,1.0,1570,8210,1.0,0,0,4,8,1150,420,1952,0,98177,47.7221,-122.371,1680,8196,506000.0,538470.14
3,2.25,3330,15258,2.0,0,0,3,10,3330,0,1986,0,98077,47.7262,-122.06,3360,14850,762500.0,840945.6166666666
3,2.25,1260,3000,2.0,0,0,3,7,1260,0,2003,0,98029,47.5459,-121.997,1630,3023,477000.0,412431.83
3,1.5,2540,9520,1.0,0,0,3,8,1500,1040,1959,0,98115,47.6834,-122.306,1870,6800,690000.0,725316.34
3,1.0,1280,12928,1.5,0,0,3,6,1280,0,1942,0,98023,47.3215,-122.399,1610,19467,279900.0,276795.9166666666
3,2.25,2470,10290,2.0,0,0,3,8,2230,240,1984,0,98058,47.4459,-122.124,1970,10150,350000.0,374694.66
4,2.5,2250,50155,2.0,0,0,3,8,2250,0,1998,0,98045,47.449,-121.756,2040,57857,476500.0,460131.5
3,1.0,990,8012,1.0,0,0,4,7,990,0,1966,0,98058,47.4557,-122.181,1260,9060,225000.0,223507.5
4,2.25,1740,9600,1.0,0,2,3,7,1160,580,1957,0,98188,47.432,-122.276,1630,9600,294950.0,296740.17
4,2.5,2200,5893,2.0,0,0,3,7,2200,0,2008,0,98042,47.3333,-122.055,2200,5757,280000.0,302581.76
3,2.0,1860,12944,1.0,0,0,3,9,1860,0,2002,0,98058,47.4298,-122.102,2500,29279,400000.0,436621.0
2,1.0,1020,6380,1.0,0,0,3,7,1020,0,1930,1973,98115,47.6971,-122.317,1380,6380,290000.0,434649.23
2,2.0,1440,6677,1.0,0,0,3,7,870,570,1952,0,98118,47.5513,-122.264,2020,7642,425000.0,457957.65
3,1.0,1360,20000,1.0,0,0,4,7,1360,0,1953,0,98001,47.2861,-122.253,1530,9997,159000.0,229187.16
3,2.0,1410,6413,1.0,0,0,4,7,910,500,1947,0,98115,47.6826,-122.298,1330,6050,590000.0,527163.3333333333
1,1.0,1220,4160,1.0,0,0,3,7,1220,0,1922,0,98115,47.6746,-122.315,1970,4200,655100.0,558790.26
4,2.5,2750,4800,2.0,0,0,3,9,1960,790,1905,2005,98103,47.6709,-122.337,2400,5300,1030000.0,1101859.9
3,2.25,2470,5650,1.0,0,2,3,7,1550,920,1973,0,98178,47.5072,-122.252,1660,5650,361000.0,359369.12333333335
4,2.5,2110,4178,2.0,0,0,3,7,2110,0,2013,0,98042,47.3612,-122.081,2300,4142,324950.0,319128.48
3,2.0,1360,6082,1.0,0,0,3,7,1360,0,1994,0,98042,47.3577,-122.16,1360,6987,249000.0,242672.01
4,2.5,2640,25038,2.0,0,0,4,8,2640,0,1995,0,98056,47.5277,-122.174,2630,16668,657000.0,579925.88
4,2.0,2520,6000,1.0,0,0,3,8,1400,1120,1921,2007,98103,47.6767,-122.35,1580,3720,875000.0,744592.0
3,2.25,1830,7770,1.0,0,0,4,7,1400,430,1977,0,98042,47.3925,-122.161,1960,7272,255000.0,290447.48
4,1.75,1700,5846,1.0,0,0,3,8,1700,0,1957,0,98199,47.6539,-122.408,1480,5177,616000.0,609558.99
3,2.0,1940,3800,1.0,0,0,4,7,1050,890,1927,0,98115,47.6842,-122.309,1700,3800,627000.0,607083.6666666666
3,1.0,1380,8147,1.0,0,0,4,7,1380,0,1948,0,98155,47.7407,-122.3,1360,8147,380000.0,344362.14
3,2.25,1620,6415,2.0,0,0,4,7,1620,0,1989,0,98038,47.3577,-122.038,1640,7253,275000.0,283289.56
3,2.0,1670,13775,1.0,0,0,3,8,1670,0,1968,0,98045,47.4873,-121.783,2130,14500,375000.0,415663.0
4,2.25,3140,12150,2.0,0,0,3,9,3140,0,1979,0,98074,47.6361,-122.047,2370,12054,750000.0,748226.35
4,1.75,4060,5500,2.0,0,0,5,9,2660,1400,1924,0,98102,47.6437,-122.321,3320,5500,1300000.0,1773392.6
3,2.0,1510,3817,1.5,0,0,3,8,1510,0,1905,1994,98122,47.6088,-122.294,1510,3817,675000.0,564145.0
2,2.0,1340,1635,2.0,0,0,3,8,1340,0,2003,0,98029,47.5476,-122.005,1410,1375,376000.0,358807.8
3,1.75,2180,7700,1.0,0,0,3,8,1480,700,1961,0,98177,47.7594,-122.361,2180,7604,506000.0,465683.4
4,2.5,2420,4981,2.0,0,0,3,9,2420,0,2009,0,98038,47.3785,-122.023,2420,5000,380000.0,398522.3
3,2.25,2600,14810,1.0,0,2,4,8,1490,1110,1956,0,98166,47.4326,-122.341,2450,16715,452000.0,514114.2
5,2.75,2520,16100,1.0,0,3,4,8,1570,950,1960,0,98040,47.528,-122.224,2760,16988,896000.0,735671.0
3,1.0,1740,4400,1.5,0,0,3,7,1740,0,1924,0,98122,47.6059,-122.3,1720,4400,548500.0,580159.0
4,1.75,2080,8215,2.0,0,0,4,7,2080,0,1948,0,98155,47.737,-122.305,1550,8215,385000.0,398248.33
3,1.0,1500,6240,1.0,0,0,4,7,1500,0,1953,0,98125,47.7281,-122.311,1230,6240,431000.0,333041.88
4,2.25,2070,20280,2.0,0,0,4,7,2070,0,1968,0,98072,47.774,-122.134,2190,21560,495000.0,468720.5
2,1.0,1040,5765,1.0,0,0,3,7,1040,0,1944,0,98133,47.7024,-122.346,1040,3844,358803.0,369267.0
3,1.5,1240,15867,1.0,0,0,3,7,1240,0,1962,0,98034,47.7167,-122.202,1570,9600,355000.0,388768.0
3,2.25,2060,10160,1.0,0,0,4,8,1340,720,1967,0,98155,47.7712,-122.285,2320,11186,429950.0,479777.5
2,1.0,2020,7540,1.0,0,0,3,7,1010,1010,1921,0,98118,47.5359,-122.28,1270,4652,410000.0,380164.81
2,1.0,1070,2754,1.0,0,0,3,7,830,240,1924,0,98103,47.6755,-122.331,1760,4080,579100.0,530396.0
3,1.75,1840,7350,1.0,0,0,3,8,1310,530,1976,0,98034,47.7089,-122.23,1860,7000,432100.0,469604.57
4,2.75,3150,7035,2.0,0,0,3,9,3150,0,2004,0,98075,47.5979,-121.974,3200,7035,800000.0,726242.5
4,1.75,1810,21650,2.0,0,0,4,7,1810,0,1961,0,98077,47.7358,-122.076,2700,29680,465000.0,448206.5
3,1.5,1060,9600,1.0,0,0,4,7,1060,0,1962,0,98023,47.3229,-122.348,1440,9600,219000.0,202447.775
4,2.5,1890,15770,2.0,0,0,4,7,1890,0,1968,0,98166,47.4281,-122.343,2410,15256,389999.0,360090.9
4,2.5,2310,8030,2.0,0,0,3,7,2310,0,1978,0,98019,47.7433,-121.982,1780,8041,364950.0,360867.51
2,1.0,1120,35500,1.0,0,0,5,6,1120,0,1961,0,98022,47.2411,-122.043,1680,66022,243950.0,254256.27333333335
5,2.0,2560,14467,1.0,0,0,3,8,1280,1280,1960,0,98006,47.5547,-122.178,2200,10267,585000.0,560578.25
2,1.0,520,22334,1.0,0,0,2,5,520,0,1951,0,98168,47.4799,-122.296,1572,10570,82500.0,142199.87999999998
2,1.0,860,5040,1.0,0,0,3,7,860,0,1956,0,98117,47.6977,-122.365,1570,5040,370000.0,367150.53
4,2.5,2770,9751,2.0,0,0,3,8,2770,0,1989,0,98042,47.3739,-122.126,2370,6950,347000.0,380729.7
3,1.5,2240,3800,2.0,0,0,3,8,1370,870,1929,0,98115,47.6887,-122.307,1690,4275,510000.0,672525.52
4,2.25,2520,4200,1.5,0,0,4,7,1510,1010,1909,0,98144,47.5814,-122.312,1460,4200,415000.0,585309.4
4,2.5,2220,4652,2.0,0,0,3,7,2220,0,2001,0,98059,47.4902,-122.154,1840,4500,405000.0,395394.5
3,2.0,2090,4077,1.5,0,0,4,8,1530,560,1931,0,98112,47.6433,-122.3,2010,4132,1050000.0,773261.8225
4,2.25,1780,2684,2.0,0,0,3,7,1780,0,2002,0,98072,47.7642,-122.149,1670,2426,435000.0,434228.0
3,2.0,1720,4200,2.0,0,0,3,8,1720,0,1908,1992,98112,47.6285,-122.301,1720,4200,713500.0,763381.5
4,3.5,3370,3634,2.0,0,0,3,9,2750,620,2007,0,98029,47.5519,-122.001,3200,3650,812000.0,783434.0
5,2.0,1760,21562,1.0,0,1,3,8,1560,200,1959,0,98028,47.7597,-122.263,2150,12676,480000.0,595849.5
6,4.5,3500,8504,2.0,0,0,3,7,3500,0,1980,0,98155,47.7351,-122.295,1550,8460,682500.0,440091.6666666666
3,1.5,1690,9144,1.0,0,0,4,7,1140,550,1956,0,98028,47.739,-122.253,1840,10600,379950.0,400971.41666666674
4,3.0,3500,13444,2.0,0,0,3,10,2360,1140,1977,0,98040,47.5468,-122.231,3140,12935,895000.0,1131513.5
3,2.5,3430,10177,2.0,0,0,3,10,3430,0,2014,0,98034,47.7159,-122.251,3110,12339,2205000.0,879109.57
2,1.0,790,6555,1.0,0,0,2,6,790,0,1956,0,98146,47.5015,-122.35,1440,7601,285000.0,194689.275
3,2.5,1720,4120,2.0,0,0,3,7,1720,0,1999,0,98148,47.4319,-122.328,1720,5544,340000.0,321557.005
4,2.5,2300,19250,1.0,0,0,4,7,2300,0,1955,0,98045,47.4793,-121.776,1460,19250,450000.0,391329.55
3,1.75,1370,5858,1.0,0,0,3,7,1370,0,1987,0,98198,47.3815,-122.313,1400,7500,257950.0,242860.1
5,2.0,1720,9972,1.0,0,0,4,8,1720,0,1951,0,98004,47.6368,-122.218,2700,9023,845000.0,977625.2
5,3.25,2450,6534,2.0,0,0,3,8,1770,680,1951,2014,98115,47.688,-122.281,1620,6534,849000.0,807815.1
4,3.5,2210,7597,1.0,0,0,4,9,1550,660,1977,2006,98004,47.5816,-122.197,2370,8811,1100000.0,951438.3
2,1.0,820,10270,1.0,0,0,3,7,820,0,1954,0,98168,47.5119,-122.329,1670,10086,150000.0,240018.5
3,2.75,2050,3320,1.5,0,0,4,7,1580,470,1927,0,98105,47.6719,-122.301,1760,4150,613200.0,662892.5
3,1.75,1830,5120,1.5,0,2,5,8,1830,0,1903,0,98122,47.6051,-122.311,2120,5120,682000.0,776167.39
3,1.75,1200,9085,1.0,0,0,4,7,1200,0,1968,0,98023,47.2795,-122.353,1200,9085,228950.0,207057.0
4,2.5,2880,8833,2.0,0,0,3,7,2880,0,2006,0,98065,47.5388,-121.89,2570,5234,536000.0,522899.0
4,2.5,1980,6566,2.0,0,0,3,8,1980,0,2004,0,98042,47.3809,-122.097,2590,6999,332000.0,313120.5
4,2.5,2230,8624,1.0,0,0,4,8,1430,800,1969,0,98052,47.6623,-122.152,1970,8402,565000.0,601589.16
3,2.0,1400,8640,1.0,0,0,5,7,1400,0,1968,0,98003,47.3182,-122.319,1270,9375,253400.0,228540.94
1,1.5,1200,44866,1.5,0,0,3,7,1200,0,1983,0,98019,47.7205,-121.93,1480,67082,380000.0,389283.88
2,2.0,1590,8000,1.0,0,0,3,7,910,680,1984,0,98055,47.459,-122.205,1590,8364,295000.0,269923.80904761906
3,2.0,1670,4572,1.5,0,0,3,8,1670,0,1931,0,98117,47.6854,-122.373,1480,4890,585000.0,619379.5
4,2.25,3220,7700,2.0,0,0,4,8,3220,0,1976,0,98023,47.3188,-122.38,2570,7700,359999.0,352137.72
3,1.5,1490,7800,1.0,0,0,3,7,1010,480,1963,0,98003,47.3431,-122.304,1570,7800,256400.0,233330.59
3,3.0,2440,3202,2.0,0,0,4,8,1640,800,1982,0,98133,47.7152,-122.342,2440,3200,515000.0,631287.11
4,1.75,2220,7230,1.0,0,1,3,8,1280,940,1950,0,98125,47.7065,-122.279,2210,7230,675000.0,698290.29
5,1.75,3240,34510,2.0,0,0,4,7,2690,550,1963,0,98029,47.5529,-122.027,2650,28250,605000.0,591831.5
3,2.0,2250,222156,1.0,0,0,3,7,2250,0,1987,0,98065,47.542,-121.792,2110,121968,474950.0,481117.5
4,2.0,1450,7560,1.0,0,0,3,7,1450,0,1967,0,98001,47.3375,-122.276,1430,7560,234950.0,225893.9
4,2.5,3380,75794,2.0,0,0,3,10,3380,0,1997,0,98001,47.3511,-122.266,3710,17913,639900.0,636221.78
2,0.75,900,3527,1.0,0,0,3,6,900,0,1939,0,98146,47.5083,-122.336,1220,4080,230000.0,202828.63
3,1.0,1200,8316,1.0,0,0,4,6,1200,0,1953,0,98002,47.3231,-122.215,1250,8316,190000.0,211095.0
3,2.5,2620,6842,2.0,0,0,3,7,2620,0,2002,0,98053,47.6846,-122.037,2280,4800,635000.0,603348.5
4,2.5,2950,10003,2.0,0,0,3,9,2950,0,2006,0,98059,47.489,-122.14,2790,9323,551500.0,495578.8
3,2.5,1490,2138,2.0,0,0,3,7,1490,0,2005,0,98055,47.4324,-122.197,1490,2094,237000.0,244524.6666666667
2,1.5,1140,14373,1.0,0,0,3,7,1140,0,1949,1996,98011,47.7354,-122.219,2140,9860,262500.0,350597.26
2,1.0,820,5100,1.0,0,0,4,6,820,0,1954,0,98056,47.5175,-122.205,2270,5100,235000.0,297807.375
4,2.75,2210,3400,1.5,0,0,5,7,1470,740,1926,0,98115,47.6826,-122.311,1500,3400,719000.0,651247.01
3,1.75,1100,1307,2.0,0,0,3,7,780,320,2008,0,98106,47.5601,-122.363,1170,4800,285000.0,287397.99
5,2.5,2406,7093,2.0,0,0,3,8,2406,0,2006,0,98001,47.2615,-122.252,1767,7093,270500.0,294328.99
3,1.5,1730,7800,1.0,0,0,3,7,1330,400,1958,0,98133,47.7365,-122.337,1780,8309,394999.0,401667.4
4,1.0,2020,18150,1.0,0,0,4,7,2020,0,1955,0,98028,47.739,-122.249,1530,11970,345000.0,408882.0
3,1.75,1670,6034,1.0,0,0,3,7,990,680,1957,0,98118,47.5209,-122.286,1230,6034,280000.0,282557.0
5,1.0,1590,6700,1.5,0,0,3,6,1090,500,1942,0,98146,47.5075,-122.35,1370,8040,185000.0,255492.2083333333
2,1.5,1270,1282,2.0,0,0,3,8,1000,270,2006,0,98106,47.5581,-122.363,1270,1325,313500.0,300287.93
3,2.5,2590,4961,2.0,0,0,3,9,2590,0,1944,2007,98126,47.5271,-122.381,1230,4961,690000.0,867320.725
2,2.5,1370,3438,2.0,0,0,3,7,1370,0,1987,0,98188,47.4606,-122.283,1370,2308,190000.0,238104.66666666663
5,6.0,7120,40806,2.0,0,4,3,12,5480,1640,2007,0,98006,47.5451,-122.114,3440,36859,900000.0,2393199.5
4,3.25,4250,8570,2.0,0,0,3,9,4250,0,2004,0,98004,47.6154,-122.21,2830,12821,2300000.0,1904526.5
4,2.5,3070,6432,2.0,0,0,3,9,3070,0,2006,0,98055,47.4487,-122.205,2910,5106,462000.0,483754.2
4,2.75,2420,7102,1.0,0,0,5,7,1670,750,1946,0,98177,47.7042,-122.371,1620,7102,665000.0,609085.0
2,2.25,1060,1208,2.0,0,0,3,8,940,120,2005,0,98102,47.6371,-122.327,1300,1169,499950.0,487840.5
4,2.75,2910,7467,2.0,0,0,3,8,2910,0,2013,0,98045,47.4841,-121.772,2790,7868,504058.0,522246.23
3,2.5,2140,2867,2.0,0,0,3,8,1960,180,2005,0,98027,47.5357,-122.073,2280,2836,571000.0,567947.38
3,3.0,1880,2200,2.0,0,0,3,8,1520,360,2007,0,98107,47.6666,-122.367,1500,1426,630000.0,585700.2
3,1.0,1140,8144,1.0,0,0,3,7,1140,0,1956,0,98155,47.7464,-122.317,1150,8144,277000.0,304837.48
3,2.0,2300,5000,1.0,0,0,4,8,1150,1150,1938,0,98199,47.6521,-122.413,2300,5000,650000.0,798073.78
3,1.0,1160,7491,1.0,0,0,4,6,1160,0,1917,0,98177,47.7024,-122.359,1800,2267,417500.0,379883.0
3,2.25,1640,7350,1.0,0,0,3,7,1140,500,1984,0,98003,47.2625,-122.3,1480,8041,221000.0,231796.51
4,2.5,2960,26742,1.0,0,3,3,8,1480,1480,1949,1996,98115,47.6846,-122.268,2500,9460,1161000.0,944715.56
2,1.0,910,4635,1.0,0,0,4,6,910,0,1905,0,98107,47.675,-122.393,1740,5000,425000.0,467324.33
3,2.25,1630,10969,2.0,0,0,3,7,1630,0,1991,0,98001,47.3305,-122.285,1410,7920,265000.0,244281.29
3,2.0,1470,7694,1.0,0,0,4,7,1470,0,1992,0,98038,47.3539,-122.054,1580,7480,254000.0,259109.5
4,2.5,2692,8392,2.0,0,0,3,9,2692,0,2014,0,98030,47.3519,-122.197,2574,14446,436472.0,447661.65
3,3.25,1520,1500,3.0,0,0,3,7,1520,0,2000,0,98107,47.67,-122.389,1520,1323,500000.0,543435.99
5,3.0,2730,9519,1.0,0,0,3,8,1670,1060,2014,0,98155,47.7504,-122.307,1150,9519,559950.0,547279.35
4,3.0,1986,6000,2.0,0,2,4,8,1746,240,1922,0,98136,47.5374,-122.39,1930,6200,715000.0,728646.5
4,2.25,2010,7200,1.0,0,1,4,8,1010,1000,1950,0,98118,47.5591,-122.267,2010,7200,800000.0,635188.54
4,2.75,2430,20720,1.0,0,0,3,7,2430,0,1967,0,98072,47.775,-122.139,2580,26950,465425.0,559819.98
4,3.5,2980,6349,2.0,0,3,3,9,2980,0,1998,0,98033,47.6819,-122.208,2870,6349,1339000.0,1110904.87
3,1.0,1230,7020,1.0,0,0,3,7,1090,140,1924,0,98116,47.5719,-122.39,1390,5850,410000.0,444016.22666666674
3,1.0,1280,6967,1.5,0,0,3,7,1280,0,1949,0,98155,47.7512,-122.329,1280,7245,195000.0,328599.5
3,1.0,1300,5880,1.0,0,0,3,7,1300,0,1968,0,98052,47.6937,-122.113,1300,7700,333760.0,405820.25
4,2.5,2620,10016,2.0,0,0,3,8,2620,0,1996,0,98056,47.5295,-122.179,2620,10016,565000.0,571178.88
3,2.0,1270,10713,1.0,0,0,4,7,1270,0,1969,0,98034,47.7247,-122.181,1620,8250,435000.0,390391.0
2,1.0,720,6686,1.0,0,0,3,6,720,0,1942,0,98117,47.7003,-122.362,1200,6686,333000.0,342564.63
3,1.0,1270,6500,1.0,0,0,4,7,1270,0,1956,0,98033,47.6874,-122.214,2260,7200,765000.0,681102.05
4,3.5,4330,15335,2.0,0,0,4,11,3230,1100,1988,0,98040,47.5315,-122.231,3840,14311,1700000.0,1594729.26
6,3.75,4000,6015,2.0,0,2,3,10,3080,920,2004,0,98058,47.453,-122.118,3180,5700,570000.0,704514.01
3,1.75,2200,14630,1.5,0,1,3,8,2200,0,1948,2003,98004,47.6074,-122.213,2850,15803,1230000.0,1225685.9
4,2.5,2040,7000,1.0,0,0,3,7,1250,790,1979,0,98031,47.4056,-122.176,1900,7378,264900.0,292157.97
2,1.0,1080,6052,1.0,0,0,5,6,1080,0,1908,0,98030,47.3857,-122.215,1810,7830,140000.0,205884.14666666664
2,1.5,1076,1060,3.0,0,0,3,7,1076,0,2006,0,98125,47.7167,-122.298,1076,1060,290000.0,274193.5
3,1.75,2010,8065,1.0,0,0,4,7,1090,920,1984,0,98031,47.4171,-122.202,1560,8065,299000.0,291666.5
3,2.5,1810,4113,2.0,0,0,3,7,1810,0,2004,0,98042,47.3715,-122.126,1880,4465,266490.0,286489.5
3,2.5,3210,8630,2.0,0,0,4,10,2530,680,1990,0,98033,47.6939,-122.189,2630,8630,870000.0,950074.87
4,3.5,2584,5005,2.0,0,0,3,8,2584,0,2014,0,98023,47.296,-122.35,2767,5201,429900.0,354313.57
3,1.5,1560,6774,1.0,0,0,4,6,1060,500,1927,0,98133,47.7024,-122.35,1320,3844,370000.0,411900.775
3,1.0,1110,8593,1.0,0,0,3,7,1110,0,1979,0,98155,47.7595,-122.309,1780,8593,299900.0,327194.68
4,2.5,2660,9030,1.0,0,0,4,7,1450,1210,1977,0,98055,47.4558,-122.212,1870,9030,313100.0,348723.0
3,2.25,2220,12056,2.0,0,0,3,8,2220,0,1985,0,98052,47.7148,-122.101,2320,12025,542000.0,606091.0
3,2.25,1190,1022,3.0,0,0,3,8,1190,0,1998,0,98103,47.6972,-122.349,1210,1171,350000.0,346634.5
3,2.5,1790,7167,2.0,0,0,3,8,1790,0,1989,0,98074,47.6176,-122.045,1680,7418,515000.0,505548.8466666666
4,2.5,3260,26772,2.0,0,0,3,9,3260,0,2007,0,98027,47.5115,-122.031,3260,14491,820000.0,731356.14
4,2.75,2020,7357,1.0,0,0,3,7,1350,670,1986,0,98034,47.7145,-122.225,1690,7804,520000.0,454687.9166666666
3,1.0,1370,3500,1.5,0,0,3,7,1370,0,1905,1985,98103,47.6857,-122.348,1590,4500,500000.0,496315.02
2,1.0,1010,7500,1.0,0,0,3,7,1010,0,1941,0,98108,47.5283,-122.32,1220,6000,235000.0,257159.21333333332
4,2.5,1600,6765,1.0,0,0,3,7,830,770,1947,2011,98106,47.5469,-122.365,1600,8942,329000.0,363250.92
3,2.5,3030,45004,2.0,0,0,3,9,3030,0,1987,0,98077,47.7721,-122.093,3080,35781,274975.0,744223.05
1,0.75,840,7203,1.5,0,0,3,6,840,0,1949,0,98168,47.4756,-122.301,1560,8603,124000.0,205278.5
4,2.25,1964,3541,2.0,0,0,3,9,1964,0,2013,0,98030,47.3594,-122.201,1757,3547,342000.0,358691.85
1,0.75,590,5650,1.0,0,0,3,6,590,0,1944,0,98118,47.5181,-122.267,980,5650,202000.0,173916.25
3,2.5,1530,1131,3.0,0,0,3,8,1530,0,2009,0,98103,47.6993,-122.346,1530,1445,375000.0,402971.65
3,2.5,2370,6752,2.0,0,0,3,8,2370,0,1994,0,98003,47.2703,-122.312,1870,7455,310000.0,307857.97
3,2.25,1600,10240,1.0,0,0,3,7,1090,510,1979,0,98034,47.7281,-122.232,1520,9394,390000.0,421319.48
3,2.5,2640,432036,1.5,0,3,3,10,2640,0,1996,0,98022,47.1795,-122.036,1500,560617,790000.0,663012.0
3,2.25,2760,10160,1.0,0,0,3,8,2760,0,1969,0,98058,47.4504,-122.15,2760,9600,336000.0,431138.66
4,2.5,3290,5951,2.0,0,0,3,9,3290,0,2003,0,98075,47.5999,-121.976,3240,6159,728000.0,714406.88
2,1.0,1550,7713,1.0,0,0,3,7,1550,0,1930,1979,98117,47.7005,-122.358,1340,6350,599000.0,441882.0
3,1.75,2100,8298,1.0,0,0,4,7,1230,870,1952,0,98166,47.4601,-122.36,1700,10830,335000.0,358901.85
3,1.5,1350,7620,1.0,0,0,5,6,1350,0,1941,0,98166,47.4565,-122.35,1350,7620,211000.0,269132.80333333334
2,1.0,1260,4377,1.0,0,0,4,7,1260,0,1947,0,98103,47.6988,-122.354,1420,6376,405000.0,442516.5
4,2.5,2080,8100,1.0,0,2,5,8,1220,860,1952,0,98177,47.7228,-122.369,2090,8100,665000.0,596355.61
4,2.5,1910,8947,1.0,0,0,4,8,1160,750,1970,0,98011,47.7374,-122.183,1920,7350,515000.0,462233.06
4,2.5,2560,6238,2.0,0,0,3,8,2560,0,2007,0,98178,47.4899,-122.255,2560,6240,385000.0,466281.18
4,3.0,2620,18362,1.0,0,0,4,8,1870,750,1956,0,98006,47.5646,-122.184,2630,16792,659500.0,712455.78
4,3.5,2980,3000,2.0,0,0,3,9,2340,640,2008,0,98115,47.6768,-122.326,1810,4545,905000.0,1080757.06
4,2.0,2120,6865,1.0,0,0,3,7,1060,1060,1954,0,98133,47.7775,-122.337,1460,7780,285000.0,385864.3966666667
4,1.75,1890,8000,1.0,0,0,4,7,1250,640,1960,0,98133,47.7576,-122.333,1870,8270,375000.0,384460.48333333334
5,3.25,3620,5500,2.0,0,2,3,9,3620,0,2003,0,98029,47.5442,-121.996,3260,5500,856000.0,851575.52
3,2.25,1630,7900,1.0,0,0,4,7,1130,500,1973,0,98023,47.3076,-122.377,1630,8200,231500.0,237883.89
3,1.75,2190,8500,1.0,0,0,4,9,2190,0,1957,0,98112,47.64,-122.285,2850,8868,1565000.0,991141.68
4,2.75,2270,10460,2.0,0,0,3,9,2270,0,1965,0,98040,47.5603,-122.222,2610,10180,855000.0,957210.23
4,3.25,1790,2460,2.0,0,0,4,7,1100,690,2000,0,98106,47.534,-122.346,1260,4040,385000.0,326842.5
4,3.75,3820,53574,1.0,0,0,3,10,3820,0,1994,0,98072,47.7337,-122.121,3140,54014,1215000.0,970753.5
4,2.0,2240,9240,1.0,0,0,3,7,1120,1120,1968,0,98032,47.3666,-122.288,2040,8250,309000.0,284992.27
3,2.5,1890,4838,2.0,0,0,3,8,1730,160,2002,0,98168,47.4802,-122.279,1910,7409,269950.0,328395.82
2,1.0,820,3700,1.0,0,0,5,7,820,0,1968,0,98040,47.588,-122.251,1750,9000,554000.0,399043.15
3,2.25,1470,7857,1.0,0,0,4,7,1180,290,1973,0,98055,47.4547,-122.209,1900,7600,312000.0,275922.98
4,2.0,2330,6250,1.0,0,0,4,7,1400,930,1941,0,98030,47.3782,-122.228,2050,9000,344950.0,323857.24
2,1.75,1330,2159,1.0,0,0,4,8,1330,0,1979,0,98198,47.3822,-122.32,1220,3679,202200.0,214098.5
3,1.0,1630,5000,1.0,0,0,3,7,930,700,1954,0,98108,47.5497,-122.295,1630,5480,320000.0,356845.45
3,1.5,1040,1824,1.0,0,0,3,6,1040,0,1925,0,98115,47.6793,-122.3,1010,5100,348000.0,449032.76
2,1.0,930,3200,1.0,0,0,3,7,930,0,1904,0,98122,47.609,-122.314,1690,3840,500000.0,443652.12
3,2.25,1770,7667,1.0,0,0,3,8,1270,500,1966,0,98177,47.7724,-122.362,2180,8103,370000.0,455324.71
3,3.0,1520,7500,1.0,0,0,3,7,1180,340,1967,0,98034,47.7276,-122.181,2080,8000,460000.0,431754.57
1,1.0,680,6600,1.0,0,0,3,5,480,200,1916,0,98199,47.6567,-122.392,1170,5500,510000.0,359158.5
4,2.25,2030,2222,2.0,0,0,3,9,1610,420,2015,0,98117,47.679,-122.375,1420,2222,765000.0,762298.32
5,2.25,3480,9200,2.0,0,0,3,8,3480,0,1979,0,98006,47.5585,-122.153,3130,9200,860000.0,895312.3
4,2.5,2490,8290,2.0,0,0,3,9,2490,0,1999,0,98092,47.3305,-122.171,2690,7008,390000.0,379866.35
3,1.75,1300,8480,1.0,0,0,3,7,1300,0,1969,0,98052,47.6991,-122.13,1740,7280,397500.0,439925.38
4,1.0,1610,2982,1.5,0,0,4,7,1610,0,1925,0,98144,47.587,-122.294,1610,4040,535000.0,523022.95
3,2.5,3200,18750,1.0,0,0,2,9,2660,540,1967,1996,98027,47.5717,-122.12,3200,22475,580000.0,1196672.7
3,2.5,2490,4343,2.0,0,0,3,9,2490,0,2003,0,98029,47.5493,-121.993,2130,4106,705380.0,660472.9
3,1.0,1090,7315,1.0,0,0,5,6,1090,0,1981,0,98056,47.494,-122.165,1090,5800,289000.0,256552.5
3,1.75,1180,21275,1.0,0,0,4,6,1180,0,1958,0,98038,47.4018,-122.037,1490,35100,207000.0,285728.59
3,1.0,1340,7191,1.0,0,0,3,7,1340,0,1974,0,98034,47.7148,-122.212,1340,7215,399000.0,366549.6
3,1.0,970,9360,1.0,0,0,4,5,970,0,1942,0,98002,47.2808,-122.225,1050,11348,206000.0,180827.8
5,3.0,2620,5477,2.0,0,0,3,10,2620,0,2009,0,98115,47.6804,-122.288,1680,5217,975000.0,937740.0
3,1.75,1770,10080,1.0,0,0,3,8,1770,0,1968,0,98125,47.7218,-122.306,1860,10456,495000.0,462262.21
3,2.0,1610,5100,1.5,0,0,5,8,1610,0,1940,0,98115,47.6825,-122.307,1740,5100,690000.0,711421.98
2,1.0,1010,10057,1.0,0,0,3,6,1010,0,1961,0,98023,47.3286,-122.336,1040,8591,199950.0,187670.73333333337
3,2.5,1670,6186,2.0,0,0,3,7,1670,0,2002,0,98038,47.3668,-122.031,2390,6924,289950.0,307304.1666666666
5,2.25,2730,6000,1.5,0,0,3,8,2130,600,1927,0,98105,47.6571,-122.281,2730,6000,920000.0,926094.5
3,1.5,1600,8040,1.0,0,0,4,7,1050,550,1965,0,98133,47.7471,-122.337,1810,7819,383900.0,389908.71666666673
3,2.5,1530,3840,2.0,0,0,3,8,1530,0,1994,0,98029,47.5691,-122.007,1720,3985,449950.0,474026.98
5,2.5,3361,6983,2.0,0,0,3,10,3361,0,2006,0,98092,47.3427,-122.169,3112,6920,511000.0,502466.91
3,1.0,1580,8206,1.0,0,0,3,7,1100,480,1962,0,98198,47.3676,-122.312,1600,8196,255000.0,238807.01
2,0.75,660,5240,1.0,0,0,4,4,660,0,1912,0,98032,47.3881,-122.234,850,5080,100000.0,185596.73
3,1.5,1220,962,3.0,0,0,3,8,1220,0,2014,0,98107,47.674,-122.387,1510,2501,500000.0,501387.5
3,3.25,1530,1602,2.0,0,0,3,8,1140,390,2013,0,98106,47.5555,-122.362,1450,1198,320000.0,342728.68
4,1.75,2320,4322,1.0,0,0,3,7,1140,1180,1910,0,98144,47.5755,-122.289,1820,4322,480000.0,586217.64
3,1.0,940,11055,1.5,0,0,4,7,940,0,1959,0,98032,47.3732,-122.295,1420,9100,180000.0,190580.90666666668
3,1.75,1800,18000,1.0,0,0,3,8,1200,600,1968,0,98058,47.4406,-122.146,1800,18000,385000.0,351875.55
2,1.5,1260,2625,2.0,0,0,4,7,1260,0,1983,0,98052,47.6747,-122.151,1260,2625,401000.0,405760.4166666666
2,1.0,630,6550,1.0,0,0,3,5,630,0,1918,0,98126,47.5486,-122.38,1420,6550,315000.0,350037.3
3,1.0,1190,9083,1.0,0,0,3,7,1190,0,1955,0,98198,47.4116,-122.293,1190,9450,230000.0,205058.83
3,2.25,1710,11500,1.0,0,0,3,7,1210,500,1978,0,98028,47.7675,-122.267,1800,11500,385000.0,411600.41
3,3.0,1560,1466,3.0,0,0,3,8,1560,0,2006,0,98103,47.6604,-122.352,1530,2975,640000.0,543788.5
4,2.75,2220,5310,1.0,0,0,5,7,1170,1050,1951,0,98144,47.5801,-122.294,1540,4200,680000.0,576009.0
4,2.75,2520,6964,1.0,0,0,4,7,1260,1260,1987,0,98031,47.4038,-122.175,1930,6949,307000.0,307079.45
3,1.0,1980,39150,1.5,0,0,3,6,1580,400,1932,0,98030,47.3818,-122.225,1860,11811,308000.0,337073.0
2,2.5,1680,1240,2.0,0,0,3,8,1120,560,2014,0,98102,47.6372,-122.324,2060,3630,653500.0,678218.56
2,1.0,800,7150,1.0,0,0,3,5,800,0,1933,0,98030,47.3788,-122.224,1220,8019,175000.0,162168.65
3,2.0,1620,5101,1.0,0,0,3,7,590,1030,2006,0,98118,47.5448,-122.288,1700,7750,445000.0,366621.19
3,1.5,1430,7560,1.0,0,0,5,6,1430,0,1958,0,98058,47.4518,-122.179,1150,7560,195000.0,261255.0
3,2.0,1990,7405,1.0,0,0,5,7,1990,0,1971,0,98006,47.5421,-122.172,2120,6462,510000.0,485086.7
4,2.5,3650,7090,2.0,0,0,3,10,3650,0,2008,0,98074,47.606,-122.052,3860,7272,861111.0,892751.17
5,2.5,3890,27311,2.0,0,2,3,10,3890,0,1950,1990,98177,47.7291,-122.363,3160,22641,1102030.0,1476832.36
4,1.5,1490,7560,2.0,0,0,3,7,1490,0,1966,0,98198,47.3684,-122.318,1490,7689,259000.0,231983.78
4,2.5,3520,6773,2.5,0,0,3,9,2650,870,2006,0,98136,47.5317,-122.391,2930,6458,870000.0,964311.76
2,1.0,860,6510,1.0,0,0,3,7,860,0,1952,0,98004,47.6021,-122.202,1740,10800,605000.0,643426.67
4,2.25,2570,11070,2.0,0,0,4,8,2570,0,1966,0,98058,47.4507,-122.152,2210,9600,479950.0,392361.66
3,1.75,1397,18000,1.0,0,0,3,7,1397,0,1965,2014,98092,47.3388,-122.166,1950,31294,257000.0,285248.42666666664
3,1.5,1570,1050,2.0,0,0,3,8,1570,0,1915,0,98109,47.6358,-122.356,2070,3600,792000.0,737170.0
3,2.0,1490,7651,1.0,0,0,3,7,1490,0,1988,0,98003,47.3211,-122.325,1590,7795,253000.0,246913.15
4,2.5,1800,9229,2.0,0,0,3,7,1800,0,1994,0,98022,47.1927,-122.015,1970,9231,285000.0,304318.18
5,3.0,2370,6000,1.5,0,2,3,8,1340,1030,1926,2003,98107,47.6645,-122.358,1350,4500,770000.0,795519.5
4,4.5,4300,19844,2.0,0,0,3,11,4300,0,1985,1999,98039,47.6218,-122.237,3070,19845,2500000.0,2305402.5
3,1.75,1850,7735,1.0,0,0,4,8,1850,0,1983,0,98027,47.5608,-122.082,2220,7639,585000.0,567113.9166666667
3,1.75,1230,10725,1.0,0,0,3,7,1230,0,1980,0,98045,47.4431,-121.772,1250,10170,329000.0,275700.94
4,2.0,2080,6360,1.0,0,0,3,7,1330,750,1960,0,98118,47.5392,-122.278,2080,6741,352800.0,428343.85
4,1.75,2320,9240,1.0,0,0,3,7,1160,1160,1959,2014,98178,47.4909,-122.257,2130,7320,324950.0,318021.62
3,1.0,1610,7140,1.0,0,0,3,7,1080,530,1976,0,98031,47.3943,-122.189,1800,7600,215000.0,237826.48
3,2.5,2020,5613,2.0,0,0,3,7,2020,0,2003,0,98053,47.6835,-122.035,2020,4609,528000.0,540842.82
4,2.5,2310,6200,2.0,0,0,3,8,2310,0,1998,0,98092,47.3321,-122.172,2480,6200,334000.0,313162.24
3,1.75,1300,9600,1.0,0,0,4,7,1300,0,1969,0,98052,47.6388,-122.103,2070,9775,455000.0,409225.18
3,1.0,1060,10228,1.0,0,0,3,7,1060,0,1948,0,98155,47.7481,-122.3,1570,10228,230000.0,326381.0
3,1.75,1840,10723,1.0,0,0,4,7,1220,620,1974,0,98058,47.429,-122.154,1590,9820,310000.0,298912.105
3,1.5,1390,48257,1.0,0,0,3,6,1390,0,1922,2013,98024,47.5603,-121.894,1440,45302,275000.0,386187.35
3,1.0,1330,5000,1.0,0,0,3,7,1120,210,1957,0,98125,47.7211,-122.308,1920,7790,410000.0,381828.5
4,2.25,2100,2500,3.0,0,0,3,8,2100,0,2001,0,98115,47.6726,-122.298,1660,4000,650000.0,682345.42
3,1.75,1830,7371,1.0,0,0,3,7,1830,0,1957,0,98008,47.6059,-122.121,1600,7700,544950.0,510246.38
4,2.5,2380,6124,2.0,0,0,3,8,2380,0,1997,0,98030,47.3662,-122.175,2170,6097,350000.0,339806.64
4,2.5,2830,5010,2.0,0,0,3,9,2170,660,2000,0,98115,47.6952,-122.327,1880,5739,738000.0,856069.45
4,3.5,3470,7396,2.0,0,3,3,8,2520,950,1979,0,98125,47.7146,-122.279,2360,10541,810000.0,717555.4
4,2.25,2050,26000,2.0,0,0,4,8,2050,0,1977,0,98042,47.3423,-122.063,2330,31100,299000.0,387835.74
4,0.75,1960,8277,1.0,1,4,4,7,1320,640,1923,1986,98198,47.3648,-122.325,1940,8402,520000.0,551062.14
4,2.75,3560,8975,2.0,0,0,3,10,3560,0,2014,0,98004,47.6322,-122.209,3440,12825,1750000.0,1568270.1
1,1.0,720,5100,1.0,0,0,3,6,720,0,1907,0,98117,47.6821,-122.38,1320,5100,335000.0,374615.5
2,2.5,2150,5760,1.0,0,0,3,8,2150,0,2010,0,98053,47.7094,-122.018,1640,4680,741500.0,686393.69
2,1.75,2230,6930,1.0,0,0,4,8,1530,700,1947,0,98105,47.6705,-122.277,1970,6930,766500.0,775525.01
4,2.25,1490,956,2.0,0,0,3,7,1020,470,2005,0,98122,47.6184,-122.301,1510,1350,507000.0,491303.71
5,3.0,2920,11440,2.0,0,0,3,8,2920,0,2003,0,98133,47.7607,-122.354,1720,9348,500000.0,529344.75
4,2.25,2350,8140,1.0,0,0,4,8,1430,920,1977,0,98006,47.5579,-122.129,2640,8700,555000.0,621664.28
2,1.0,840,3860,1.0,0,0,4,6,840,0,1909,0,98117,47.6842,-122.365,1390,3860,361500.0,440398.53
3,1.0,1410,81021,1.0,0,0,3,7,1410,0,1949,1981,98058,47.4303,-122.067,2000,81021,299950.0,358562.33
5,1.75,1660,78408,1.5,0,0,3,6,1660,0,1915,0,98065,47.529,-121.837,1660,78408,201000.0,381850.14
3,2.5,1630,7950,1.0,0,0,3,8,1320,310,1985,0,98042,47.4224,-122.159,1650,7952,279000.0,297261.7
4,2.5,2660,8887,1.0,0,0,4,8,1880,780,1967,0,98166,47.439,-122.342,1910,9620,513000.0,436612.74
3,1.0,1130,7200,1.5,0,0,4,6,1130,0,1942,0,98133,47.7298,-122.355,1350,1358,316000.0,356014.52
4,2.5,2470,4945,2.0,0,0,3,8,2470,0,2012,0,98053,47.6898,-122.015,2510,4988,669000.0,681251.68
5,3.0,3070,8474,2.0,0,0,3,9,3070,0,2011,0,98033,47.6852,-122.184,3070,8527,825000.0,854612.44
3,3.25,2640,16090,1.0,0,2,4,8,1960,680,1976,0,98040,47.5374,-122.213,3690,15000,885000.0,1045713.64
4,2.75,3680,5000,2.0,0,3,3,9,2480,1200,1936,0,98105,47.6599,-122.269,3200,5000,1600000.0,1639514.5
3,1.75,1800,5700,1.0,0,0,4,8,1000,800,1941,0,98119,47.6491,-122.367,1680,5350,749950.0,642036.59
3,2.5,2430,88426,1.0,0,0,4,7,1570,860,1985,0,98045,47.4828,-121.718,1560,56827,452500.0,415601.0
4,2.5,3200,6691,2.0,0,0,3,7,3200,0,2002,0,98038,47.367,-122.031,2610,6510,422000.0,407908.58
2,1.0,960,87991,1.5,0,0,3,5,960,0,1946,0,98014,47.63,-121.9,1940,392040,180000.0,338133.5
3,2.0,1010,14183,1.0,0,0,3,8,1010,0,1982,0,98074,47.6232,-122.043,1750,11700,390000.0,385880.5
3,2.5,1480,7200,2.0,0,0,5,7,1480,0,1995,0,98010,47.3126,-122.023,1350,7200,256000.0,246260.5
3,2.5,2070,8337,2.0,0,0,3,8,2070,0,1997,0,98030,47.3658,-122.176,2030,7248,325000.0,318598.4
2,2.5,2770,7781,2.0,0,0,3,8,2770,0,2006,0,98053,47.7072,-122.017,1870,5984,754800.0,686730.27
2,1.0,960,8450,1.0,0,0,5,6,960,0,1950,0,98155,47.755,-122.316,1090,8450,244000.0,295496.93
6,3.0,2480,12000,2.0,0,0,3,8,2480,0,1972,0,98007,47.6131,-122.145,2220,8580,725000.0,647545.5
3,2.0,1900,8100,1.0,0,0,4,7,950,950,1940,0,98115,47.6997,-122.319,1400,6380,520500.0,491545.0
2,1.5,1090,6750,1.0,0,0,3,7,950,140,1942,0,98117,47.6836,-122.397,1640,6750,455000.0,526178.44
5,1.5,1990,18200,1.0,0,0,3,7,1990,0,1960,0,98178,47.4938,-122.262,1860,8658,178000.0,276157.94
2,1.0,850,6800,1.0,0,0,3,7,850,0,1948,0,98133,47.7282,-122.337,870,6800,290000.0,280447.87
4,3.0,3400,292723,2.0,0,0,3,10,3400,0,1998,0,98045,47.4883,-121.725,1760,69696,688000.0,741108.44
4,3.5,2890,5911,2.0,0,0,3,9,2370,520,2014,0,98075,47.5754,-122.071,3490,6093,855000.0,809654.27
3,3.75,2670,6517,2.5,0,4,4,8,2020,650,1977,0,98126,47.5702,-122.38,2010,6073,732000.0,783313.38
4,2.5,2270,11500,1.0,0,0,3,8,1540,730,1967,0,98034,47.7089,-122.241,2020,10918,624900.0,466617.61
3,2.5,3020,4120,2.0,0,0,3,9,2360,660,2008,0,98126,47.5714,-122.373,2280,4120,775000.0,827324.76
4,1.75,1960,4340,1.0,0,0,5,8,980,980,1912,0,98117,47.6847,-122.37,1630,4360,724950.0,657353.6
3,1.0,870,5200,1.0,0,0,5,6,870,0,1969,0,98042,47.3702,-122.078,870,5200,183000.0,188699.0
4,2.75,3488,9614,2.0,0,0,3,10,3488,0,1998,0,98074,47.6055,-122.013,3600,10891,815000.0,804230.47
2,2.5,2560,2500,2.0,0,0,5,8,1690,870,1901,0,98112,47.6233,-122.3,1890,5000,780000.0,914473.75
4,2.5,1940,3784,2.0,0,0,3,8,1940,0,2003,0,98058,47.4513,-122.119,1940,4499,330000.0,371527.5
3,1.5,1270,11600,1.0,0,0,4,7,1270,0,1964,0,98031,47.4075,-122.196,1380,9945,246500.0,229376.5
4,1.0,2300,7680,1.0,0,0,3,7,1270,1030,1959,0,98106,47.524,-122.359,1840,5120,372000.0,354207.28
3,1.0,1800,7200,1.0,0,0,3,7,1020,780,1964,0,98118,47.5616,-122.275,1740,5475,500000.0,476237.2966666666
4,2.5,2550,6256,2.0,0,0,3,9,2550,0,1992,0,98072,47.7742,-122.166,2460,8256,587000.0,548661.5
4,2.75,2720,6427,1.0,0,0,3,8,1650,1070,2008,0,98146,47.4931,-122.354,2720,8484,469950.0,499207.84
4,2.5,2190,6300,1.0,0,3,3,7,1240,950,1960,0,98033,47.6918,-122.216,2730,14659,1100000.0,783647.3
3,1.75,2010,3090,1.5,0,0,5,7,1510,500,1926,0,98103,47.682,-122.348,1600,3150,825000.0,622803.98
4,2.0,2208,5000,3.0,0,0,5,8,2208,0,1917,0,98116,47.5711,-122.383,1760,5000,650000.0,698924.5
3,1.75,1980,9220,2.0,0,0,3,8,1980,0,1987,0,98092,47.2602,-122.219,2080,8305,297300.0,304558.49
4,2.75,3010,10450,2.0,0,0,3,9,3010,0,1996,0,98052,47.6979,-122.112,3010,10530,810000.0,800161.2
2,1.0,1200,4880,1.0,0,0,3,6,980,220,1943,0,98106,47.5276,-122.346,1040,4880,245000.0,285028.2
3,0.75,1330,7020,1.0,0,0,5,7,1330,0,1924,0,98126,47.5377,-122.376,1410,5802,385000.0,405344.45333333337
4,2.5,1900,21780,1.5,0,0,3,7,1900,0,1940,1987,98198,47.3776,-122.314,1240,9166,212000.0,275146.4166666667
3,2.5,1810,7350,1.0,0,0,3,8,1310,500,1984,0,98058,47.4434,-122.125,2240,7350,327000.0,343462.95
4,1.0,1190,8875,1.5,0,0,4,7,1190,0,1946,0,98155,47.7487,-122.303,1190,8875,276693.0,332709.1
5,2.75,2560,5618,1.5,0,2,3,8,2220,340,1923,0,98109,47.6416,-122.355,2740,4000,1175000.0,940673.9
3,1.0,1100,27008,1.0,0,0,3,6,960,140,1935,0,98178,47.4963,-122.249,1280,8890,157500.0,209420.85
3,1.0,860,11725,1.0,0,0,4,6,860,0,1943,0,98056,47.5093,-122.184,1300,9514,210000.0,251553.81666666668
3,3.5,2490,3582,2.0,0,0,3,8,1720,770,2005,0,98027,47.5338,-122.067,1445,1590,550000.0,515386.0
4,2.5,1930,8040,1.0,0,0,3,7,1380,550,1978,0,98034,47.7283,-122.218,2080,7200,513000.0,455029.7
3,1.0,1270,8000,1.0,0,0,4,6,1270,0,1959,0,98008,47.6175,-122.118,1210,7875,475000.0,425934.675
3,2.5,1090,7700,1.0,0,0,4,7,1090,0,1957,0,98008,47.607,-122.12,1740,7700,394950.0,427019.94
4,3.5,3930,39098,2.0,0,0,3,12,3930,0,1999,0,98005,47.6399,-122.158,4250,38682,1799000.0,1297353.0
3,3.0,3460,5353,2.0,0,0,3,10,2850,610,2007,0,98116,47.5858,-122.393,2460,6325,1250000.0,1243573.44
3,1.0,1010,6120,1.0,0,0,3,6,1010,0,1942,0,98033,47.6648,-122.204,1260,5977,550000.0,578140.65
3,2.0,1310,8454,1.0,0,0,3,7,1310,0,1994,0,98042,47.3697,-122.075,1310,8454,255000.0,242503.5
3,1.5,1410,8415,1.0,0,0,4,7,780,630,1982,0,98023,47.2914,-122.368,1440,7361,215000.0,218477.99
4,2.75,3080,7242,2.0,0,0,3,9,3080,0,2014,0,98033,47.6948,-122.178,3010,7205,889950.0,858751.35
3,1.75,1300,12731,1.0,0,0,3,8,1300,0,1981,0,98074,47.6236,-122.04,1700,13556,430000.0,401989.56
2,1.0,1160,5750,1.0,0,0,4,6,1160,0,1924,0,98065,47.5322,-121.829,1160,8250,208000.0,312511.8
4,2.5,2632,4117,2.0,0,0,3,8,2632,0,2013,0,98001,47.3428,-122.278,2040,5195,349950.0,345636.08
2,1.75,1060,1241,2.0,0,0,3,7,960,100,2008,0,98144,47.5999,-122.3,1170,1400,352750.0,350775.55
4,2.5,2740,10533,2.0,0,0,3,9,2740,0,1997,0,98074,47.6095,-122.006,2760,8603,672800.0,697252.15
4,1.5,2220,6811,1.0,0,0,4,7,1270,950,1961,0,98056,47.5059,-122.193,1800,7350,320000.0,352065.9
3,3.25,4340,4947,2.0,0,3,3,11,3060,1280,1993,0,98107,47.6709,-122.406,1680,5250,2475000.0,1880600.0
2,1.0,1220,6300,1.0,0,0,3,7,760,460,1942,0,98136,47.5299,-122.387,1850,4886,400000.0,402408.45
5,4.5,4600,7810,2.0,0,0,3,9,3200,1400,2006,0,98065,47.5381,-121.86,4480,6324,805000.0,810423.35
4,2.25,2190,9009,2.0,0,0,4,8,1840,350,1977,0,98033,47.6916,-122.188,2190,10251,730000.0,678836.24
2,1.0,900,4500,1.0,0,0,3,7,900,0,1951,0,98118,47.5273,-122.265,1175,5320,263300.0,223242.98
5,3.0,2830,8854,1.0,0,0,4,8,1500,1330,1979,0,98040,47.5743,-122.209,2260,8604,865000.0,781696.53
4,2.0,1780,10622,1.0,0,0,4,7,900,880,1976,0,98058,47.4573,-122.158,1550,8900,325000.0,303387.5083333333
5,2.0,2220,6000,1.5,0,0,4,7,1390,830,1925,0,98144,47.5822,-122.295,1600,6000,515000.0,600303.6266666667
3,1.5,1240,7733,1.0,0,0,3,6,790,450,1941,0,98125,47.714,-122.283,1130,7733,375000.0,403558.25
3,2.5,1980,7807,2.0,0,0,4,9,1980,0,1989,0,98033,47.6884,-122.204,1590,7579,775000.0,772011.94
3,1.75,2220,132858,1.0,0,0,3,7,1110,1110,1988,0,98027,47.4853,-122.034,2130,77536,435000.0,423328.4
4,2.0,2260,7680,1.0,0,0,4,7,1130,1130,1947,0,98177,47.7193,-122.361,1800,7680,525000.0,459861.0
3,1.0,1550,6840,1.5,0,0,3,7,1550,0,1918,0,98103,47.6572,-122.335,2370,4560,525000.0,691342.06
4,2.5,3180,20870,2.0,0,0,3,8,2120,1060,1967,0,98034,47.7176,-122.241,2700,14190,523000.0,639349.5
4,2.5,3040,6000,2.0,0,0,3,9,3040,0,2007,0,98038,47.3473,-122.03,2640,6000,431000.0,423871.99
3,2.5,2510,4106,2.0,0,0,3,9,2510,0,2003,0,98029,47.5494,-121.994,2470,4106,699950.0,669590.7
6,2.5,2820,8600,1.0,0,0,5,8,1430,1390,1967,0,98006,47.565,-122.144,2070,8900,893880.0,635252.35
2,1.25,1240,2150,2.0,0,0,3,8,1240,0,2014,0,98117,47.6884,-122.374,1340,5289,545000.0,505344.8566666667
3,1.0,1010,9360,1.0,0,0,3,6,1010,0,1981,0,98033,47.6874,-122.168,1470,9360,350000.0,375871.81666666665
3,1.0,1780,6840,2.0,0,0,4,6,1780,0,1947,0,98125,47.727,-122.3,1410,7200,320000.0,402625.5
4,2.5,2480,8563,2.0,0,0,3,8,2480,0,1992,0,98038,47.381,-122.033,2460,8660,424950.0,397330.67
3,1.0,1980,8505,1.0,0,0,3,7,1030,950,1965,0,98106,47.538,-122.353,1830,8505,233000.0,356539.0
4,3.25,2864,8035,3.0,0,0,3,8,2864,0,2014,0,98030,47.3746,-122.189,2419,8984,380000.0,413784.83
4,2.75,3040,7274,2.0,0,3,3,9,2320,720,1986,0,98125,47.7184,-122.28,2830,10080,640000.0,799996.1
5,3.5,3420,8000,2.0,0,0,3,10,3420,0,2006,0,98040,47.5736,-122.212,1900,8000,1438890.0,1325638.3
1,1.0,800,16306,1.0,0,0,2,6,680,120,1931,0,98168,47.4916,-122.308,1270,8666,250000.0,172707.04666666663
4,2.25,2860,11545,1.0,0,0,4,8,1430,1430,1966,0,98005,47.588,-122.168,2190,11396,957000.0,731158.1
3,1.5,1460,13503,1.0,0,0,4,6,1460,0,1977,0,98010,47.3119,-122.015,1460,13394,240000.0,252430.89
3,1.0,960,5030,1.0,0,0,3,7,960,0,1955,0,98118,47.5611,-122.28,1460,5400,545000.0,256351.5
3,1.0,1080,6250,1.0,0,0,2,5,1080,0,1950,0,98168,47.5045,-122.33,1070,6250,124000.0,139791.0
2,2.0,1140,690,2.0,0,0,3,8,760,380,2014,0,98112,47.6205,-122.3,1480,1171,570000.0,551483.88
2,2.25,3900,14864,1.0,0,3,3,8,1950,1950,1947,0,98144,47.5884,-122.291,2580,5184,1072000.0,991586.5
3,1.0,1660,21514,1.0,0,0,4,7,1660,0,1973,0,98022,47.2159,-121.964,1660,21600,220000.0,259157.7
5,1.75,2660,10637,1.5,0,0,5,7,1670,990,1922,0,98115,47.6945,-122.292,1570,6825,760000.0,630421.48
5,2.75,3010,5398,2.0,0,0,3,9,3010,0,2014,0,98074,47.6067,-122.053,3360,5407,769995.0,818112.68
3,2.25,2200,8000,2.0,0,0,3,8,2200,0,1981,0,98055,47.4522,-122.208,2170,8000,360000.0,345400.08
4,2.25,2920,20400,1.0,0,0,4,11,2920,0,1966,0,98004,47.6237,-122.228,3080,20400,1650000.0,1343198.2
4,2.75,2610,4160,3.0,0,0,5,8,1910,700,1910,0,98103,47.6901,-122.357,1470,4140,650000.0,782123.75
4,1.0,1210,7740,1.5,0,0,3,7,1210,0,1922,0,98126,47.5216,-122.374,1100,7740,364000.0,315198.0
3,3.5,2420,4000,2.0,0,0,5,9,1820,600,1907,0,98122,47.6054,-122.295,2030,4550,740000.0,987413.6775
3,1.5,1260,10350,1.0,0,0,3,7,1260,0,1959,0,98008,47.6357,-122.123,1800,10350,465750.0,458438.5
3,3.5,2500,4270,2.0,0,0,3,8,2500,0,2000,0,98065,47.536,-121.877,2420,4205,538500.0,514696.0
2,1.0,1100,3500,1.0,0,0,5,7,1100,0,1908,0,98115,47.6741,-122.323,2050,4000,474000.0,542063.0
4,2.0,2230,9900,1.5,0,0,5,9,2230,0,1959,0,98005,47.5979,-122.173,2510,11041,809950.0,898743.94
2,1.0,1070,4200,1.0,0,0,4,6,1070,0,1983,0,98002,47.3336,-122.215,1150,4200,160000.0,182082.0
3,1.75,2160,5760,1.0,0,0,4,8,1260,900,1954,0,98136,47.5346,-122.391,2090,5760,670000.0,576892.96
4,2.5,2220,4228,2.0,0,0,3,8,2220,0,2014,0,98146,47.5014,-122.341,2220,4157,334990.0,402908.49
3,1.75,1390,8980,1.0,0,0,4,8,1390,0,1985,0,98022,47.2015,-122.005,1770,9085,278500.0,236533.42
3,2.25,2930,6000,2.0,0,2,3,11,1920,1010,2000,0,98112,47.6301,-122.301,1870,5040,1385000.0,1183731.8
4,2.25,2000,10679,1.0,0,0,3,7,1350,650,1960,0,98148,47.4238,-122.329,1650,8875,330000.0,291830.95
4,3.25,3760,4675,2.0,0,0,3,8,2740,1020,2007,0,98038,47.3862,-122.048,3280,4033,429900.0,455668.85
3,1.75,1460,7800,1.0,0,0,2,7,1040,420,1979,0,98023,47.3035,-122.382,1310,7865,233000.0,230489.72
4,1.0,1340,5800,1.5,0,2,3,7,1340,0,1914,0,98116,47.5658,-122.389,1900,5800,455000.0,500949.01
3,1.75,1440,8050,1.0,0,0,3,8,1440,0,1985,0,98023,47.3187,-122.39,1790,7488,258950.0,240203.63
2,1.5,1780,4750,1.0,0,0,4,7,1080,700,1947,0,98117,47.6859,-122.395,1690,5962,555000.0,567437.07
3,2.25,1780,9969,1.0,0,0,3,8,1450,330,1985,0,98034,47.7286,-122.168,1950,7974,450000.0,463437.76
4,2.5,2980,8107,2.0,0,0,3,9,2980,0,2000,0,98065,47.5389,-121.876,2750,7760,622500.0,643381.48
4,2.25,2530,24700,2.0,0,0,3,7,2530,0,1974,0,98031,47.3939,-122.177,2650,24700,340000.0,411635.2
4,2.5,3090,5600,2.0,0,0,3,9,3090,0,2005,0,98075,47.597,-121.979,3080,5788,708000.0,732975.65
3,0.75,1040,15000,1.0,0,0,3,6,1040,0,1941,0,98028,47.7639,-122.234,1410,19000,230000.0,306736.37666666665
4,3.5,2650,3060,2.0,0,0,3,9,2060,590,2001,0,98103,47.6735,-122.332,1470,3060,1008000.0,1067397.64
3,1.0,940,19000,1.0,0,0,3,6,940,0,1945,0,98004,47.5828,-122.19,2280,19000,600000.0,622473.5
2,1.0,930,7623,1.0,0,0,2,6,930,0,1942,0,98166,47.467,-122.349,1300,7641,100000.0,186534.1666666667
3,2.25,4320,19225,1.0,0,0,4,10,2160,2160,1972,0,98004,47.6368,-122.216,3430,18469,1775000.0,1699173.5
4,2.5,3030,16000,2.0,0,0,3,11,3030,0,1990,0,98077,47.7125,-122.081,3670,16641,875000.0,823817.27
3,1.5,1320,8000,1.0,0,0,3,7,1320,0,1957,0,98008,47.6027,-122.122,1720,8100,412000.0,456105.3
3,1.75,1280,12776,1.0,0,0,4,7,1280,0,1977,0,98031,47.4212,-122.199,1680,11704,300000.0,245564.06
4,1.75,2510,8989,1.0,0,0,4,8,1680,830,1964,0,98006,47.5569,-122.172,2510,8931,595000.0,642537.3
3,2.25,1670,3135,2.0,0,0,3,8,1220,450,2002,0,98199,47.6478,-122.396,1630,1596,540000.0,545580.88
3,1.5,1520,6805,1.0,0,0,4,7,1040,480,1981,0,98023,47.2907,-122.367,1440,7041,265000.0,209657.97
3,1.75,2300,11400,1.0,0,0,4,8,1520,780,1977,0,98052,47.6884,-122.128,2300,10140,505000.0,593246.32
2,1.0,870,7500,1.0,0,0,3,7,870,0,1947,0,98136,47.5465,-122.384,1240,5709,379950.0,371593.8
4,1.0,1280,4840,1.0,0,0,3,7,940,340,1950,0,98136,47.5477,-122.395,1360,4840,390000.0,425583.91
4,1.5,3520,4933,1.5,0,0,4,8,2270,1250,1929,0,98108,47.5655,-122.315,1710,5400,589500.0,794810.0
4,1.75,2290,8142,1.0,0,0,4,7,1490,800,1969,0,98055,47.4564,-122.211,1840,8142,325500.0,327610.0
5,2.5,2830,25958,1.0,0,1,5,8,1610,1220,1979,0,98075,47.5896,-122.083,2670,21567,700000.0,800125.0
5,3.25,4610,10576,2.0,0,3,3,11,3310,1300,2006,0,98027,47.5373,-122.07,4042,8321,1200000.0,1276325.0
3,1.0,1190,7560,1.0,0,0,5,6,1190,0,1958,0,98058,47.452,-122.177,1190,7560,288000.0,209259.0
4,2.5,2600,5188,2.0,0,0,3,8,2600,0,2005,0,98038,47.3451,-122.04,2610,5188,359900.0,354720.3
6,2.5,3190,12196,2.0,0,0,4,8,3190,0,1979,0,98052,47.6309,-122.103,2790,13068,664000.0,709549.6
2,1.5,1320,826,2.0,0,0,3,8,1100,220,2008,0,98144,47.5879,-122.304,1340,1213,342500.0,361866.0
3,2.75,2850,14800,1.0,0,0,4,9,1920,930,1976,0,98006,47.559,-122.146,3300,10809,775000.0,842609.31
2,1.0,880,6380,1.0,0,0,3,7,880,0,1938,1994,98115,47.6924,-122.322,1340,6380,490000.0,424640.84
2,2.0,1440,8425,1.0,0,0,4,6,1440,0,1942,1983,98168,47.4831,-122.296,1430,12037,327200.0,252285.96666666667
2,1.0,970,2970,1.0,0,0,3,7,970,0,1910,0,98102,47.6233,-122.319,1670,3000,425000.0,501317.7
2,1.0,1150,30184,1.0,0,0,3,6,1150,0,1950,0,98055,47.4492,-122.2,1670,19684,129000.0,254446.4
3,2.5,1890,3629,2.0,0,0,3,7,1890,0,2005,0,98038,47.3613,-122.041,1980,4000,285000.0,303935.45
3,1.5,1420,22100,1.0,0,0,5,7,1420,0,1957,0,98042,47.4193,-122.149,1540,21780,269900.0,285944.67
3,1.5,1860,17640,1.0,0,0,4,7,1860,0,1966,0,98059,47.484,-122.111,1860,17820,350000.0,350084.5
3,1.0,880,7004,1.0,0,0,3,5,880,0,1950,0,98002,47.3019,-122.216,880,7828,128750.0,158293.5
3,2.0,1540,6000,1.0,0,0,4,6,1540,0,1953,0,98155,47.7372,-122.307,1490,8213,229000.0,411676.5
4,2.5,2570,13450,1.0,0,4,3,8,1510,1060,1948,0,98155,47.7429,-122.285,3470,12615,795000.0,649341.9
4,2.0,2050,4400,1.5,0,0,4,9,2050,0,1922,0,98102,47.644,-122.319,2320,5500,740000.0,996907.5
4,1.0,2180,10617,1.5,0,0,3,7,2180,0,1950,0,98155,47.7522,-122.307,1360,9519,359000.0,372714.20333333337
3,1.0,1290,12231,1.0,0,0,3,7,1290,0,1976,0,98072,47.7404,-122.11,1390,11632,323000.0,342307.8
4,2.0,2190,14439,1.0,0,0,4,7,1180,1010,1977,0,98001,47.2702,-122.29,2160,14439,280000.0,318206.47
3,2.0,1540,3600,2.0,0,0,3,8,1540,0,1900,1988,98112,47.6343,-122.283,2970,3600,850000.0,943204.0
5,2.5,3180,23809,1.0,0,0,3,9,3180,0,1978,0,98038,47.3727,-122.054,2500,15778,499950.0,515419.21
4,2.0,2260,10800,1.0,0,0,3,9,2260,0,1978,0,98007,47.6124,-122.153,2650,9900,685000.0,718824.67
4,1.75,1700,40973,1.0,0,0,3,8,1700,0,1961,0,98031,47.3439,-122.198,2760,40973,334950.0,341483.75
3,1.0,1060,7419,1.0,0,2,4,6,1060,0,1906,0,98177,47.7712,-122.392,2190,5953,370000.0,324914.09
4,2.5,2640,4200,2.0,0,0,3,8,2640,0,1998,0,98074,47.6038,-122.02,2460,4200,570000.0,600712.5
3,2.0,1990,3000,1.5,0,2,5,8,1430,560,1927,0,98144,47.5891,-122.293,1780,5000,619000.0,636466.94
3,3.0,2520,2152,1.5,0,0,3,8,1560,960,1925,2006,98119,47.6363,-122.371,1140,2152,780000.0,896554.15
3,3.0,2410,12183,2.0,0,0,3,9,2410,0,1988,0,98011,47.747,-122.177,2540,9979,555000.0,598401.5
3,2.25,1770,8000,1.0,0,0,4,7,1350,420,1976,0,98072,47.7358,-122.17,1850,7875,436000.0,421220.41
4,2.5,3480,59242,2.0,0,0,3,11,3480,0,1988,0,98072,47.7391,-122.102,2930,39400,810000.0,879301.5
5,1.75,2100,9599,1.0,0,0,3,7,1060,1040,1961,0,98034,47.7097,-122.216,1680,10712,395000.0,488014.18333333335
3,2.5,2180,11100,1.0,0,0,3,8,1230,950,1983,0,98052,47.717,-122.101,1930,12000,540000.0,540401.46
3,1.5,2030,14400,1.0,0,0,4,7,1310,720,1969,0,98001,47.2639,-122.285,1330,14400,250000.0,287543.48
2,1.5,1295,1093,2.0,0,0,3,9,1105,190,2007,0,98112,47.6192,-122.299,1295,1413,487028.0,537677.5
3,2.5,1650,13816,2.0,0,0,3,7,1650,0,1998,0,98014,47.6553,-121.912,1650,15144,272000.0,338798.5
5,3.5,3240,6919,2.0,0,0,3,8,2760,480,2014,0,98059,47.4779,-122.122,2970,5690,612995.0,553023.93
3,2.0,1990,65340,2.0,0,0,3,8,1990,0,1986,0,98027,47.4726,-121.99,2120,59241,500000.0,474603.5
3,1.75,1300,4127,1.0,0,0,4,6,650,650,1918,1953,98106,47.5353,-122.352,1420,4000,270000.0,335164.16
3,2.0,3080,17700,1.0,0,0,4,8,1740,1340,1965,0,98166,47.4695,-122.366,2100,15100,530000.0,515176.88
3,1.75,2420,12676,2.0,0,0,3,7,2420,0,1911,1986,98045,47.4943,-121.789,1210,6769,399500.0,385832.25
4,3.0,3180,12070,2.0,0,0,4,9,3180,0,1976,0,98074,47.6371,-122.058,3110,12600,790000.0,792351.25
2,1.0,900,4800,1.0,0,0,4,6,780,120,1944,0,98199,47.6575,-122.4,1270,5520,529500.0,473147.9
2,1.5,800,1196,2.0,0,0,3,8,800,0,2003,0,98103,47.6972,-122.341,1020,1087,280000.0,292296.0
3,2.5,1530,2913,2.0,0,0,4,7,1530,0,1986,0,98033,47.6939,-122.184,1370,3783,379000.0,443567.31
3,1.0,1560,4500,1.5,0,0,5,7,1560,0,1915,0,98112,47.6204,-122.292,1530,4500,669000.0,624181.5
3,1.0,1430,5000,1.0,0,0,3,7,1430,0,1949,0,98117,47.6895,-122.37,1210,5000,552500.0,488332.66666666674
4,3.25,3080,4120,2.0,0,0,3,9,2380,700,2014,0,98117,47.6845,-122.359,1410,4120,1280000.0,1104355.75
5,2.0,2080,4000,1.0,0,0,4,6,1040,1040,1909,0,98144,47.5858,-122.308,1940,6000,467000.0,530556.0
3,1.75,1560,14288,1.0,0,0,3,6,780,780,1944,0,98125,47.7183,-122.306,1320,8928,385000.0,418143.25
3,2.5,2160,6288,2.0,0,0,3,8,2160,0,1996,0,98133,47.7655,-122.35,1830,7600,549950.0,489586.66
3,2.5,2720,62310,1.0,0,0,3,8,2040,680,1985,0,98038,47.4168,-122.074,2770,204296,550000.0,489719.0
3,2.0,1980,3478,1.5,0,0,4,7,1440,540,1929,0,98117,47.6775,-122.372,1610,3478,555000.0,594406.45
3,2.5,1960,47044,2.0,0,0,4,8,1960,0,1978,0,98077,47.7573,-122.07,2020,29004,535000.0,508471.47
3,1.5,1980,5800,1.0,0,0,4,8,1520,460,1949,0,98199,47.6499,-122.413,2280,5800,759000.0,740539.65
4,1.75,1620,7560,1.0,0,3,4,7,1380,240,1947,0,98117,47.6981,-122.4,2170,8650,657500.0,677710.5
2,2.75,2700,8572,1.0,0,0,3,9,2700,0,2007,0,98053,47.7236,-122.033,2680,8569,810000.0,734506.17
2,0.75,1040,4000,1.0,0,0,3,7,930,110,1909,0,98119,47.6489,-122.372,1700,4800,550000.0,557761.89
5,1.0,1750,3861,1.5,0,0,3,7,1750,0,1903,0,98122,47.6075,-122.295,1700,4255,774900.0,551876.0
5,3.75,4450,7680,2.0,0,0,3,9,3460,990,2010,0,98199,47.6418,-122.392,2550,6400,1300000.0,1409451.84
3,1.75,1790,7485,1.0,0,0,4,8,1330,460,1979,0,98023,47.3118,-122.34,1970,8097,263000.0,252107.56
3,1.0,960,27442,1.0,0,0,4,6,960,0,1970,0,98058,47.4676,-122.134,1100,29019,137124.0,243471.27
5,2.0,2500,15250,2.0,1,4,5,8,2500,0,1942,0,98008,47.5883,-122.111,1880,18782,1700000.0,1493565.0
3,2.0,1430,14250,1.0,0,0,3,7,1430,0,1953,0,98033,47.701,-122.199,1530,11475,465000.0,447955.76
4,2.5,2740,8400,1.5,0,2,3,8,2740,0,1993,0,98022,47.1947,-122.008,2030,8638,315000.0,362829.18
3,2.25,2080,2856,1.5,0,0,3,7,1550,530,2003,0,98042,47.4198,-122.158,2080,2275,267500.0,285520.43
3,2.5,2320,52272,1.5,0,0,3,8,2320,0,1974,0,98075,47.587,-122.068,2200,52272,600000.0,588619.79
1,1.0,690,6825,1.0,0,0,4,5,690,0,1917,0,98002,47.3109,-122.225,1330,5381,142500.0,162677.33
3,1.5,1700,8050,1.0,0,0,3,7,1130,570,1950,0,98004,47.6304,-122.218,2920,12239,950000.0,980440.0
3,2.25,2890,5000,3.0,0,0,3,9,2890,0,2014,0,98117,47.6983,-122.389,2020,5000,930000.0,920836.99
4,3.5,4285,9567,2.0,0,1,5,10,3485,800,1946,0,98199,47.6434,-122.409,2960,6902,1650000.0,1658128.8
6,3.0,2620,4350,1.0,0,0,3,7,1760,860,1957,0,98117,47.678,-122.373,1760,4300,900000.0,683191.36
4,1.0,1170,34925,1.0,0,0,4,6,1170,0,1942,0,98065,47.5305,-121.841,1610,28108,282500.0,362429.53
4,1.75,1850,8580,1.0,0,0,3,7,1140,710,1960,0,98178,47.4877,-122.24,2210,9240,315000.0,286999.0
3,2.5,1640,6991,1.0,0,0,3,7,1110,530,1967,0,98125,47.7255,-122.327,1860,7342,390000.0,420336.25
3,2.25,1640,14374,1.0,0,0,4,7,1140,500,1963,0,98148,47.4476,-122.332,2020,10500,362000.0,284686.38
3,3.0,3030,5156,1.5,0,0,4,9,2080,950,1929,0,98119,47.647,-122.369,1910,5720,879000.0,1046318.4
4,3.5,3860,18334,2.0,0,0,3,10,3120,740,1996,0,98077,47.7095,-122.075,3550,18334,840000.0,907668.5766666667
4,2.25,2840,20242,1.0,0,0,3,8,2240,600,1972,0,98004,47.639,-122.216,2840,20372,1145000.0,1226417.95
4,2.75,2475,4276,2.0,0,0,3,7,2475,0,2014,0,98002,47.345,-122.21,2475,4000,319900.0,331401.47
1,1.0,830,3200,1.0,0,0,3,7,830,0,1924,0,98103,47.6557,-122.348,1350,2512,525000.0,456310.0
4,2.25,2230,6791,2.0,0,0,3,8,2230,0,2005,0,98038,47.3769,-122.028,2420,6297,340000.0,356767.38
3,2.5,2390,8102,2.0,0,0,4,8,2390,0,1986,0,98058,47.4378,-122.16,2310,8606,380000.0,394830.12
2,1.0,1100,6000,1.5,0,0,4,6,1100,0,1900,0,98108,47.5275,-122.323,1280,6000,210000.0,254634.88
4,2.5,3040,20682,2.0,0,0,3,7,3040,0,2000,0,98019,47.7245,-121.959,2670,9742,468000.0,499495.5
3,2.5,2280,58712,2.5,0,3,3,9,2280,0,1987,0,98010,47.3053,-122.0,2240,24332,520000.0,500158.0
2,2.25,1150,711,2.0,0,0,3,7,1150,0,2013,0,98027,47.5323,-122.07,1150,748,325000.0,337336.4866666667
3,1.75,1880,8424,1.0,0,0,4,7,1380,500,1977,0,98059,47.5116,-122.161,1970,8523,410000.0,359261.0
2,1.5,830,1333,2.0,0,0,3,7,830,0,2005,0,98136,47.5506,-122.381,1120,4822,301500.0,304661.55
1,1.0,680,21727,1.0,0,0,3,5,680,0,1952,1995,98058,47.446,-122.175,1470,19406,291970.0,175469.38
2,2.0,1313,3600,1.0,0,0,3,8,1313,0,1904,2012,98119,47.6369,-122.365,1080,3600,885000.0,575153.0
3,2.5,1350,874,3.0,0,0,3,8,1270,80,2006,0,98136,47.5491,-122.387,1350,886,389000.0,392173.4
3,1.0,1600,6380,1.5,0,0,3,7,1400,200,1939,0,98125,47.7015,-122.317,1760,6380,490000.0,497503.5
3,2.5,2100,15120,1.0,0,0,4,8,2100,0,1953,0,98004,47.6201,-122.222,3070,16078,1150000.0,1255325.5
5,2.5,2540,3832,2.0,0,0,5,8,1760,780,1929,0,98117,47.6848,-122.398,2000,5289,620000.0,833309.1
4,2.5,2360,7475,2.0,0,0,3,8,2360,0,1992,0,98031,47.4052,-122.17,2280,7570,340000.0,351866.5
4,3.25,4290,12103,1.0,0,3,3,11,2690,1600,1997,0,98006,47.5503,-122.102,3860,11244,1384000.0,1390475.9
2,2.5,1590,1845,2.0,0,0,3,9,1590,0,1997,0,98033,47.6897,-122.175,2320,3174,409900.0,484566.24
2,2.0,2280,641203,2.0,0,0,3,9,2280,0,1990,0,98070,47.4125,-122.455,2030,224334,849900.0,680047.0
4,2.0,1710,5200,1.0,0,0,4,7,910,800,1977,0,98042,47.3634,-122.09,1560,5200,247500.0,235505.0
3,1.75,1790,6117,1.0,0,2,3,8,1350,440,1940,0,98199,47.6366,-122.401,1960,5554,790000.0,697533.7
3,2.5,2700,6947,2.0,0,3,3,9,2700,0,2013,0,98056,47.5172,-122.208,2500,6947,950000.0,641354.13
4,2.5,3360,7685,2.0,0,0,3,9,3360,0,2001,0,98058,47.4369,-122.111,3060,6567,455000.0,516547.53
3,2.25,1430,5999,2.0,0,0,3,7,1430,0,1987,0,98023,47.3116,-122.358,1600,5999,221000.0,237807.76
3,2.5,3220,6409,2.0,0,0,3,9,3220,0,2008,0,98059,47.4815,-122.127,3330,6231,625000.0,572300.4
6,3.75,3810,6663,2.0,0,0,4,8,3810,0,1977,0,98103,47.6938,-122.34,1610,4561,752000.0,866565.02
4,2.5,2260,5164,2.0,0,0,3,8,2260,0,1996,0,98056,47.509,-122.166,2260,5866,419950.0,427222.89
5,3.0,2640,3200,2.0,0,0,4,7,2140,500,1906,0,98112,47.6188,-122.308,1540,2242,739375.0,853765.65
4,2.5,1867,15314,2.0,0,0,3,9,1867,0,2013,0,98030,47.3524,-122.198,2616,8048,378950.0,383907.4
3,2.5,3370,167706,1.0,0,0,3,10,3370,0,2000,0,98038,47.4379,-122.022,3350,213444,713900.0,709161.38
4,2.75,2690,8874,1.0,0,0,3,8,1370,1320,1980,0,98023,47.3078,-122.383,1990,7875,307450.0,321185.94
2,2.0,990,5416,1.0,0,0,3,6,990,0,1935,0,98122,47.604,-122.311,1650,3360,600000.0,434756.64
4,2.0,2260,6000,1.0,0,0,3,8,1430,830,1958,0,98115,47.6876,-122.298,2030,5874,628000.0,648824.8
2,1.75,2330,7280,1.0,0,0,3,7,1450,880,1982,0,98188,47.4282,-122.28,1830,12178,535000.0,341146.54
3,2.5,2010,2261,2.0,0,0,3,8,1390,620,2014,0,98029,47.5514,-121.998,1690,1899,550000.0,478122.52
4,3.5,4140,13392,2.0,0,0,3,11,4140,0,2000,0,98059,47.5261,-122.144,4140,11529,950000.0,1117563.0
3,3.0,3030,35123,2.0,0,0,4,8,1760,1270,1984,0,98027,47.4694,-122.006,2810,36205,599900.0,529373.03
4,1.75,1820,6137,1.5,0,3,4,7,1690,130,1911,0,98107,47.6681,-122.36,2130,5100,790000.0,739821.89
3,3.25,3400,5979,2.0,0,0,4,9,2290,1110,1937,0,98105,47.6585,-122.273,3090,6435,1300000.0,1523306.8
2,1.5,1150,3927,2.0,0,0,3,7,1150,0,1982,0,98034,47.7248,-122.162,1400,3425,300000.0,339908.0
3,2.25,1500,9656,1.0,0,0,3,7,1170,330,1989,0,98019,47.7327,-121.982,1690,9656,329500.0,356387.26
5,2.25,1980,13132,1.0,0,0,4,7,1260,720,1962,0,98198,47.3984,-122.301,1880,11325,307700.0,292763.5
2,1.75,1030,1106,2.0,0,0,3,7,765,265,2006,0,98136,47.5397,-122.387,1030,1066,345000.0,345290.15
3,2.0,1870,3378,1.0,0,0,3,7,1120,750,1913,0,98136,47.5371,-122.393,1870,1872,340000.0,512646.5
4,2.5,2860,6600,2.0,0,0,3,9,2860,0,2000,0,98074,47.6067,-122.017,2790,6723,666500.0,684651.5
3,2.25,1700,7650,1.0,0,0,4,7,1340,360,1975,0,98034,47.7214,-122.166,1980,7200,419000.0,471984.85
3,1.5,1320,8100,1.0,0,0,4,7,1320,0,1951,0,98177,47.7194,-122.371,1480,8100,500000.0,440775.0
3,2.25,1590,926,3.0,0,0,3,8,1590,0,2014,0,98136,47.5402,-122.387,1640,1321,489950.0,485360.0
4,2.5,2460,6454,2.0,0,0,3,7,2460,0,2006,0,98065,47.5381,-121.89,2320,4578,452500.0,466128.5
3,2.25,2510,12013,2.0,0,0,3,8,2510,0,1988,0,98003,47.3473,-122.314,1870,8017,358000.0,269094.19
3,2.5,1270,865,2.0,0,0,3,7,1080,190,2008,0,98118,47.5351,-122.279,1630,7752,290750.0,301074.96
4,2.75,3280,24440,2.0,0,0,3,10,3280,0,1996,0,98077,47.7073,-122.07,3490,25138,862500.0,833236.1666666665
2,2.0,1930,4500,1.0,0,0,3,8,1930,0,2003,0,98053,47.7104,-122.031,1670,5200,542000.0,547893.63
4,1.5,1240,8158,1.0,0,0,4,7,1110,130,1961,0,98198,47.3716,-122.31,1520,8147,265000.0,222330.22
3,3.0,1850,19966,1.0,0,0,4,7,1090,760,1992,0,98038,47.3493,-122.034,1410,6715,287200.0,287589.45
4,2.5,2770,10051,2.0,0,0,3,10,2770,0,1987,0,98074,47.6288,-122.043,2730,10675,685000.0,668774.25
4,2.25,1930,3500,1.5,0,0,5,8,1540,390,1916,0,98122,47.6167,-122.29,1800,5000,689888.0,744116.5
4,4.25,5660,193593,2.0,0,0,3,10,4100,1560,2001,0,98019,47.7064,-121.981,3620,207141,955000.0,1207379.7
2,1.75,910,2550,1.0,0,0,3,6,910,0,2004,0,98038,47.3494,-122.022,1310,2550,193000.0,190450.0
4,2.25,1870,9680,1.0,0,0,4,7,1170,700,1959,0,98034,47.7157,-122.234,2000,9790,325000.0,456239.75
2,1.0,1090,9994,1.0,0,0,3,7,1090,0,1954,0,98168,47.4761,-122.287,1090,11700,196700.0,213773.27
3,1.0,980,12812,1.0,0,0,3,7,980,0,1956,0,98168,47.4892,-122.306,1430,8986,218000.0,197029.65
3,2.25,1490,1212,2.0,0,0,3,9,1040,450,2011,0,98112,47.6226,-122.313,1490,1337,735000.0,629535.58
3,1.75,1380,8400,1.0,0,0,3,7,1380,0,1967,0,98003,47.3117,-122.321,1540,8400,275900.0,230417.6
4,3.5,3350,3752,2.0,0,0,3,9,2550,800,2007,0,98117,47.6782,-122.365,1050,4960,1010000.0,1000482.98
4,2.75,2950,4560,2.0,0,0,5,7,1810,1140,1912,0,98103,47.6525,-122.333,2000,4560,1045000.0,790809.7
3,1.75,2280,3446,2.0,0,0,3,8,2280,0,1949,1991,98125,47.715,-122.282,1610,6670,718000.0,607622.75
4,2.5,2970,9072,2.0,0,0,3,10,2970,0,1991,0,98006,47.562,-122.114,2740,8729,845000.0,846427.65
3,1.75,1350,155073,1.0,0,0,4,7,1350,0,1969,0,98038,47.4058,-121.994,1560,50965,385000.0,336156.92
2,1.0,1670,8195,1.0,0,0,3,7,1670,0,1954,1975,98033,47.6627,-122.192,1980,7500,660000.0,674346.28
3,3.0,1790,2003,2.0,0,0,3,7,1480,310,2006,0,98108,47.5421,-122.321,1220,4000,249950.0,306241.1666666666
3,1.75,2050,4080,2.0,0,0,3,8,2050,0,1991,0,98105,47.6698,-122.325,1890,4080,790000.0,712014.6
3,2.0,1460,5715,1.0,0,0,3,7,1460,0,1957,2014,98118,47.54,-122.276,1400,5715,340000.0,389549.08
4,2.5,4080,11054,2.0,0,0,3,11,4080,0,2001,0,98059,47.5188,-122.151,3520,11914,1050000.0,1086767.51
3,3.25,1400,1343,2.0,0,0,3,7,1160,240,2005,0,98118,47.5483,-122.277,1400,1326,367500.0,317459.36
4,2.25,2490,23478,2.0,0,0,3,8,2490,0,1981,0,98072,47.7547,-122.094,2030,12611,500000.0,526365.5
4,2.5,2290,8796,2.0,0,0,3,8,2290,0,1994,0,98198,47.3762,-122.318,2130,8796,349900.0,363066.76
4,2.5,1975,8734,2.0,0,0,3,7,1975,0,1996,0,98038,47.363,-122.034,1975,8538,311000.0,330282.5
3,3.25,1570,2048,2.0,0,0,3,8,1290,280,2006,0,98126,47.548,-122.375,1570,2006,346500.0,374832.4
3,1.0,1580,7560,1.0,0,0,4,7,1000,580,1976,0,98001,47.3318,-122.277,1580,7560,254999.0,229317.54166666663
3,1.5,1580,14040,1.0,0,0,3,7,1050,530,1980,0,98001,47.2932,-122.267,2240,12000,264500.0,248968.56
2,1.0,870,5635,1.0,0,0,3,7,870,0,1948,0,98116,47.5676,-122.398,1310,5750,334850.0,405711.9
4,2.0,1890,8362,1.0,0,0,3,7,1890,0,1966,0,98188,47.4377,-122.279,1600,9257,312000.0,276682.0
3,2.25,1690,7292,1.0,0,0,3,7,1250,440,1985,0,98003,47.2639,-122.303,1670,7747,242000.0,231120.75
3,1.75,1600,7711,1.0,0,0,3,7,1600,0,1999,0,98002,47.284,-122.202,2100,7711,268000.0,268967.68
4,2.0,2410,4680,2.0,0,0,3,9,2410,0,1974,0,98008,47.6234,-122.113,1910,4611,470000.0,743508.49
3,1.75,1930,7200,1.5,0,0,3,6,1930,0,1929,0,98065,47.5263,-121.809,1350,9000,285000.0,351640.5
4,2.25,2160,8811,1.0,0,0,3,8,1360,800,1978,0,98023,47.3129,-122.39,2090,8400,260000.0,276890.77
3,2.5,3280,10302,1.0,0,0,3,10,1680,1600,1970,0,98115,47.6948,-122.286,1550,6300,1075000.0,1026726.0
4,1.75,2220,15600,1.0,0,0,5,7,1140,1080,1963,0,98056,47.492,-122.166,1670,4800,374000.0,355145.0
6,2.75,2040,8560,1.0,0,2,4,7,1100,940,1961,0,98008,47.616,-122.115,2230,8560,610000.0,566066.88
3,2.5,2660,10928,2.0,0,0,3,9,1830,830,1988,0,98006,47.5442,-122.141,2800,10025,768000.0,797019.67
5,3.25,4240,9588,2.0,0,0,3,9,4240,0,2014,0,98053,47.6901,-122.018,4080,8425,1049990.0,1004502.44
2,1.0,700,4836,1.0,0,0,4,6,700,0,1926,0,98125,47.7139,-122.288,1190,7050,380000.0,328583.45
4,2.75,2800,19168,2.0,0,0,3,10,2800,0,1992,0,98075,47.5911,-122.037,2010,16020,999000.0,713824.1
5,3.25,2360,3873,2.0,0,0,3,8,1990,370,2006,0,98108,47.5635,-122.299,1720,3071,569900.0,560771.6
5,1.75,2550,71874,1.0,0,0,5,7,1810,740,1960,0,98027,47.4845,-122.08,2170,51400,525888.0,451893.9
4,2.75,5470,18200,2.0,1,4,3,11,3730,1740,1992,0,98118,47.5316,-122.263,3620,15100,1612500.0,2256550.0
4,2.0,2580,4500,2.0,0,0,4,9,1850,730,1905,0,98102,47.6245,-122.316,2590,4100,935000.0,1090738.9
3,1.0,1100,5100,1.0,0,0,4,7,1100,0,1913,0,98108,47.5231,-122.332,1450,5100,130000.0,255999.6
4,2.5,3370,5000,2.0,0,0,3,9,3370,0,2006,0,98027,47.541,-121.998,3370,5237,825000.0,820107.3666666666
6,2.0,1670,3000,1.0,0,0,5,7,900,770,1911,0,98105,47.6637,-122.316,1330,1099,680000.0,551864.72
3,2.5,1870,5000,2.0,0,0,3,7,1870,0,2009,0,98042,47.3339,-122.055,2170,5399,270000.0,273392.0
4,1.0,1060,5750,1.0,0,0,3,6,950,110,1904,0,98199,47.6562,-122.389,1790,5857,403504.0,495565.11
3,1.75,1670,10798,1.0,0,0,4,8,1670,0,1962,0,98006,47.549,-122.17,2290,10798,550000.0,564380.5
5,1.75,2330,3800,1.5,0,0,3,7,1360,970,1927,0,98115,47.6835,-122.308,2100,3800,780000.0,672858.31
4,2.5,2690,9551,2.0,0,0,3,9,2690,0,1992,0,98058,47.4343,-122.156,2890,9121,439000.0,446517.65
2,2.5,1380,953,3.0,0,0,3,9,1380,0,2006,0,98103,47.6654,-122.355,1430,3400,549000.0,580900.01
3,2.5,1800,8518,2.0,0,0,3,7,1800,0,1996,0,98030,47.3643,-122.185,1770,7570,325000.0,211184.75
2,2.5,1620,14467,2.0,0,0,3,7,1620,0,1981,0,98074,47.6306,-122.035,1470,13615,475000.0,484338.6666666666
4,3.0,1850,9976,2.0,0,0,3,8,1850,0,1991,0,98059,47.5059,-122.149,2270,8542,430000.0,401522.49
3,2.5,1800,5001,2.0,0,0,3,7,1800,0,1996,0,98034,47.7126,-122.231,2106,5618,515000.0,440217.58
2,1.0,1140,8340,1.0,0,0,3,7,1140,0,1948,0,98155,47.7448,-122.3,1030,8149,358000.0,306327.0
4,2.5,3620,16000,2.0,0,0,3,9,3620,0,1976,0,98038,47.3711,-122.06,2590,16000,480000.0,520193.98
3,1.75,1540,10800,1.0,0,0,5,6,770,770,1947,0,98040,47.5763,-122.222,2020,10800,500000.0,634051.4
3,1.0,1660,7440,1.0,0,0,3,7,1270,390,1957,0,98106,47.5242,-122.362,1540,7440,210000.0,335030.43333333335
6,4.5,2940,7500,1.5,0,0,4,8,2940,0,1966,0,98034,47.7208,-122.182,2010,7500,482500.0,596994.9
3,1.75,1510,18439,1.0,0,0,3,7,1510,0,1971,0,98027,47.5491,-122.046,1600,34326,374000.0,471088.0066666667
3,2.5,1550,8134,2.0,0,0,3,7,1550,0,1991,0,98031,47.404,-122.191,1550,8134,268000.0,261460.98
3,2.5,2430,4203,2.0,0,0,3,8,2430,0,2001,0,98065,47.5346,-121.875,2500,4798,515000.0,529080.75
5,3.5,3890,13261,2.0,0,1,3,9,2870,1020,1984,0,98125,47.7246,-122.284,3080,13261,985000.0,957326.42
4,2.5,2130,9268,2.0,0,0,4,8,2130,0,1985,0,98092,47.262,-122.22,2100,8400,355000.0,313209.96
3,2.5,1995,1483,3.0,0,0,3,8,1760,235,2005,0,98102,47.6025,-122.31,1520,1173,505000.0,582172.0
3,1.0,1030,3000,1.0,0,0,3,7,830,200,1924,0,98115,47.6813,-122.317,1830,3000,385000.0,492040.06
3,2.5,2320,5663,2.0,0,0,3,8,2320,0,2003,0,98027,47.539,-122.07,2500,4500,589000.0,593900.5
5,3.25,4560,19080,1.0,0,0,5,9,2490,2070,1963,0,98004,47.6291,-122.226,3390,20140,1675000.0,1719715.5
4,1.75,2300,11700,1.0,0,0,4,9,1960,340,1977,0,98052,47.6331,-122.094,2840,12000,615000.0,647906.66
3,2.25,2230,9053,2.0,0,0,4,9,2230,0,1987,0,98007,47.6594,-122.144,2390,8038,600000.0,731251.73
3,1.5,1200,7236,1.0,0,0,3,7,1200,0,1975,0,98011,47.739,-122.194,1680,7800,361000.0,361218.94
3,1.0,1010,8551,1.0,0,0,5,7,1010,0,1953,0,98155,47.7351,-122.295,1310,8504,350000.0,348619.8
4,3.0,3330,4000,1.0,0,0,3,8,1790,1540,1958,0,98103,47.6559,-122.344,1610,4000,850000.0,892184.8
3,2.5,1610,3755,2.0,0,0,3,7,1610,0,1987,0,98052,47.6825,-122.097,1300,3823,395000.0,436414.85
5,1.5,1840,8050,1.5,0,0,4,7,1840,0,1962,0,98198,47.3668,-122.312,1690,8151,285000.0,233691.0
4,2.5,2620,19864,2.0,0,0,4,8,2620,0,1984,0,98052,47.7014,-122.122,2500,13285,650000.0,744434.89
2,1.0,990,4920,1.0,0,0,3,6,990,0,1931,0,98117,47.6939,-122.368,990,4960,430000.0,348457.3
3,3.75,2380,3600,1.5,0,0,3,7,1690,690,1927,0,98112,47.6374,-122.307,1990,3520,695000.0,823298.04
3,1.75,2600,7668,1.0,0,0,4,8,1300,1300,1968,0,98010,47.3402,-122.046,1980,13664,700000.0,390023.48
3,2.0,2010,7017,2.0,0,3,3,7,2010,0,1951,1988,98115,47.6828,-122.267,2450,6045,775000.0,751416.2566666666
4,1.0,2290,6300,1.5,0,4,4,7,2150,140,1921,0,98144,47.5917,-122.29,2390,6300,825000.0,768206.04
4,2.25,3750,5000,2.0,0,0,5,8,2440,1310,1924,0,98115,47.6747,-122.303,2170,4590,1310000.0,950640.0
4,2.0,2360,6000,1.0,0,0,5,7,1260,1100,1939,0,98199,47.6534,-122.41,1720,6000,730000.0,738730.1666666667
2,2.0,1590,9375,1.0,0,0,3,7,910,680,1983,0,98055,47.4585,-122.205,1560,8524,290000.0,266347.98904761905
2,1.0,1020,8100,1.0,0,0,3,6,1020,0,1940,0,98168,47.4971,-122.334,1200,12500,195000.0,207518.23333333337
3,2.25,1470,8682,1.0,0,0,3,7,1160,310,1985,0,98003,47.2729,-122.299,1670,8359,269000.0,187379.0
3,2.0,3000,17800,1.0,0,0,3,8,1500,1500,1962,0,98125,47.7058,-122.315,2400,8300,400000.0,675233.91
3,4.0,3370,8252,2.0,0,0,3,10,3370,0,2014,0,98075,47.5965,-122.013,3710,8252,1065000.0,851525.47
3,2.25,1620,997,2.5,0,0,3,8,1540,80,2010,0,98027,47.54,-122.026,1620,1068,425000.0,445631.9
3,1.75,1650,8400,1.0,0,0,3,8,1470,180,1959,0,98040,47.5766,-122.236,2020,7777,685000.0,701310.15
3,1.75,1400,12155,1.0,0,0,4,7,1400,0,1977,0,98075,47.5926,-122.047,2540,23522,460000.0,469751.47
2,1.0,620,4760,1.0,0,0,3,6,620,0,1941,0,98126,47.5292,-122.376,620,4760,255000.0,251458.75
6,4.0,2280,5275,1.0,0,0,3,7,1270,1010,1998,0,98108,47.5556,-122.294,1760,6642,449500.0,385937.35
4,2.75,1680,9545,1.0,0,0,4,7,1080,600,1979,0,98028,47.739,-122.243,1890,9545,425000.0,394182.2
3,1.75,1220,7250,1.0,0,0,3,7,1220,0,1962,0,98045,47.4887,-121.784,1700,15251,251000.0,297544.53
5,2.5,2803,8550,1.0,0,0,3,8,2803,0,1963,2011,98003,47.3032,-122.306,1810,8550,379000.0,318769.48
3,2.0,2660,4500,1.0,0,0,4,7,1330,1330,1922,0,98199,47.6391,-122.403,1790,5000,605000.0,734198.25
4,1.75,2000,10890,1.0,0,0,4,7,1390,610,1961,0,98003,47.3203,-122.321,1520,9250,335000.0,264978.28
4,2.5,2350,5100,2.0,0,0,3,8,2350,0,2003,0,98038,47.3507,-122.007,2190,5100,399950.0,371534.86
3,2.25,1420,7800,1.0,0,0,4,7,1130,290,1985,0,98042,47.3598,-122.157,1460,7800,270000.0,250082.5
2,1.0,790,6000,1.0,0,0,3,7,790,0,1948,0,98118,47.5543,-122.273,960,6000,325000.0,301256.76
3,1.0,1370,7500,1.0,0,0,3,7,1370,0,1960,0,98014,47.6499,-121.915,1160,7500,307000.0,334449.9966666667
4,1.75,2150,8555,1.0,0,2,4,7,1460,690,1982,0,98106,47.5344,-122.345,1480,7405,560000.0,431540.5
3,1.0,950,8000,1.0,0,0,3,7,950,0,1968,0,98034,47.7193,-122.184,2270,8540,335000.0,329006.4
3,1.5,1660,8797,1.0,0,0,4,7,1660,0,1956,0,98004,47.5892,-122.202,2350,10053,712500.0,760585.52
3,2.25,1960,1585,2.0,0,0,3,7,1750,210,2003,0,98118,47.5414,-122.288,1760,1958,300000.0,321302.5
3,1.0,1300,10139,1.0,0,0,3,7,1300,0,1962,2007,98042,47.3427,-122.087,1260,10139,260000.0,202136.10166666665
3,2.5,1950,5689,2.0,0,0,3,7,1950,0,2009,0,98065,47.5158,-121.873,2190,5653,425000.0,423339.0
3,2.5,1660,1091,3.0,0,1,3,9,1530,130,2015,0,98116,47.5818,-122.402,1510,1352,729500.0,625286.14
5,2.5,2650,54380,2.0,0,0,3,9,2650,0,1984,0,98077,47.7726,-122.081,2560,49044,549950.0,676618.25
3,1.75,1420,6984,1.0,0,0,4,7,980,440,1980,0,98030,47.3748,-122.18,1430,7875,240000.0,237229.8
3,2.5,1510,6095,2.0,0,0,4,7,1510,0,1991,0,98038,47.3498,-122.037,1520,6000,260000.0,274781.8333333334
3,1.75,1710,10950,1.0,0,0,3,7,1060,650,1967,0,98045,47.4678,-121.745,1180,10950,290000.0,312336.275
3,1.0,1280,7198,1.0,0,0,5,6,1280,0,1916,1983,98022,47.2094,-121.996,1260,7198,227000.0,213728.965
3,2.5,2740,83199,2.0,0,4,3,9,2740,0,1973,0,98032,47.3581,-122.266,2500,29269,400000.0,600687.5
3,1.0,940,5904,1.0,0,0,3,6,940,0,1947,0,98103,47.699,-122.35,870,5728,259250.0,347858.32
3,1.0,910,3880,1.0,0,0,3,7,780,130,1942,0,98117,47.6862,-122.392,1220,3880,465000.0,445795.94
3,2.25,1850,7480,2.0,0,0,3,7,1850,0,1978,0,98058,47.452,-122.159,1870,7480,279950.0,337517.95
4,2.25,1780,10260,2.0,0,0,3,8,1780,0,1971,0,98052,47.6647,-122.142,2360,10080,615000.0,553208.8
2,1.0,960,4400,1.0,0,0,4,7,960,0,1951,0,98118,47.5269,-122.264,1520,5000,319000.0,271335.45
2,1.0,880,3000,1.0,0,0,5,7,880,0,1927,0,98103,47.6868,-122.349,1300,3000,405000.0,474867.5
4,2.5,2670,4410,2.0,0,0,3,8,2670,0,1999,0,98075,47.5978,-122.038,2670,4410,668000.0,647047.5
3,2.5,1960,8000,1.0,0,0,4,7,1290,670,1977,0,98034,47.7249,-122.178,1960,8000,402000.0,447795.79
4,2.75,1580,3770,1.0,0,0,3,7,1080,500,2002,0,98019,47.7368,-121.968,1740,3800,315000.0,336829.34
5,3.0,2510,4125,1.5,0,3,5,8,1590,920,1925,0,98144,47.5968,-122.29,2190,5415,881000.0,803459.76
4,2.5,3070,5762,2.0,0,0,3,10,3070,0,2000,0,98075,47.5847,-122.08,3630,6500,725786.0,800461.76
4,2.5,2400,7693,2.0,0,0,3,8,2400,0,2003,0,98059,47.4881,-122.142,2400,8038,450000.0,446404.53
3,1.0,1370,11050,1.0,0,0,3,7,1370,0,1981,0,98045,47.4485,-121.776,1520,10000,280000.0,280829.28
4,4.0,5280,17677,2.0,0,3,3,11,3220,2060,1978,0,98040,47.5323,-122.238,3470,17474,1550000.0,2058860.0
3,1.5,1780,214315,1.0,0,0,3,7,1780,0,1954,0,98077,47.7631,-122.028,2740,133419,643000.0,496481.92
3,2.75,1780,15114,1.0,0,0,3,7,1080,700,1980,0,98003,47.258,-122.305,1792,10155,315000.0,253423.61
3,2.0,1320,6000,1.5,0,0,4,7,1320,0,1920,0,98144,47.5752,-122.304,1620,4000,410000.0,430022.42
6,3.0,2744,9926,2.0,0,0,3,7,2744,0,2006,0,98002,47.2773,-122.216,2470,9926,300000.0,321821.99
3,2.5,2970,9600,2.0,0,0,3,9,2970,0,1994,0,98006,47.5422,-122.132,2970,9707,820000.0,813694.01
2,1.0,1120,7350,1.0,0,0,3,7,1120,0,1942,0,98155,47.7648,-122.31,1320,7545,315000.0,324489.75
3,1.75,1630,7480,1.0,0,0,3,7,1330,300,1979,0,98058,47.4514,-122.159,1940,7480,291600.0,320760.0
4,1.75,2500,20868,1.0,0,2,3,8,1600,900,1956,0,98166,47.431,-122.338,2170,15026,587500.0,523344.5
2,2.5,2680,7625,1.0,0,0,3,9,2680,0,2002,0,98053,47.7094,-122.024,2310,7395,779950.0,805602.88
3,2.5,2920,9096,2.0,0,0,3,9,2920,0,2013,0,98059,47.4855,-122.149,2930,7995,675900.0,522319.46
3,1.75,1220,9732,1.0,0,0,3,7,1220,0,1965,0,98011,47.7736,-122.214,1630,10007,333500.0,331341.51
4,2.5,2580,9450,1.0,0,0,4,8,1660,920,1959,0,98125,47.703,-122.28,2060,9450,650000.0,659206.75
4,3.5,4560,41636,2.0,0,0,3,9,4170,390,1995,0,98006,47.5589,-122.116,2990,11381,1100000.0,1057850.23
2,2.5,1250,1580,2.0,0,0,3,7,1030,220,2005,0,98106,47.5243,-122.36,1250,1361,267100.0,245929.05
2,2.5,1420,2229,2.0,0,0,3,7,1420,0,2004,0,98059,47.4871,-122.165,1500,2230,278000.0,282692.51
4,2.5,2880,213444,1.0,0,0,5,8,2140,740,1984,0,98092,47.2887,-122.109,2810,213444,579950.0,486391.06
3,2.5,1610,1728,3.0,0,0,3,8,1610,0,2000,0,98115,47.6776,-122.318,1540,3090,499000.0,560120.17
3,2.0,1840,4750,1.0,0,0,5,7,1010,830,1951,0,98117,47.6862,-122.395,1760,5510,730001.0,591324.43
3,2.5,2480,9041,2.0,0,0,3,7,2480,0,2004,0,98053,47.6797,-122.035,2480,6500,620000.0,587725.7333333334
5,2.5,3480,74052,1.0,0,0,4,8,1980,1500,1972,0,98027,47.4961,-122.063,2610,65775,780000.0,554516.98
3,2.5,2860,43821,2.0,0,0,4,9,2860,0,1990,0,98092,47.3163,-122.142,2370,65340,378500.0,448315.0
4,2.25,2450,11960,1.0,0,0,3,10,2450,0,1979,0,98074,47.6351,-122.06,2600,11960,712000.0,625933.0
4,3.25,4250,18000,2.0,0,3,5,10,3350,900,1980,0,98040,47.5612,-122.229,3790,14537,2196000.0,1652604.9
4,2.5,2470,5100,2.0,0,0,3,8,2470,0,2005,0,98038,47.3622,-122.041,2240,5123,337000.0,373049.44
3,2.0,1750,9750,1.0,0,0,3,7,1350,400,1961,0,98198,47.398,-122.299,1900,10125,279950.0,254598.97
4,2.25,2430,10050,2.0,0,0,4,8,2430,0,1979,0,98006,47.5563,-122.163,2390,10250,825000.0,712941.85
2,1.0,1470,7137,1.0,0,0,3,7,1020,450,1941,0,98103,47.7008,-122.352,1470,7067,445434.0,440893.0
2,1.0,1050,9000,1.5,0,0,4,7,1050,0,1984,0,98003,47.2887,-122.299,1550,9600,219000.0,206794.02
3,2.0,2168,12616,2.0,0,1,4,7,2168,0,1950,0,98146,47.4933,-122.367,2168,9750,625000.0,511363.64
3,3.25,1510,1245,3.0,0,0,3,7,1510,0,2007,0,98133,47.7293,-122.343,1510,1245,319950.0,326039.07
4,2.75,2620,4743,1.0,0,2,4,8,1310,1310,1949,0,98117,47.6829,-122.4,1900,4764,815000.0,720404.15
4,3.0,3280,4904,2.0,0,0,3,7,3280,0,2005,0,98053,47.6802,-122.033,2600,5004,634800.0,676206.0
3,1.75,1630,1526,3.0,0,0,3,8,1630,0,2014,0,98103,47.6536,-122.354,1570,1274,609000.0,613104.49
3,3.0,1850,5000,1.5,0,0,2,6,1850,0,1900,0,98107,47.6711,-122.386,1360,2500,975000.0,524212.2
2,1.0,1260,5800,1.0,0,0,4,7,1260,0,1939,0,98199,47.6501,-122.409,1830,5800,661000.0,579254.16
4,3.0,3120,157875,2.0,0,0,4,8,3120,0,1977,0,98058,47.444,-122.187,1580,7050,790000.0,540903.0
4,2.75,3630,15405,1.0,0,2,4,8,1850,1780,1968,0,98040,47.566,-122.225,3380,11184,769000.0,1079545.5
2,2.0,1860,10856,1.0,0,0,3,8,1260,600,1952,0,98178,47.4989,-122.265,1250,10008,265000.0,316010.01666666666
3,2.5,1680,8284,2.0,0,0,3,7,1680,0,1989,0,98038,47.3609,-122.048,1550,8284,252000.0,268964.48
4,3.0,2410,8284,1.0,0,0,5,7,1210,1200,1969,0,98034,47.7202,-122.22,2050,7940,475000.0,490803.47
3,2.5,1980,13964,1.0,0,0,5,7,1980,0,1959,0,98040,47.571,-122.227,2040,13964,760000.0,645438.85
1,1.0,660,2600,1.0,0,0,3,6,660,0,1919,0,98144,47.5723,-122.304,1560,5445,250000.0,291348.9
3,3.25,3790,19000,2.0,0,4,3,10,3790,0,1985,0,98177,47.724,-122.373,2740,18628,1600000.0,1143828.45
4,2.5,1700,7280,2.0,0,0,4,7,1700,0,1988,0,98031,47.4045,-122.171,1950,7475,290000.0,287765.8
3,1.75,1240,8659,1.0,0,0,5,7,1240,0,1986,0,98042,47.3663,-122.089,1490,8223,255000.0,240061.39
3,3.5,1790,1288,3.0,0,0,3,8,1390,400,2000,0,98199,47.651,-122.384,1560,1426,450000.0,519524.47
3,3.5,3380,108900,2.0,0,0,3,9,2700,680,1999,0,98058,47.4316,-122.075,2250,130680,554000.0,702076.94
4,2.25,2320,7350,2.0,0,0,3,8,2320,0,1973,0,98058,47.4512,-122.131,2170,7350,345000.0,364719.24
2,1.75,1270,7500,1.0,0,0,4,7,1270,0,1982,0,98074,47.6186,-122.063,1280,7500,365000.0,390565.6
3,1.75,1680,14630,1.5,0,0,3,8,1680,0,1985,0,98027,47.5272,-122.044,1920,14630,425000.0,467580.55
6,2.25,2950,11200,1.0,0,0,4,7,1700,1250,1970,0,98072,47.7476,-122.087,1790,11200,395000.0,498901.5
4,1.0,1300,8400,1.5,0,0,4,7,1300,0,1953,0,98133,47.7612,-122.332,1330,8400,315000.0,346308.9
2,1.5,1180,844,2.0,0,0,3,7,990,190,2005,0,98144,47.5998,-122.3,1170,1400,345000.0,372384.98
4,2.5,2570,4865,2.0,0,0,3,8,2570,0,2005,0,98038,47.3588,-122.038,2570,4933,320000.0,375355.61
2,1.0,780,6685,1.0,0,0,4,5,780,0,1948,0,98002,47.305,-122.215,880,6695,135000.0,158338.035
4,3.5,2730,5607,1.0,0,0,5,9,1660,1070,1948,0,98199,47.6387,-122.396,1720,5400,1030000.0,907081.9016666667
2,2.25,1800,2748,2.0,0,0,4,9,1800,0,1979,0,98008,47.6104,-122.113,1800,2755,472000.0,535229.5
4,2.5,2950,48351,2.0,0,0,3,10,2950,0,1986,0,98075,47.5938,-122.048,2870,34417,835000.0,747756.62
4,2.5,2350,4675,2.0,0,0,3,9,2150,200,1923,0,98112,47.6344,-122.305,2240,3848,880000.0,1073601.5
2,1.0,650,5400,1.0,0,0,3,6,650,0,1950,0,98122,47.6185,-122.295,1310,4906,295000.0,398730.6
3,2.0,1690,9087,1.0,0,0,3,8,1690,0,1997,0,98042,47.3724,-122.108,2090,8100,337000.0,300135.99
3,1.0,1230,9440,1.0,0,0,3,7,1230,0,1978,0,98045,47.4657,-121.747,1230,10296,278000.0,277441.8333333333
5,1.75,2980,53578,1.0,0,0,4,9,2230,750,1976,0,98027,47.4908,-122.059,2860,75546,575000.0,588060.76
3,2.5,3100,100188,1.0,0,0,4,7,1820,1280,1981,0,98038,47.3928,-122.066,2430,104979,540000.0,465364.0
4,2.75,2990,4521,2.0,0,0,3,7,2990,0,2014,0,98028,47.7401,-122.226,2580,7539,564950.0,531426.15
4,1.75,2040,5000,2.0,0,0,4,9,2040,0,1921,0,98102,47.6279,-122.315,3220,5600,1272500.0,1310194.8
3,1.75,1590,11454,1.0,0,0,4,8,1590,0,1979,0,98056,47.5049,-122.186,1970,9960,417000.0,343500.8
2,1.0,1500,6685,1.0,0,0,3,7,1190,310,1926,0,98133,47.7186,-122.354,1420,6561,570000.0,310557.88
4,3.5,2140,2278,3.0,0,0,3,9,2140,0,2005,0,98107,47.6734,-122.38,1540,2285,675000.0,800632.07
2,2.0,1400,1512,2.0,0,0,3,8,940,460,2006,0,98107,47.6719,-122.392,1400,3500,553000.0,496680.6666666666
4,2.0,2100,12620,1.0,0,0,4,7,2100,0,1972,0,98034,47.7239,-122.173,1720,7840,500000.0,444129.35
2,1.0,830,8183,1.0,0,0,5,6,830,0,1950,0,98155,47.7366,-122.302,1180,8184,327500.0,286439.47
4,1.75,1560,7200,1.0,0,0,3,6,860,700,1943,0,98115,47.7001,-122.279,1420,7200,460000.0,449748.7083333334
5,5.0,8000,23985,2.0,0,4,3,12,6720,1280,2009,0,98004,47.6232,-122.22,4600,21750,5350000.0,4232998.0
3,1.0,1150,10132,1.0,0,0,4,7,1150,0,1970,0,98023,47.3172,-122.372,1180,8713,200000.0,198458.01333333337
2,1.0,770,7000,1.0,0,0,3,6,770,0,1921,0,98024,47.5654,-121.89,1100,8777,212000.0,258328.62
3,2.5,2400,6182,2.0,0,0,3,8,2400,0,1998,0,98065,47.5363,-121.87,2420,5829,523000.0,532907.75
4,2.75,2640,6240,2.0,0,0,3,9,2640,0,2001,0,98075,47.5788,-122.059,2640,5898,650000.0,688595.99
2,1.0,800,10625,1.0,0,0,3,6,800,0,1942,0,98168,47.496,-122.317,1130,10625,109500.0,180745.56
3,2.25,1790,231303,1.0,0,0,3,7,1250,540,1980,0,98077,47.7558,-122.027,2090,93654,413100.0,471510.5
4,2.5,2540,32647,2.0,0,0,3,9,2540,0,1996,0,98053,47.6324,-121.988,2740,32647,628990.0,643631.0
7,4.5,4290,37607,1.5,0,0,5,10,4290,0,1982,0,98027,47.4812,-122.033,2810,40510,840000.0,904259.5
3,2.25,3280,79279,1.0,0,0,3,10,3280,0,2001,0,98003,47.3207,-122.293,1860,24008,645000.0,618880.75
3,3.0,2840,206910,2.0,0,0,3,10,2840,0,1999,0,98059,47.469,-122.063,2070,25067,790000.0,703027.4
4,2.5,2010,16020,1.5,0,0,5,8,2010,0,1962,0,98059,47.4821,-122.108,1420,16020,430000.0,423040.09
4,2.25,1960,9021,2.0,0,0,4,8,1960,0,1973,0,98052,47.6349,-122.096,1960,9975,610000.0,527539.6666666667
5,3.75,5020,8694,2.0,0,1,3,12,3970,1050,2007,0,98004,47.6146,-122.213,4190,11275,3650000.0,2420529.0
3,2.25,2100,43560,1.0,0,0,4,8,1330,770,1977,0,98077,47.7511,-122.072,2100,43560,483000.0,480713.3
3,2.25,1640,7730,1.0,0,0,4,7,1220,420,1989,0,98038,47.3576,-122.039,1560,7566,190000.0,277064.0
4,1.75,1820,6930,1.0,0,2,4,7,1320,500,1952,0,98178,47.5053,-122.242,1820,6825,350000.0,341406.7
3,1.75,1440,11787,1.0,0,0,3,8,1440,0,1983,0,98074,47.6276,-122.033,2190,11787,495000.0,430873.93
5,3.25,4140,32700,1.0,0,4,3,10,2190,1950,1973,0,98177,47.7633,-122.369,3220,22077,1400000.0,1281663.2
3,1.75,1240,7200,1.0,0,0,5,7,1240,0,1942,0,98136,47.5142,-122.389,1640,7200,427500.0,370124.6
5,3.5,3400,9804,2.0,0,0,3,9,2550,850,2008,0,98118,47.543,-122.266,2380,7440,970000.0,934093.15
3,3.25,1600,1289,3.0,0,0,3,8,1600,0,1998,0,98117,47.6957,-122.375,1600,1376,392500.0,390410.0
3,1.75,1370,9288,1.0,0,0,4,7,1370,0,1988,0,98059,47.4824,-122.152,1500,9864,301950.0,304342.88
3,2.5,2310,4729,2.0,0,0,3,8,2310,0,2011,0,98028,47.7734,-122.237,2440,4711,494000.0,498906.01
3,1.75,1830,9620,1.0,0,0,4,8,1830,0,1978,0,98023,47.3123,-122.389,1990,8280,400000.0,263302.23
2,1.75,1300,22239,1.0,0,0,4,7,1300,0,1945,1986,98059,47.4801,-122.092,1300,14810,492000.0,288067.5
4,3.25,3030,5164,1.5,0,0,5,9,2700,330,1925,0,98112,47.6394,-122.299,1890,4415,1350000.0,1072002.0
4,2.25,1570,499571,1.0,0,3,4,7,1570,0,1972,0,98022,47.1808,-122.023,1700,181708,350000.0,334369.63
2,1.0,720,5750,1.0,0,0,2,6,720,0,1943,0,98136,47.5535,-122.393,980,6125,310000.0,373828.6
2,2.0,1370,4866,1.0,0,0,3,8,1370,0,2005,0,98053,47.704,-122.012,1365,4784,431500.0,423787.74
3,2.5,1670,5797,2.0,0,0,3,7,1670,0,1988,0,98030,47.3505,-122.179,1670,6183,260000.0,258927.05
2,1.0,962,1992,2.0,0,0,3,7,962,0,2012,0,98115,47.6911,-122.313,1130,1992,390000.0,399801.25
4,2.25,2360,7490,2.0,0,0,3,8,2360,0,1979,0,98033,47.6988,-122.169,2360,7490,577000.0,654551.17
2,1.5,1370,159865,1.0,0,0,3,7,1370,0,1960,0,98072,47.7592,-122.092,1370,16217,385000.0,408125.6
4,1.75,2340,7200,1.0,0,0,3,8,1590,750,1960,0,98146,47.497,-122.369,1970,7800,290000.0,468605.01
4,3.25,4110,15929,2.0,1,4,3,12,2720,1390,2001,0,98115,47.6934,-122.271,2640,15929,2300000.0,2257677.5
4,2.5,2669,5385,2.0,0,0,3,9,2669,0,2014,0,98092,47.3262,-122.165,2669,4645,402395.0,405691.5
3,2.25,3370,23065,1.0,1,4,3,10,1920,1450,1980,0,98028,47.7434,-122.263,3410,19688,1600000.0,1166993.52
4,3.5,2770,24140,2.0,0,0,3,8,2770,0,1967,0,98033,47.6585,-122.186,1720,16011,550000.0,760114.2
3,2.25,1900,7800,1.0,0,0,4,8,1390,510,1977,0,98055,47.4545,-122.208,1730,7800,280000.0,319580.25
3,2.25,1830,7651,2.0,0,0,3,8,1830,0,1986,0,98092,47.2642,-122.219,2160,8442,273000.0,271510.07
6,3.75,4210,6105,2.0,0,0,3,9,3280,930,2008,0,98059,47.5211,-122.157,3820,6368,900000.0,832001.0
3,2.5,2120,6602,2.0,0,0,4,8,2120,0,1989,0,98029,47.5669,-122.012,2330,7795,578550.0,608098.55
2,1.0,960,5096,1.0,0,0,5,7,960,0,1949,0,98126,47.5314,-122.378,1760,4488,379500.0,369551.44
4,1.75,2350,18800,1.0,0,2,3,8,2350,0,1959,0,98005,47.5904,-122.177,3050,14640,620000.0,840771.71
3,2.75,1820,9490,2.0,0,0,3,7,1820,0,1994,0,98011,47.7481,-122.178,1950,8851,488500.0,428026.38
4,3.5,3990,11270,2.0,0,3,3,9,2930,1060,2007,0,98055,47.488,-122.225,1980,11328,609000.0,684391.9
4,3.0,2570,8022,1.0,0,0,4,8,1370,1200,1984,0,98052,47.6956,-122.099,2090,8022,655000.0,596476.5
3,2.0,2800,185130,1.0,0,0,3,8,2320,480,1996,0,98038,47.4133,-122.006,2200,72055,540500.0,504781.06
3,2.75,1810,3292,2.0,0,0,3,8,1810,0,2014,0,98065,47.5164,-121.877,1810,2769,384205.0,402902.18
3,2.25,1570,6810,1.0,0,0,3,8,1180,390,1988,0,98074,47.6176,-122.044,1620,6584,485000.0,490393.5
3,2.5,1608,4818,2.0,0,0,3,8,1608,0,2012,0,98092,47.2583,-122.203,2009,5200,280000.0,276235.1
3,2.25,1400,3825,2.0,0,0,3,7,1400,0,2012,0,98042,47.3596,-122.082,2110,3825,270000.0,260215.49
3,1.0,1010,6000,1.5,0,0,3,7,1010,0,1919,1977,98119,47.6438,-122.357,1960,4000,636100.0,547258.16
2,2.5,1320,1329,2.0,0,0,3,8,1180,140,2007,0,98107,47.6728,-122.374,1490,5000,425000.0,508405.5
3,2.5,3220,54160,2.0,0,2,4,9,2690,530,1981,0,98006,47.5468,-122.109,3460,44374,768000.0,872236.23
3,1.0,1220,8329,1.0,0,0,3,6,1220,0,1946,0,98115,47.6982,-122.298,1490,8322,387500.0,382572.3
5,2.5,2900,8711,1.0,0,0,3,8,1650,1250,1977,0,98011,47.7752,-122.197,2340,8869,413000.0,505261.8
4,3.5,2720,6781,2.0,0,0,3,8,2100,620,1999,0,98055,47.4612,-122.215,2280,5942,365000.0,372661.86
4,2.75,2910,7712,1.0,0,0,3,7,1600,1310,1998,0,98002,47.2842,-122.198,2220,6649,292000.0,321813.64
3,2.5,3180,7904,1.0,0,0,3,8,1810,1370,2006,0,98056,47.489,-122.181,1950,7800,439000.0,447911.39
3,2.5,2300,4307,2.0,0,0,3,8,2300,0,1998,0,98034,47.7326,-122.197,2010,4307,500000.0,513977.06
4,2.5,2820,5056,2.0,0,0,3,9,2820,0,2006,0,98038,47.3591,-122.038,2820,5150,428900.0,399486.25
2,1.0,780,5300,1.0,0,0,3,6,780,0,1941,0,98146,47.513,-122.354,780,5300,130000.0,206602.75
3,1.0,970,7854,1.0,0,0,4,7,970,0,1980,0,98056,47.4899,-122.185,1480,7800,262500.0,243435.0
3,2.25,1740,6650,1.0,0,0,3,7,1240,500,1978,0,98023,47.2979,-122.379,1740,7000,182700.0,215737.25
4,2.25,2810,23400,1.0,0,1,3,7,1710,1100,1958,0,98198,47.395,-122.311,1860,14900,407000.0,377907.49
2,1.0,1010,5408,1.0,0,0,4,6,1010,0,1926,0,98032,47.3759,-122.238,980,7800,225000.0,182515.9166666667
2,1.0,860,8250,1.0,0,0,3,7,860,0,1940,0,98133,47.7132,-122.334,1780,11200,345000.0,340752.45
5,2.5,2420,8560,1.0,0,2,3,7,1620,800,1978,0,98118,47.532,-122.285,2210,7040,352000.0,403186.3733333333
2,1.5,1260,5100,1.0,0,0,3,7,1260,0,1941,0,98115,47.6914,-122.288,1640,5100,455000.0,495652.24
3,1.75,1580,6127,1.5,0,0,5,7,1580,0,1947,0,98125,47.7192,-122.32,1500,6128,402000.0,433173.50000000006
3,2.5,3180,10492,2.0,0,2,3,10,3180,0,1991,0,98052,47.655,-122.124,3000,9812,1000000.0,909119.9133333333
5,3.5,3180,40946,1.0,0,3,3,7,1690,1490,1968,0,98075,47.5833,-122.073,2430,29620,585000.0,818274.24
3,1.75,1800,7210,1.0,0,0,3,7,1370,430,1976,0,98072,47.7346,-122.17,1820,8100,505000.0,401416.23
4,1.5,3120,7680,1.0,0,3,3,8,1660,1460,1956,0,98199,47.646,-122.39,2900,7680,976000.0,1083311.2
4,3.5,2840,40139,1.0,0,4,4,10,2840,0,1986,0,98038,47.401,-122.026,3180,36852,840000.0,692859.81
3,1.0,1350,8700,1.5,0,0,3,6,1350,0,1942,0,98188,47.4497,-122.289,1300,8700,255500.0,178477.47
4,1.75,2620,11041,1.5,0,0,4,9,2620,0,1962,0,98005,47.5975,-122.174,2230,11041,720000.0,899687.45
4,2.75,3260,19542,1.0,0,0,4,10,2170,1090,1968,0,98039,47.6245,-122.236,3480,19863,1880000.0,1448601.2
4,1.0,1390,3708,1.5,0,0,4,7,1390,0,1926,0,98117,47.685,-122.363,1430,3708,610000.0,528680.0
3,2.25,1600,45613,2.0,0,0,4,8,1600,0,1983,0,98072,47.7523,-122.117,2320,43005,502000.0,524657.5
2,1.0,750,2786,1.0,0,0,5,7,750,0,1947,0,98117,47.6892,-122.393,1700,4653,435000.0,382368.68
3,2.0,2560,6800,1.0,0,1,4,8,1380,1180,1952,0,98136,47.5506,-122.395,1780,6800,695000.0,660815.62
3,1.0,1170,11000,1.0,0,0,2,6,1170,0,1980,0,98019,47.7346,-121.983,1590,10894,119500.0,324865.73
3,1.75,1530,10300,1.0,0,0,4,7,1530,0,1978,0,98133,47.7767,-122.356,1940,9883,370000.0,413012.1
2,1.0,1620,5400,1.0,0,0,3,6,920,700,1926,0,98125,47.7069,-122.299,1540,7245,290000.0,423416.825
3,2.25,1480,7200,1.0,0,0,3,7,1190,290,1975,0,98023,47.3037,-122.375,1830,7200,291000.0,232768.5
3,2.5,1680,7385,2.0,0,0,3,8,1680,0,1988,0,98074,47.6194,-122.041,1970,7470,485000.0,514278.66666666674
4,2.5,2710,9248,2.0,0,0,3,7,2710,0,2011,0,98065,47.5164,-121.875,2710,5000,540000.0,518815.71
5,2.5,2093,10350,1.5,0,0,5,7,2093,0,1963,0,98058,47.4495,-122.17,1520,10350,300000.0,316426.8
3,1.0,1010,7690,1.0,0,0,4,6,1010,0,1958,0,98058,47.4501,-122.176,1010,7619,255000.0,186824.0
3,2.5,2550,7709,2.0,0,0,3,9,2550,0,1989,0,98023,47.3081,-122.391,2410,9250,349000.0,347569.0
4,2.5,3700,63991,2.0,0,0,3,10,3700,0,1992,0,98077,47.7319,-122.051,3210,47215,898000.0,867690.0
5,2.5,2980,5377,2.0,0,0,3,9,2980,0,2006,0,98052,47.7074,-122.101,3150,6593,739900.0,769080.81
4,3.5,3990,23544,1.0,0,2,3,10,2300,1690,1999,0,98023,47.3245,-122.38,3410,15932,570000.0,572977.76
3,2.75,3240,7200,1.0,0,2,3,8,1620,1620,1960,0,98118,47.567,-122.273,2700,7200,902000.0,910080.31
4,3.25,4140,46173,2.0,0,0,3,9,4140,0,2007,0,98011,47.7647,-122.213,2060,43103,810000.0,1283484.5
4,1.5,1690,3245,1.5,0,0,3,8,1690,0,1929,0,98126,47.5445,-122.375,1380,1590,440000.0,410558.25
4,1.75,2290,7765,1.0,0,0,3,6,2290,0,1936,1953,98146,47.4997,-122.353,1240,8215,247500.0,364275.24
3,1.75,1910,17003,1.5,0,0,4,8,1910,0,1963,0,98001,47.3095,-122.283,1820,14806,175000.0,285748.0
5,2.75,3260,9253,2.0,0,0,3,8,3260,0,2004,0,98042,47.3674,-122.07,2770,8067,365000.0,385730.08
3,2.0,1390,7120,1.0,0,0,3,7,1390,0,1988,0,98030,47.3786,-122.179,1530,7688,259000.0,248973.75
3,2.0,1320,8568,1.0,0,0,3,7,1320,0,1993,0,98042,47.3904,-122.164,1600,8463,256500.0,250642.16
3,2.0,1780,1750,1.0,0,2,3,8,1400,380,1927,2014,98103,47.6797,-122.357,1780,3750,760000.0,688154.81
3,1.5,1690,161913,1.0,0,0,2,7,1430,260,1952,0,98030,47.356,-122.189,1930,12548,370000.0,338520.38
3,1.5,1260,7964,1.0,0,0,4,7,1260,0,1955,0,98148,47.4307,-122.334,1510,8776,245000.0,256986.27
3,1.75,1440,7198,1.0,0,0,3,7,990,450,1981,0,98055,47.4333,-122.194,1550,7156,274000.0,257232.0
3,2.0,1820,4418,2.0,0,0,4,8,1820,0,1994,0,98033,47.6947,-122.19,1920,13402,661000.0,609670.36
3,1.0,1380,7470,1.0,0,0,5,7,1380,0,1965,0,98133,47.7479,-122.343,1440,7473,335000.0,368014.79
5,2.75,1940,4182,1.0,0,0,3,7,1240,700,2002,0,98056,47.4911,-122.17,1950,4182,345000.0,325919.2
3,1.75,1400,13775,1.0,0,0,3,8,1400,0,1963,0,98028,47.7413,-122.259,2200,10450,450000.0,349085.88
4,1.75,1850,4388,2.0,0,0,5,8,1850,0,1941,0,98117,47.6885,-122.381,1410,4107,763000.0,683653.45
3,2.5,1480,1663,2.0,0,0,3,9,1180,300,2012,0,98126,47.5443,-122.375,1380,1537,341000.0,500790.49
3,3.25,3310,5000,2.0,0,0,3,9,3310,0,2006,0,98029,47.5558,-122.001,2670,4907,770000.0,757581.1666666665
3,2.5,3420,79279,2.0,0,0,3,11,3420,0,1990,0,98052,47.7225,-122.126,4240,40500,1225000.0,936745.76
3,2.5,1580,2765,2.0,0,0,3,8,1580,0,2011,0,98126,47.5444,-122.369,1580,1820,349900.0,372728.0
4,1.0,1430,5909,1.0,0,0,3,6,1070,360,1947,0,98155,47.7623,-122.313,1460,8433,270000.0,307684.48
3,2.0,1410,5760,1.0,0,0,3,7,1410,0,1985,0,98030,47.3702,-122.185,1670,6222,245000.0,236304.76
3,3.5,2880,11340,1.0,0,0,3,8,1690,1190,1980,2013,98074,47.6113,-122.058,2530,11340,1015000.0,649878.58
3,1.0,880,18205,1.0,0,0,4,6,880,0,1945,0,98178,47.5013,-122.244,1110,16115,218000.0,210215.49
3,2.25,1780,191228,2.0,0,2,3,8,1780,0,1988,0,98045,47.4575,-121.748,2440,87120,545000.0,483676.45
4,2.75,3130,21810,2.0,0,0,4,10,3130,0,1993,0,98077,47.7083,-122.073,3330,21810,840000.0,810614.4933333334
4,2.5,2110,3825,2.0,0,0,3,7,2110,0,2012,0,98042,47.3602,-122.082,2110,3825,324500.0,316115.5
3,1.0,1340,7260,1.5,0,0,3,7,1340,0,1953,0,98125,47.7016,-122.295,1830,6822,568000.0,457653.78
4,2.25,2480,6000,2.0,0,2,3,10,2380,100,1929,0,98199,47.6392,-122.406,3030,5600,979700.0,1232487.9
2,1.75,1210,3000,1.0,0,0,5,7,910,300,1906,0,98117,47.6789,-122.365,1260,3000,439950.0,508271.0
3,2.5,2080,2625,2.0,0,0,3,8,2080,0,2006,0,98029,47.5469,-121.997,1760,2772,550000.0,556853.95
3,2.25,1640,8400,1.0,0,0,4,8,1640,0,1962,0,98006,47.5484,-122.172,2110,8400,515000.0,523428.0
3,1.75,2270,13000,1.0,0,0,5,8,2270,0,1968,0,98058,47.4474,-122.144,2440,10000,475000.0,445901.38
3,2.5,1650,1838,2.0,0,0,4,7,1270,380,1991,0,98107,47.6666,-122.367,1550,1558,453000.0,538153.43
4,3.5,3370,435600,2.0,0,3,3,9,3370,0,2005,0,98045,47.4398,-121.738,2790,114868,480000.0,819072.42
4,2.5,2860,14000,2.0,0,0,3,8,2860,0,1995,0,98019,47.7306,-121.973,2650,14564,645000.0,537807.5
4,2.5,2340,6896,2.0,0,0,3,7,2340,0,2001,0,98059,47.4896,-122.14,2950,6775,465950.0,436372.4
4,2.5,2510,12000,1.0,0,0,3,8,1520,990,1977,0,98023,47.3086,-122.384,2210,8320,305000.0,277672.23
3,2.0,2420,8800,1.0,0,0,4,7,1420,1000,1959,0,98188,47.4322,-122.291,1546,8666,298500.0,304178.04
6,3.75,3810,6150,2.0,0,0,4,8,3810,0,1977,0,98103,47.694,-122.34,1830,5125,760000.0,870575.33
4,2.0,1710,7455,1.0,0,0,3,7,1030,680,1975,0,98031,47.3965,-122.173,1710,7350,234000.0,266856.28
4,2.75,3555,6565,2.0,0,0,3,9,3555,0,2014,0,98053,47.6847,-122.017,3625,5637,895990.0,852348.46
2,2.0,1350,3926,1.0,0,0,3,8,1350,0,2007,0,98053,47.7192,-122.024,1440,3926,410000.0,412990.88
3,1.5,1870,7853,1.0,0,0,3,7,1300,570,1962,0,98125,47.7045,-122.281,1870,8300,485000.0,513705.58333333326
3,2.5,1950,4949,2.0,0,0,3,7,1950,0,2009,0,98065,47.5155,-121.87,2200,5740,430000.0,419993.0
3,2.5,1980,7309,2.0,0,0,3,7,1980,0,1993,0,98034,47.7257,-122.172,2060,9681,455000.0,426235.81
3,2.0,1510,3750,1.5,0,0,4,7,1510,0,1928,0,98116,47.5737,-122.383,1500,5000,479200.0,544669.12
4,3.0,2690,28300,1.0,0,0,3,8,2690,0,1954,1999,98166,47.4458,-122.343,2820,27100,675000.0,547920.78
4,2.75,3040,13559,2.0,0,0,3,11,3040,0,2003,0,98059,47.522,-122.149,3830,12202,840000.0,756260.56
4,2.5,2500,5264,2.0,0,0,3,7,2500,0,2003,0,98038,47.3853,-122.028,1960,5250,336500.0,363090.7
4,2.5,2300,22445,2.0,0,0,4,8,2300,0,1992,0,98014,47.6454,-121.902,2640,21886,498000.0,612994.74
3,2.5,2440,4153,2.0,0,0,3,9,2440,0,2003,0,98052,47.665,-122.087,2030,4143,710000.0,709223.38
3,2.75,3010,206910,2.0,0,2,3,10,3010,0,2001,0,98045,47.4881,-121.721,1580,120675,750000.0,711048.0
3,2.0,2030,24829,1.0,0,0,4,7,1220,810,1979,0,98001,47.2718,-122.291,1980,15204,225000.0,310647.22
3,1.5,1460,8710,1.0,0,0,3,7,1460,0,1955,0,98166,47.4561,-122.357,1400,8645,324950.0,301839.0
3,2.5,1690,1479,3.0,0,0,3,8,1420,270,2005,0,98122,47.6022,-122.311,1280,1253,492000.0,493962.75
2,2.5,1470,2034,2.0,0,0,4,8,1470,0,1985,0,98007,47.6213,-122.153,1510,2055,419000.0,458850.09
2,3.0,2020,5000,1.0,0,0,3,8,1350,670,1952,0,98117,47.6758,-122.375,1160,1118,742500.0,622634.37
7,1.0,2350,8636,1.0,0,0,3,7,1550,800,1962,0,98118,47.5432,-122.277,1500,7366,291000.0,419589.81
3,2.5,2120,4500,2.0,0,0,3,7,2120,0,2000,0,98065,47.5322,-121.88,2530,4816,437500.0,468021.5
4,2.5,2790,7938,2.0,0,0,3,9,2790,0,1997,0,98074,47.6223,-122.026,2780,7779,764000.0,698171.5
5,1.5,2040,11772,1.0,0,0,4,7,1030,1010,1963,0,98056,47.5015,-122.166,1560,9435,287000.0,317043.9
3,2.5,1340,8867,2.0,0,0,3,8,1340,0,1984,0,98125,47.724,-122.327,1630,7287,432500.0,370219.0
3,2.5,2960,18600,2.0,0,0,3,8,2960,0,1979,0,98166,47.4358,-122.344,2740,15681,605000.0,533120.67
3,1.75,1560,8078,1.5,1,4,4,6,1560,0,1928,0,98040,47.5779,-122.246,2890,16710,1200000.0,932088.0
4,2.25,3040,5000,2.0,0,3,4,9,2080,960,1926,0,98105,47.6565,-122.278,2870,5000,1735000.0,1254341.3
3,3.5,3760,5634,2.0,1,4,3,11,2830,930,2014,0,98056,47.5285,-122.205,3560,5762,2230000.0,1638194.49
3,3.0,2110,7794,1.0,0,0,3,6,2110,0,1981,0,98198,47.4005,-122.293,1330,10044,243500.0,299230.55333333334
3,1.0,1080,7000,1.0,0,0,4,6,1080,0,1916,0,98133,47.7637,-122.351,1410,7214,350000.0,294181.07
3,1.75,1750,10870,1.0,0,0,5,7,1750,0,1968,0,98056,47.4989,-122.188,1230,10868,380000.0,307570.94
3,2.75,1310,7300,1.0,0,0,3,7,1310,0,1957,0,98008,47.6016,-122.123,1310,7030,405000.0,430862.79
4,2.5,3030,9500,2.0,0,0,3,8,3030,0,1989,0,98001,47.3511,-122.287,2650,9500,367950.0,366834.24
3,1.0,1800,5612,1.0,0,0,4,7,1200,600,1942,0,98126,47.525,-122.378,1450,5250,383000.0,421350.4
2,1.0,600,4000,1.0,0,0,3,5,600,0,1933,0,98146,47.5065,-122.339,1290,6973,156000.0,147920.2
2,1.5,1660,4680,1.0,0,0,5,6,830,830,1908,0,98146,47.5134,-122.388,1930,5400,368000.0,461653.86666666664
3,2.5,3830,48743,2.0,0,0,3,11,3830,0,1991,0,98006,47.5663,-122.125,2950,8299,1150000.0,1015735.9
6,3.75,2770,5000,1.0,0,0,3,8,1870,900,1969,0,98107,47.669,-122.365,1570,2108,890000.0,794841.6428571428
5,1.0,1710,9100,1.5,0,0,4,7,1320,390,1926,0,98126,47.5379,-122.378,1880,9100,560000.0,489775.25
3,2.5,2600,10092,1.0,0,0,3,9,2600,0,1984,0,98074,47.6223,-122.032,2440,9298,625000.0,663194.63
4,2.25,2060,8470,1.0,0,0,3,8,1440,620,1983,0,98006,47.5605,-122.124,2180,8978,655000.0,594623.32
3,1.75,1610,3478,1.5,0,0,4,7,1060,550,1929,0,98117,47.6774,-122.372,1610,3478,540000.0,575899.02
3,1.5,1000,18568,1.0,0,0,3,6,1000,0,1989,0,98001,47.2976,-122.271,1610,17420,196000.0,196612.83
4,2.5,3420,9575,2.0,0,0,3,11,3420,0,1994,0,98027,47.5527,-122.095,3310,8192,965000.0,893058.0
3,1.0,1190,85226,1.5,0,0,5,5,1190,0,1935,0,98070,47.365,-122.462,1360,46960,390000.0,294698.4166666667
3,2.5,1830,2517,2.0,0,0,3,8,1830,0,2005,0,98055,47.4496,-122.189,1610,2762,274000.0,298459.5
3,1.5,1160,10125,1.0,0,0,4,7,1160,0,1959,0,98059,47.4919,-122.151,1440,10018,210000.0,275535.44
4,1.75,2090,7416,1.0,0,0,4,7,1050,1040,1970,0,98031,47.4107,-122.179,1710,7527,289950.0,265504.5
3,2.5,1450,5175,1.0,0,0,3,8,1030,420,1995,0,98133,47.7082,-122.338,1740,9250,465000.0,432757.2333333333
3,1.75,3020,360241,2.0,0,0,3,8,3020,0,1992,0,98092,47.2662,-122.088,1890,209959,617000.0,528087.0
3,1.75,1370,1990,3.0,0,0,3,9,1370,0,2014,0,98102,47.6434,-122.324,1730,1990,720000.0,649853.0
3,1.75,1330,7216,1.0,0,0,3,7,1330,0,1969,0,98034,47.7199,-122.18,1500,8000,381000.0,393134.75
3,1.5,1270,5112,1.0,0,0,3,7,1270,0,1950,0,98115,47.676,-122.288,1580,5080,465000.0,511494.76
4,2.5,2520,2600,2.0,0,0,5,8,1670,850,1925,0,98119,47.6434,-122.358,2290,3600,1125000.0,980928.5
2,1.0,760,5240,1.0,0,0,3,6,760,0,1949,0,98032,47.388,-122.234,980,5080,129000.0,173612.3
4,2.5,3280,209088,2.0,0,0,3,10,3280,0,1994,0,98053,47.6553,-122.023,2460,39498,925000.0,810491.27
3,1.75,1490,3800,1.0,0,0,3,6,700,790,1913,0,98118,47.5554,-122.27,2180,4000,263000.0,500860.4
3,1.75,2600,15064,1.0,0,0,4,8,1700,900,1967,0,98004,47.64,-122.204,2940,14984,860000.0,1030476.88
2,1.5,1190,1265,3.0,0,0,3,7,1190,0,2005,0,98133,47.7274,-122.357,1390,1756,280000.0,316132.1666666667
4,1.75,1680,9966,1.0,0,0,3,7,1100,580,1977,0,98198,47.3923,-122.311,2400,10369,268000.0,274451.33
4,2.5,3160,6961,2.0,0,0,3,8,3160,0,2005,0,98074,47.6125,-122.01,3110,5058,697000.0,680081.66
3,1.75,1820,5555,1.0,0,0,4,7,1030,790,1939,0,98103,47.6867,-122.352,1420,4000,365000.0,606106.61
2,1.75,1330,6000,1.0,0,0,4,7,960,370,1914,1945,98199,47.6539,-122.396,1620,6000,565000.0,534113.42
3,2.5,1990,9995,2.0,0,0,3,7,1990,0,1996,0,98198,47.383,-122.305,1680,7511,330000.0,289902.26666666666
1,2.0,1240,4800,2.0,0,0,3,6,1240,0,1910,0,98055,47.4778,-122.211,1030,4800,290000.0,235308.15
3,1.0,1530,19007,1.0,0,0,4,8,1290,240,1949,0,98166,47.4508,-122.352,2090,20962,439000.0,350285.375
4,1.75,1870,5200,2.0,0,0,4,7,1200,670,1937,0,98115,47.6843,-122.283,1790,5000,594000.0,611063.49
3,1.5,1450,7316,1.0,0,0,3,7,1450,0,1961,0,98133,47.7725,-122.349,1440,7316,430000.0,341862.5
3,1.0,1410,8053,1.0,0,0,4,7,1410,0,1951,0,98177,47.704,-122.367,1170,8042,405000.0,432279.87
3,1.75,1070,8000,1.0,0,0,3,7,1070,0,1977,0,98052,47.6978,-122.13,1200,7990,415000.0,377110.51
4,2.0,2060,6000,1.0,0,1,4,8,1370,690,1954,0,98136,47.5237,-122.383,2060,6600,705000.0,612029.5
3,1.5,1510,8360,1.0,0,0,3,7,1120,390,1960,0,98007,47.6119,-122.133,1700,8360,400000.0,491457.52
3,2.25,1690,14615,2.0,0,0,4,7,1690,0,1979,0,98045,47.4492,-121.78,1390,11360,345000.0,310891.5
4,2.75,2950,5803,2.0,0,0,3,9,2950,0,2007,0,98028,47.7368,-122.231,2940,5803,600000.0,618966.5
4,2.5,3500,9198,2.0,0,0,3,9,3500,0,2004,0,98053,47.6785,-122.025,3990,8598,790000.0,800420.5
4,3.5,4190,15724,2.0,0,2,3,11,4190,0,1994,0,98027,47.5518,-122.096,3300,10113,1160000.0,1171003.76
3,1.75,1560,7500,1.0,0,0,4,8,1560,0,1966,0,98056,47.489,-122.18,1600,7904,306000.0,301908.8566666667
3,1.0,960,9531,1.0,0,0,5,7,960,0,1969,0,98072,47.7619,-122.162,1670,9250,374500.0,332017.53
2,1.0,1460,9207,1.0,0,0,3,7,1210,250,1947,0,98125,47.7195,-122.287,1500,6898,430000.0,412491.25
3,2.0,1730,6784,2.5,0,0,4,7,1730,0,1942,0,98199,47.6462,-122.403,1210,6784,676000.0,640566.52
3,2.25,1350,6775,1.0,0,0,3,7,930,420,1981,0,98032,47.3593,-122.289,1460,7210,245000.0,236151.81
6,2.0,2610,9132,1.0,0,0,4,8,1320,1290,1965,0,98007,47.622,-122.14,2170,8000,605000.0,610093.4
4,1.0,1200,11834,1.0,1,3,3,6,1200,0,1972,0,98070,47.4557,-122.443,1670,47462,340000.0,426924.8
4,2.25,2370,6000,1.0,0,2,3,8,1440,930,1959,0,98177,47.7023,-122.388,3280,8843,899000.0,828740.0
3,2.5,1680,6755,2.0,0,0,3,8,1680,0,1994,0,98092,47.3293,-122.17,1860,7257,225000.0,273621.06
3,1.0,1200,15843,1.0,0,2,3,7,1200,0,1955,0,98045,47.4991,-121.779,1410,15843,299000.0,312466.31
4,3.75,3790,8797,2.0,0,0,3,11,3290,500,2006,0,98039,47.6351,-122.236,2660,12150,1865000.0,1569672.0
4,3.0,2170,8240,1.0,0,0,4,8,1370,800,1968,0,98052,47.6291,-122.093,2020,7944,592500.0,566184.13
3,1.75,1340,2805,1.5,0,0,3,7,1340,0,1919,0,98144,47.5922,-122.297,1650,2805,475000.0,418366.5
2,2.0,1900,7740,1.0,0,0,4,7,1150,750,1923,0,98126,47.5227,-122.372,1140,7740,450000.0,423776.8
5,4.5,4590,14685,2.0,0,0,3,10,4590,0,2009,0,98033,47.664,-122.2,3030,9486,1710000.0,1785363.4
3,2.0,1290,9312,1.0,0,0,3,7,1290,0,1947,0,98168,47.4811,-122.325,1650,7300,215000.0,263365.2833333333
4,1.75,1500,8400,1.0,0,0,3,7,1200,300,1956,0,98188,47.4531,-122.273,1780,9913,289950.0,251143.0
4,2.5,2210,5002,1.0,0,0,3,7,1370,840,1977,0,98199,47.6637,-122.401,1970,4920,733000.0,662522.01
3,1.0,1680,7910,1.0,0,0,3,7,1680,0,1949,0,98146,47.5085,-122.385,1330,7910,599950.0,422181.7
5,3.5,3630,4911,2.0,0,0,3,9,2790,840,2014,0,98034,47.718,-122.156,3600,4992,834950.0,862708.39
3,1.75,1300,62290,1.0,0,0,3,7,1300,0,1983,0,98053,47.6529,-121.979,1850,52272,540000.0,371652.16
3,3.25,1730,1229,2.0,0,2,3,9,1320,410,2008,0,98119,47.6374,-122.369,1710,1686,645000.0,633745.88
4,2.5,2690,5505,2.0,0,0,3,8,2690,0,2004,0,98042,47.3666,-122.119,2690,5505,333000.0,356476.0
3,1.0,1150,18200,1.0,0,0,5,7,1150,0,1959,0,98058,47.4262,-122.187,1714,18200,465000.0,246519.05
3,1.5,2230,6000,1.0,0,1,3,8,1260,970,1968,0,98136,47.5373,-122.395,2120,7200,585000.0,628826.5
4,2.25,2040,12000,1.0,0,0,4,7,1300,740,1963,0,98028,47.7362,-122.241,1930,12000,506000.0,421867.0
3,2.25,2160,6527,2.0,0,0,4,7,1580,580,1987,0,98034,47.7292,-122.212,1950,9675,430000.0,437460.97
3,1.75,1340,7473,1.0,0,0,4,7,1340,0,1973,0,98002,47.3087,-122.206,1510,8240,223000.0,219508.98
3,2.5,1212,1174,3.0,0,0,3,7,1212,0,2004,0,98125,47.7145,-122.311,1256,1226,340000.0,307019.5
3,3.5,4380,6350,2.0,0,0,3,8,2780,1600,1900,1999,98117,47.6981,-122.368,1830,6350,740500.0,846382.21
2,2.75,1370,1140,2.0,0,0,3,8,1080,290,2009,0,98133,47.7052,-122.343,1370,1090,359000.0,358621.5
5,2.75,2910,15118,1.0,0,0,5,9,1780,1130,1972,0,98006,47.5696,-122.183,2880,15253,1168000.0,873175.31
3,1.0,1110,8423,1.0,0,0,3,7,1110,0,1952,0,98166,47.4718,-122.342,1140,9083,249000.0,223720.5
4,1.5,1100,11824,1.0,0,0,4,7,1100,0,1954,0,98006,47.5704,-122.141,1380,11796,320000.0,411594.75
4,1.75,1760,6204,1.0,0,2,4,7,1180,580,1950,0,98178,47.5045,-122.24,1990,6240,343500.0,357310.33
3,1.5,1240,8738,1.0,0,0,3,7,1240,0,1959,0,98005,47.5849,-122.17,1440,9344,475000.0,505886.92
3,3.0,2780,6000,2.0,0,0,3,9,2780,0,2013,0,98065,47.5184,-121.886,2850,6000,625000.0,597084.33
1,1.0,610,6000,1.0,0,0,4,5,610,0,1918,0,98117,47.6911,-122.367,970,5000,314200.0,323504.0
2,1.0,1160,7500,1.5,0,0,4,7,1160,0,1916,0,98014,47.6499,-121.916,1110,7500,312000.0,375739.88
3,2.0,1530,5401,1.0,0,0,4,7,1530,0,1937,0,98115,47.686,-122.304,1640,5467,570000.0,593973.0
3,1.0,890,7200,1.0,0,0,3,7,890,0,1951,0,98125,47.71,-122.286,1630,7455,371000.0,356965.99
5,5.75,9200,35069,2.0,0,0,3,13,6200,3000,2001,0,98039,47.6289,-122.233,3560,24345,5570000.0,5440802.5
3,1.75,2140,13260,1.0,0,0,3,7,1240,900,1948,0,98146,47.5074,-122.353,1640,13260,340000.0,337811.93
2,1.5,1360,1934,2.0,0,0,4,7,1360,0,1978,0,98092,47.2857,-122.189,1360,1898,150000.0,203118.49
3,3.25,1370,915,2.0,0,0,3,8,1100,270,2006,0,98116,47.5639,-122.388,1370,1146,388000.0,390665.0
3,2.5,1640,5707,2.0,0,0,3,7,1640,0,1995,0,98031,47.4016,-122.209,1850,5827,300000.0,275005.5
2,2.25,1540,965,3.0,0,0,3,9,1540,0,2007,0,98122,47.6181,-122.318,1410,964,640000.0,673992.09
4,2.5,3210,18901,2.0,0,0,3,10,3210,0,1993,0,98077,47.709,-122.073,3330,18901,825000.0,839927.26
4,2.5,2007,4968,2.0,0,0,3,9,2007,0,2009,0,98092,47.3301,-122.191,2189,5852,305950.0,355364.15
4,2.0,1960,2166,1.5,0,0,4,7,1260,700,1926,0,98103,47.6545,-122.344,1670,4000,509000.0,625752.64
3,1.75,2080,11866,1.0,0,0,3,8,2080,0,1960,0,98005,47.5872,-122.173,2240,10696,813000.0,642591.0
4,2.5,2420,4500,2.0,0,0,3,7,2420,0,2001,0,98053,47.6874,-122.037,2280,4500,597400.0,578943.5
3,1.75,1970,8540,1.0,0,3,4,8,1130,840,1950,0,98177,47.7213,-122.365,2280,8540,606000.0,600205.75
3,1.75,2300,43560,1.0,0,0,4,7,1350,950,1979,0,98077,47.7716,-122.101,2320,57000,525000.0,519736.5
3,1.75,1310,8065,1.0,0,0,4,6,1310,0,1948,0,98117,47.701,-122.368,1420,8100,435000.0,427730.0
4,2.25,2360,11523,2.0,0,0,4,10,2360,0,1968,0,98040,47.5318,-122.224,2850,11362,957500.0,1034054.8
3,2.25,1650,2958,2.0,0,0,3,7,1650,0,1985,0,98031,47.3916,-122.167,1510,3788,233500.0,235447.92
3,3.5,2300,5611,1.0,0,0,3,8,2300,0,2004,0,98053,47.7122,-122.026,2170,5926,675000.0,712147.5
3,1.5,1220,4080,1.5,0,0,5,7,1220,0,1914,0,98144,47.5746,-122.289,1320,4080,670000.0,460937.5
4,2.5,2580,15031,2.0,0,0,3,9,2580,0,1999,0,98052,47.6895,-122.094,3030,10361,700000.0,740978.71
3,1.0,1220,5038,1.0,0,0,5,6,1220,0,1942,0,98056,47.496,-122.189,1140,5038,250000.0,233212.8333333333
3,3.0,3760,188760,1.0,0,0,4,10,2640,1120,1979,0,98092,47.308,-122.087,2820,50543,555000.0,649475.4666666667
3,2.25,2140,7200,2.0,0,0,4,7,2140,0,1979,0,98031,47.3913,-122.191,1890,7455,280000.0,308352.15
3,2.0,1900,9513,1.0,0,0,3,8,1900,0,1995,0,98023,47.2843,-122.357,1790,8028,315000.0,271237.11
5,3.0,2790,19439,1.0,0,3,5,7,1500,1290,1973,0,98058,47.4088,-122.089,1620,19439,589950.0,470561.0
4,2.5,3050,7238,2.0,0,0,3,8,3050,0,1989,0,98029,47.5772,-122.013,2580,7228,635000.0,655060.5
3,1.75,1880,11249,1.0,0,0,3,7,1330,550,1985,0,98001,47.3295,-122.257,1870,14547,340000.0,274704.96
2,1.75,1850,2530,2.5,0,0,4,7,1850,0,1903,0,98122,47.6106,-122.31,1500,1795,495000.0,552376.5
3,1.75,1320,10454,1.0,0,0,4,7,1320,0,1968,0,98002,47.2844,-122.216,1680,10183,249950.0,224857.5
5,3.5,4220,26784,1.0,0,0,3,10,2110,2110,1958,2006,98004,47.6003,-122.206,3450,33945,1635000.0,1765144.0
3,2.5,3490,28213,1.5,0,2,3,9,2242,1248,2009,0,98070,47.365,-122.456,2120,56628,692000.0,586589.28
4,2.75,1240,3867,1.0,0,0,3,7,800,440,1987,0,98125,47.7157,-122.284,1150,7733,400000.0,382435.5
4,2.75,4010,87555,2.0,0,0,3,10,4010,0,2004,0,98038,47.4299,-121.998,2451,209523,849000.0,864808.5
3,1.75,2280,16671,1.5,0,0,4,6,1760,520,1909,0,98034,47.7096,-122.219,1850,9351,540000.0,518292.85
2,1.0,1120,7560,1.0,0,1,3,6,1120,0,1947,0,98177,47.77,-122.39,1120,7200,380000.0,323716.72
4,3.0,3710,20000,2.0,0,2,5,10,2760,950,1936,0,98105,47.6696,-122.261,3970,20000,2537000.0,1989466.0
3,3.0,1820,4300,1.5,0,0,4,8,1620,200,1914,1983,98107,47.6711,-122.364,1440,4300,775000.0,673332.99
3,2.5,1910,3075,2.0,0,0,3,8,1910,0,2001,0,98029,47.5491,-122.005,1940,3485,595000.0,559410.88
4,2.5,2160,3139,1.0,0,0,3,7,1080,1080,1940,0,98103,47.6662,-122.338,1650,3740,650000.0,674338.18
3,2.5,1790,2700,2.0,0,0,3,8,1790,0,2010,0,98027,47.564,-122.093,1890,3078,509900.0,522844.5
2,1.0,1100,3598,1.0,0,0,4,7,1100,0,1926,0,98144,47.5738,-122.313,1240,3598,403000.0,379403.57
3,2.5,1350,2053,3.0,0,0,3,8,1350,0,2005,0,98117,47.6758,-122.386,1350,4150,477000.0,511848.0
3,2.5,1770,1714,3.0,0,0,3,8,1770,0,2012,0,98103,47.6532,-122.348,1720,3360,671500.0,655775.06
4,3.5,4370,37193,2.0,0,3,3,8,2780,1590,1996,0,98022,47.241,-121.979,2860,39356,473000.0,556767.29
3,2.5,2160,15817,2.0,0,0,3,8,2160,0,1999,0,98031,47.4166,-122.183,1990,15817,354000.0,393282.16
4,2.5,2280,7200,2.0,0,0,3,8,2280,0,1994,0,98030,47.3829,-122.207,2250,7200,322000.0,327643.8
2,2.5,1240,1249,3.0,0,0,3,8,1240,0,2006,0,98107,47.6718,-122.386,1240,2500,459000.0,462910.0
6,2.75,2980,20000,1.0,0,4,3,8,2130,850,1965,0,98177,47.7599,-122.375,2730,20000,1058800.0,731900.27
3,1.75,2170,153767,1.0,0,0,3,7,2170,0,1976,0,98042,47.3694,-122.065,2840,49500,585000.0,415559.5
3,2.5,1260,1211,3.0,0,0,3,8,1260,0,2004,0,98103,47.6969,-122.343,1270,1211,336000.0,346259.0
3,1.0,1530,2370,2.0,0,0,3,8,1530,0,1901,0,98122,47.6108,-122.303,1310,2370,590000.0,598204.99
4,2.25,2590,13894,2.0,0,0,4,9,2590,0,1975,0,98005,47.6351,-122.165,2720,13894,925000.0,812166.07
3,2.0,1300,3000,2.0,0,0,3,7,1300,0,1986,0,98115,47.6728,-122.325,1670,4500,480000.0,532131.0766666667
3,1.75,2400,14012,1.0,0,0,3,9,2400,0,1971,0,98003,47.3371,-122.325,2800,13988,357000.0,462063.45
4,2.5,2190,17600,1.0,0,0,4,7,1110,1080,1966,0,98059,47.4712,-122.112,1820,17600,370000.0,384193.45
3,2.75,2070,54557,2.0,0,0,3,8,2070,0,1996,0,98058,47.4659,-122.116,2190,49658,770000.0,455982.35
3,2.5,1610,6176,2.0,0,0,3,7,1610,0,1994,0,98030,47.3657,-122.173,1680,7414,255000.0,227166.25
4,4.0,3650,18223,2.0,0,3,3,9,3330,320,2013,0,98006,47.5442,-122.116,3220,11022,799900.0,1101101.8
5,2.75,2710,4136,2.0,0,0,3,8,2710,0,2014,0,98059,47.4786,-122.123,2590,4136,515805.0,511479.09
3,1.75,2340,57499,1.0,0,0,3,8,2340,0,1988,0,98053,47.6989,-122.044,3260,137649,600000.0,664129.42
3,1.5,1360,10726,1.0,0,0,4,7,1360,0,1966,0,98059,47.4948,-122.134,1650,10726,370000.0,329553.835
4,2.5,3020,7465,2.0,0,0,3,9,3020,0,2004,0,98075,47.5982,-121.98,3100,5587,750000.0,730221.76
4,2.5,2430,5203,2.0,0,0,3,8,2430,0,2003,0,98155,47.7402,-122.317,2260,7474,510000.0,537463.0
3,2.25,1920,7840,2.0,0,0,4,8,1920,0,1982,0,98032,47.3631,-122.276,2170,7210,299000.0,295181.82
3,2.25,1540,5449,1.0,0,0,2,7,1180,360,1989,0,98023,47.29,-122.358,1460,6740,176000.0,236203.27
2,3.0,2560,982278,1.0,0,0,3,8,2560,0,2004,0,98014,47.6955,-121.861,1620,40946,790000.0,585458.32
3,1.75,1810,34500,1.0,0,0,3,8,1230,580,1980,0,98032,47.3707,-122.275,2090,9735,299500.0,304487.09
3,1.75,1860,7191,1.0,0,0,4,7,1260,600,1975,0,98058,47.4338,-122.168,1850,7490,345000.0,305425.31
1,1.0,810,2451,1.0,0,0,5,7,810,0,1941,0,98126,47.5188,-122.376,980,1198,235000.0,266996.52
2,1.75,1830,7200,1.0,0,2,4,7,1070,760,1949,0,98118,47.5592,-122.273,1570,6000,585000.0,490720.53
3,1.5,1900,9737,1.0,0,0,4,7,1200,700,1968,0,98031,47.4125,-122.207,1670,9737,275000.0,263736.15
3,1.75,1760,4125,1.5,0,3,4,7,1760,0,1927,0,98103,47.6748,-122.352,1760,4000,688500.0,660821.49
4,3.0,2800,6977,2.0,0,0,3,8,2800,0,2003,0,98038,47.3542,-122.014,2800,6600,449950.0,433034.1
4,2.5,2730,4526,2.0,0,0,3,7,2730,0,2009,0,98059,47.491,-122.153,2190,4572,440000.0,433592.46
5,2.75,2910,9480,1.5,0,0,3,8,2910,0,1939,0,98105,47.6552,-122.278,2940,6600,1200000.0,1157995.0
6,2.5,4410,14034,1.0,0,2,4,9,2350,2060,1965,0,98003,47.3376,-122.324,2600,13988,472000.0,540078.0
3,2.0,1310,7000,1.0,0,0,4,7,1310,0,1979,0,98023,47.303,-122.383,1390,7500,196500.0,229020.49
3,2.25,3400,12825,1.0,0,1,3,9,3400,0,1961,0,98118,47.5435,-122.26,2510,11574,951000.0,1254786.68
4,3.5,2990,4200,2.0,0,4,5,9,2000,990,1925,0,98144,47.593,-122.289,2390,4200,1000000.0,1122907.4
3,2.25,1520,7199,2.0,0,0,4,7,1520,0,1992,0,98038,47.3492,-122.034,1410,6751,275250.0,273699.8333333334
4,2.5,1820,3905,2.0,0,0,3,7,1820,0,2001,0,98019,47.7346,-121.985,1820,3863,330000.0,357774.7
4,2.5,2620,9157,2.0,0,0,3,8,2620,0,1996,0,98033,47.6916,-122.203,2240,7405,885000.0,719594.92
3,2.5,2480,5082,2.0,0,0,3,7,2480,0,2004,0,98065,47.5297,-121.846,2480,5874,470000.0,465004.9
4,1.75,1710,7140,1.0,0,0,5,7,1010,700,1968,0,98032,47.3745,-122.275,1770,8960,250000.0,246916.7
4,2.0,2330,7778,1.0,0,0,3,7,1230,1100,1961,0,98125,47.7109,-122.323,1250,8160,500000.0,503593.3333333334
4,3.0,3720,29043,2.0,0,0,3,9,3720,0,1991,0,98033,47.6907,-122.161,1610,23000,857000.0,960079.69
2,1.75,1780,4520,1.0,0,0,5,7,890,890,1925,0,98116,47.5798,-122.404,1560,4520,639950.0,592228.47
2,1.0,1120,4590,1.0,0,0,3,7,1120,0,1924,0,98118,47.5663,-122.285,1120,5100,450000.0,328202.34
3,2.0,1480,3876,1.0,0,0,5,7,860,620,1928,0,98117,47.6808,-122.382,1660,3774,663000.0,575016.01
3,2.5,1670,2589,2.0,0,0,3,8,1670,0,2000,0,98027,47.5314,-122.047,1670,2897,450000.0,446941.68
3,1.75,1880,9360,1.0,0,0,4,7,940,940,1941,0,98125,47.7131,-122.283,1390,7200,445500.0,463464.76
4,2.5,2160,5298,2.5,0,0,4,9,2160,0,1902,0,98122,47.6106,-122.31,1720,2283,842500.0,856748.22
5,3.0,2840,7199,1.0,0,0,3,7,1710,1130,2003,0,98178,47.5065,-122.275,2210,10800,292050.0,370138.37
5,3.25,4410,35192,2.0,0,2,3,12,3880,530,1990,0,98072,47.7522,-122.13,4410,59677,1268890.0,1463102.5
3,2.25,1890,8400,1.0,0,0,3,8,1520,370,1977,0,98034,47.7103,-122.232,1830,7980,425000.0,463928.95
3,1.75,1540,6273,1.0,0,0,4,6,770,770,1951,0,98118,47.5305,-122.277,1140,5512,263500.0,293815.61666666664
3,3.25,2640,4080,2.0,0,0,3,9,1840,800,1912,2000,98105,47.6636,-122.326,1990,4080,930000.0,981471.2
2,1.0,750,7000,1.0,0,0,3,6,750,0,1932,0,98024,47.5655,-121.89,1100,8777,258000.0,259508.62
3,0.75,490,38500,1.5,0,0,4,5,490,0,1959,0,98014,47.7112,-121.315,800,18297,150000.0,180105.5
4,1.5,1960,5000,1.0,0,0,3,7,980,980,1912,0,98106,47.5688,-122.363,1300,5000,412000.0,428322.36
2,1.0,750,6439,1.0,0,0,4,6,750,0,1934,0,98103,47.6995,-122.354,1470,6374,338000.0,370288.02
4,2.5,2810,10613,2.0,0,0,3,9,2810,0,1989,0,98006,47.5424,-122.141,2800,9933,810000.0,803652.37
2,1.0,1110,6411,1.0,0,0,3,6,1110,0,1944,0,98178,47.4962,-122.242,1150,6504,222900.0,235998.25
3,2.0,2320,9420,1.0,0,0,5,7,2320,0,1952,0,98056,47.5133,-122.196,2030,9420,436300.0,370472.04
3,1.0,830,9600,1.0,0,0,3,7,830,0,1959,0,98032,47.3698,-122.297,1240,9198,135000.0,169711.44
3,2.0,1380,4500,1.0,0,0,3,7,1380,0,2008,0,98038,47.3661,-122.021,1620,4000,275000.0,254163.01
3,2.5,3160,24437,1.0,0,3,3,11,2160,1000,1991,0,98006,47.5531,-122.131,3990,11977,1150000.0,1118798.0
3,2.75,2680,20104,1.0,0,0,5,9,1820,860,1964,0,98039,47.6304,-122.234,3060,19837,1320000.0,1163068.25
2,1.0,860,1800,1.0,0,0,3,7,860,0,1909,0,98119,47.6334,-122.371,2160,3120,390000.0,405598.84
4,2.5,2320,4254,2.0,0,0,3,8,2320,0,2004,0,98059,47.48,-122.137,2330,4602,423000.0,428583.64
3,2.0,1310,7349,1.0,0,0,3,7,870,440,1995,0,98030,47.3639,-122.186,1690,6580,241500.0,247125.03
4,2.0,2490,4600,1.5,0,2,3,8,2090,400,1926,0,98105,47.6557,-122.278,2910,5000,950000.0,990950.51
3,1.75,1470,10390,1.0,0,0,3,7,1470,0,1989,0,98031,47.4192,-122.201,1770,7507,262500.0,280154.51
2,2.5,2210,4440,2.0,0,0,4,8,1440,770,1931,0,98112,47.6305,-122.3,1560,4920,820000.0,755422.41
2,1.0,950,4500,1.0,0,2,3,7,850,100,1926,0,98103,47.6562,-122.354,1670,4000,500000.0,575777.5
3,1.0,910,10240,1.0,0,0,4,6,910,0,1969,0,98053,47.6729,-122.064,1140,10720,330000.0,337886.0083333333
3,1.75,1750,7020,2.0,0,0,3,7,1750,0,1934,1978,98010,47.3264,-122.038,1170,9546,510000.0,249183.28
5,4.25,4830,11466,2.0,0,0,3,10,3720,1110,2014,0,98040,47.5774,-122.222,2180,11017,1679000.0,1804322.0
3,1.5,1820,8750,1.0,0,0,4,7,1200,620,1958,0,98198,47.4213,-122.322,1500,8000,276000.0,258698.60666666663
4,2.25,1890,8549,1.0,0,0,3,8,1890,0,1967,0,98008,47.6328,-122.117,1940,7210,525000.0,543426.38
4,3.0,1730,7264,2.0,0,0,3,6,1730,0,1920,0,98168,47.4738,-122.264,1500,12104,265000.0,262873.48
2,1.75,1340,4664,1.0,0,0,3,8,1340,0,2004,0,98053,47.7182,-122.034,1350,4236,415000.0,392819.15
2,1.0,770,4840,1.0,0,0,4,7,770,0,1927,0,98126,47.551,-122.376,930,4840,275000.0,331656.43
5,2.75,1340,11583,1.0,0,0,3,7,1190,150,1962,0,98034,47.709,-122.214,1950,10514,425000.0,418922.88
3,2.25,2010,7447,2.0,0,0,3,8,2010,0,1985,0,98028,47.747,-122.248,2230,7846,500000.0,476889.8
11,3.0,3000,4960,2.0,0,0,3,7,2400,600,1918,1999,98106,47.556,-122.363,1420,4960,520000.0,536356.5
4,1.0,1580,8475,1.5,0,2,4,7,1580,0,1928,0,98178,47.5104,-122.254,1700,5650,406000.0,308989.95
5,1.0,1260,8382,1.5,0,0,3,7,1260,0,1918,0,98146,47.5058,-122.355,910,8382,220000.0,241900.75
3,2.25,1960,7000,1.0,0,0,3,8,1600,360,1980,0,98058,47.4427,-122.126,1980,7140,355000.0,331264.5
3,1.75,1590,7535,1.5,0,0,5,6,1590,0,1909,0,98032,47.3769,-122.234,1110,6000,249000.0,227399.53
4,2.5,3140,22100,1.0,0,0,4,8,1820,1320,1960,0,98023,47.319,-122.362,2700,25500,310000.0,388415.43
1,1.0,710,6060,1.0,0,0,4,6,710,0,1916,0,98118,47.5621,-122.283,1440,4545,257500.0,318171.92
3,2.5,3100,20553,1.0,0,0,3,10,3100,0,1954,0,98177,47.7635,-122.377,3000,22302,930000.0,1151536.2
3,1.75,1890,6557,1.0,0,0,3,8,1890,0,1967,0,98125,47.7032,-122.286,1920,6793,495000.0,552597.75
4,3.25,3200,7081,2.0,0,0,3,9,3200,0,2004,0,98075,47.5886,-121.989,3120,6094,707000.0,746495.6166666667
2,2.0,1660,5200,1.0,0,0,5,7,1120,540,1906,0,98103,47.6871,-122.334,1260,5160,601150.0,606254.42
3,2.0,2270,11989,1.0,0,0,4,9,2270,0,1968,0,98040,47.5434,-122.229,2880,12439,815000.0,979457.2
2,1.0,970,18557,1.0,0,0,3,6,970,0,1939,0,98146,47.5116,-122.37,1150,7200,315000.0,258060.02
4,2.25,2130,11900,2.0,0,0,3,9,2130,0,1976,0,98074,47.6408,-122.058,2590,11900,649990.0,610528.38
3,1.0,1160,8950,1.0,0,0,3,7,1160,0,1968,0,98133,47.7499,-122.338,1210,8193,294950.0,293619.6
3,2.5,1460,3044,2.0,0,0,3,7,1460,0,2000,0,98108,47.544,-122.296,1490,3044,299880.0,299371.39999999997
2,2.25,1910,108900,1.0,0,0,4,7,1010,900,1972,0,98038,47.4206,-122.023,2050,108900,411000.0,432626.7
4,3.75,3830,41263,2.0,0,0,4,11,3830,0,1990,0,98077,47.7237,-122.042,5600,56568,1250000.0,1132951.0
3,2.0,1770,1800,3.0,0,0,3,8,1770,0,1999,0,98122,47.6102,-122.314,1890,3200,690000.0,601888.0
5,2.25,3000,13899,2.0,0,0,4,8,3000,0,1975,0,98052,47.6373,-122.105,2270,10763,600000.0,673629.57
5,2.5,3370,8113,2.0,0,0,3,9,3370,0,2005,0,98004,47.5812,-122.196,2470,8113,1245000.0,1220436.54
3,2.0,1810,17006,2.0,1,4,3,8,1810,0,1913,1987,98166,47.4663,-122.369,2180,24911,649000.0,584459.5
2,1.5,1370,1221,2.0,0,0,3,8,1080,290,2008,0,98122,47.6039,-122.307,1560,2081,446000.0,465282.88
3,1.0,1100,5000,1.0,0,0,3,7,1100,0,1960,0,98118,47.5433,-122.283,1020,5000,249900.0,291231.39
2,1.5,830,1858,2.0,0,0,3,7,830,0,2005,0,98144,47.5828,-122.314,1480,3030,334500.0,324812.78
4,2.25,1620,106722,1.0,0,0,3,8,1200,420,1980,0,98042,47.3394,-122.091,1620,38400,327000.0,317387.03
5,3.25,3090,7069,2.0,0,0,3,9,3090,0,2012,0,98056,47.5114,-122.196,2480,8000,615000.0,602426.2
4,3.75,4160,35000,2.0,0,0,3,11,4160,0,1991,0,98053,47.669,-122.067,5330,36446,1150000.0,1200275.2
3,1.75,1140,9628,1.0,0,0,4,7,1140,0,1969,0,98023,47.2933,-122.372,1510,9633,195000.0,154165.45
5,2.75,2760,7200,1.0,0,0,3,7,1430,1330,1979,0,98072,47.7563,-122.147,2460,8750,480000.0,457222.0
3,1.75,2770,39927,1.0,0,0,4,8,1580,1190,1978,0,98027,47.4669,-122.003,2420,36384,492000.0,501059.18
3,2.0,1720,8145,2.0,0,0,5,7,1720,0,1949,0,98155,47.7393,-122.325,1400,8138,432500.0,388862.5
4,2.0,2340,6000,1.0,0,0,5,8,1270,1070,1953,0,98199,47.6495,-122.401,1600,6000,685000.0,706925.17
3,2.5,2300,9752,2.0,0,2,3,8,2300,0,1968,2003,98075,47.5825,-122.076,2640,10764,765000.0,725942.51
3,1.0,1480,7830,1.0,0,0,3,7,1480,0,1952,0,98133,47.7703,-122.336,1450,7830,310000.0,349390.51
6,2.5,1880,14350,1.0,0,0,5,7,1640,240,1955,0,98133,47.7556,-122.352,1510,9840,520500.0,424593.5
3,1.0,1170,1105,1.0,0,0,3,7,1170,0,1965,0,98126,47.5448,-122.375,1380,1399,370000.0,288497.83666666667
3,2.25,1660,5128,2.0,0,0,3,7,1660,0,2001,0,98019,47.7362,-121.967,1680,4652,300000.0,352942.76
3,2.5,2410,34848,1.5,0,0,3,8,2410,0,1976,0,98006,47.5694,-122.12,2420,16424,500000.0,656788.28
3,1.5,1530,23660,1.0,0,0,3,7,1530,0,1952,0,98155,47.7467,-122.295,1800,11407,450000.0,431532.45
3,1.75,1200,7360,1.0,0,0,4,7,1200,0,1978,0,98052,47.6979,-122.13,1200,7500,385000.0,450454.5
4,2.0,2240,7085,1.5,0,0,3,7,2240,0,1944,1992,98125,47.7309,-122.305,1440,7085,395000.0,405034.7
3,2.25,2070,7995,1.0,0,0,3,7,1350,720,1987,0,98031,47.403,-122.175,1620,6799,329950.0,279604.5
5,3.5,4000,9234,2.0,0,0,3,9,4000,0,2015,0,98024,47.5265,-121.887,3690,6600,802945.0,812795.93
3,1.75,1380,5060,1.0,0,0,3,7,1380,0,1986,0,98133,47.7059,-122.341,1030,5060,375000.0,403940.3
4,2.5,2680,7700,2.0,0,0,4,8,2680,0,1990,0,98031,47.4094,-122.17,2400,7700,363500.0,376007.94
3,1.0,1320,7200,1.0,0,0,4,7,1320,0,1959,0,98056,47.5048,-122.19,1720,7249,300000.0,268720.4666666667
4,2.5,3420,183387,2.0,0,0,3,10,3420,0,2000,0,98053,47.633,-121.972,2260,34613,975000.0,770682.74
3,2.5,2440,7600,1.0,0,0,3,7,1420,1020,1981,0,98052,47.6966,-122.127,2060,7700,500000.0,567912.0
1,1.0,1090,8750,1.0,0,0,4,6,1090,0,1924,0,98118,47.54,-122.269,1830,5000,463500.0,408610.51
1,1.75,1440,4920,1.0,0,0,3,7,720,720,1923,0,98126,47.534,-122.376,1440,4920,390000.0,378110.02
3,2.5,1690,4533,2.0,0,0,3,7,1690,0,2003,0,98038,47.3575,-122.016,1830,5175,314950.0,306186.0
4,2.5,1870,16200,1.0,0,0,5,8,1250,620,1974,0,98033,47.6651,-122.174,2000,11250,664000.0,641311.41
3,1.0,1430,7000,1.0,0,0,3,6,1430,0,1968,0,98023,47.3018,-122.369,1050,7700,213950.0,195492.565
3,1.75,1570,15570,1.0,0,0,3,7,1570,0,1981,0,98023,47.3207,-122.362,2000,28200,209950.0,282901.26
4,2.5,2040,7800,2.0,0,0,3,7,2040,0,2003,0,98168,47.473,-122.293,1860,10954,294000.0,322835.09
5,3.5,3610,52595,2.0,0,0,4,7,3610,0,1989,0,98014,47.6832,-121.907,1620,60112,587000.0,579826.5
4,2.5,2190,9880,1.0,0,0,4,8,1410,780,1979,0,98033,47.6926,-122.186,2190,9198,630000.0,624623.04
3,2.0,2440,23512,1.0,0,0,3,6,1640,800,1933,0,98148,47.4594,-122.326,1630,19613,338000.0,332300.58
3,1.75,1940,7500,1.5,0,0,4,8,1940,0,1918,1985,98022,47.2062,-121.993,1650,7500,295000.0,257164.39
3,1.0,1710,12000,1.0,0,0,4,7,1710,0,1972,0,98001,47.2616,-122.281,1310,9600,255000.0,221240.65
2,1.0,840,3400,1.0,0,2,4,7,840,0,1924,0,98119,47.6403,-122.372,2000,4000,530000.0,442704.42
4,2.25,2320,16800,2.0,0,0,4,9,2320,0,1977,0,98092,47.2959,-122.166,2700,15680,260000.0,427843.95
4,3.5,2770,10505,2.0,0,0,3,8,2770,0,1940,2015,98133,47.7412,-122.355,1760,10505,285000.0,596367.5
2,2.0,1350,4220,1.0,0,0,3,8,1350,0,2004,0,98053,47.718,-122.034,1350,4409,480000.0,411297.15
3,1.0,1020,8625,1.0,0,0,3,7,1020,0,1978,0,98045,47.4465,-121.77,1290,9440,245000.0,272339.98
5,2.25,4200,5800,2.5,0,0,4,9,2910,1290,1906,0,98112,47.6284,-122.312,3060,5800,1335000.0,1925558.4
3,3.5,1740,1975,2.0,0,3,3,8,1310,430,1998,0,98122,47.6085,-122.311,1740,1975,640000.0,565079.06
3,1.0,1010,3060,1.5,0,0,3,6,1010,0,1904,0,98118,47.5657,-122.285,1330,4590,345000.0,314832.39
2,1.0,900,7500,1.0,0,0,4,6,900,0,1961,0,98014,47.6481,-121.916,1190,10000,252500.0,293666.4
4,2.25,3270,6000,2.0,0,0,5,8,2180,1090,1909,0,98122,47.6101,-122.286,2880,6000,1210000.0,1013668.0
3,1.75,1620,10000,1.5,0,0,5,6,1620,0,1918,0,98178,47.5091,-122.262,1880,10000,399000.0,273404.75
4,2.0,2020,7767,1.0,0,0,3,8,2020,0,1995,0,98003,47.3391,-122.309,1940,8239,315000.0,300763.14
4,2.5,2920,6000,2.0,0,4,3,9,2920,0,2004,0,98065,47.5333,-121.859,3100,6001,675000.0,702534.28
0,0.75,384,213444,1.0,0,0,3,4,384,0,2003,0,98070,47.4177,-122.491,1920,224341,265000.0,367926.2916666666
4,2.5,2430,5556,2.0,0,0,4,8,2430,0,2003,0,98042,47.3762,-122.126,2430,5556,381500.0,343927.0
4,3.5,3150,6202,2.0,0,0,3,7,3150,0,2005,0,98042,47.3993,-122.162,2950,5940,330000.0,360720.5
4,1.75,1440,8114,1.0,0,0,4,7,1440,0,1963,0,98155,47.7639,-122.332,1940,7208,323000.0,341823.0
3,1.0,920,4770,1.0,0,0,4,6,920,0,1969,0,98042,47.3654,-122.082,920,4770,215150.0,183832.0
4,1.75,3280,35160,1.0,0,0,3,7,2080,1200,1976,0,98053,47.6728,-122.061,2510,31331,605000.0,595038.0
3,1.75,1390,13200,2.0,0,0,3,7,1390,0,1979,0,98045,47.4429,-121.771,1430,10725,290000.0,302479.48
3,1.75,1630,4000,1.0,0,0,3,7,1100,530,1968,0,98106,47.5351,-122.353,1300,4000,285000.0,340853.4
4,2.0,2510,38141,1.0,0,0,3,9,2510,0,1960,0,98034,47.7219,-122.258,3180,11760,600000.0,960010.28
4,2.5,2360,13500,1.0,0,0,4,8,1780,580,1973,0,98052,47.6315,-122.103,2780,12400,600000.0,707919.13
4,1.5,2190,13660,1.0,0,3,3,8,2190,0,1952,0,98177,47.7658,-122.37,2520,20500,625000.0,643475.26
5,3.5,4140,6770,2.0,0,0,3,9,3030,1110,2004,0,98027,47.5381,-122.069,3960,5431,825000.0,861478.97
3,2.0,1890,1599,2.0,0,0,3,9,1430,460,2012,0,98136,47.5438,-122.385,1780,1562,458500.0,544661.49
3,1.0,1070,4600,1.0,0,0,3,7,950,120,1930,0,98116,47.5627,-122.383,1090,4600,500000.0,425803.5
3,1.75,1550,4054,1.5,0,0,4,7,1550,0,1926,0,98115,47.6743,-122.301,1510,3889,475000.0,573658.5
5,3.25,4475,6642,2.0,0,0,3,9,4475,0,2014,0,98053,47.6849,-122.018,3720,6633,1035480.0,1030230.4
3,2.5,1730,4286,2.0,0,0,3,7,1730,0,1999,0,98148,47.432,-122.329,1780,4343,339950.0,316590.36
5,2.5,3100,10189,2.0,0,0,3,8,3100,0,2002,0,98019,47.738,-121.965,2840,10189,540000.0,534125.5
2,1.0,790,14200,1.0,0,0,3,7,790,0,1951,0,98188,47.459,-122.285,1430,10000,198000.0,165234.4
4,2.5,1960,14242,1.0,0,1,4,8,1290,670,1958,0,98146,47.4947,-122.369,2490,10907,600000.0,541981.16
3,1.75,1350,7200,1.0,0,0,5,7,1350,0,1954,0,98125,47.713,-122.284,1100,7200,450000.0,399036.62
4,2.0,1600,15044,1.0,0,0,3,7,1600,0,1972,0,98034,47.72,-122.216,1660,8102,436000.0,419303.5
3,2.25,1580,16215,1.0,0,0,4,7,1580,0,1978,0,98024,47.5643,-121.897,1450,16215,335000.0,415161.4
4,2.5,2700,5150,2.0,0,0,3,9,2700,0,2007,0,98059,47.5071,-122.148,3160,7620,550000.0,541650.85
6,3.25,3750,14150,2.0,0,2,5,9,2750,1000,1936,1968,98117,47.6999,-122.393,2140,7968,1245000.0,1054407.6
2,2.0,1540,9714,2.0,0,0,3,8,1540,0,2008,0,98177,47.7628,-122.359,1840,8179,529000.0,417685.95
2,1.0,820,6366,1.0,0,0,5,6,820,0,1952,0,98133,47.7512,-122.34,1580,10169,294000.0,277053.15
2,1.0,1150,9186,1.0,0,0,3,7,1150,0,1946,0,98168,47.5081,-122.33,1390,10690,324950.0,247586.44
3,2.75,2740,5735,2.0,0,0,3,9,2740,0,2004,0,98052,47.6862,-122.093,2210,5026,675000.0,759272.12
2,2.25,1610,2040,2.0,0,0,4,7,1610,0,1979,0,98056,47.518,-122.194,1950,2025,215000.0,298161.67
4,2.25,2760,5200,2.0,0,0,3,7,1790,970,1910,2003,98144,47.589,-122.313,1310,2059,600000.0,627592.5
3,1.0,1710,6556,1.5,0,0,4,7,1200,510,1926,0,98133,47.7185,-122.354,1410,6563,440000.0,386612.04
3,1.5,2230,8558,2.0,0,0,3,8,2230,0,1960,0,98040,47.5833,-122.219,2200,8558,685000.0,803999.42
3,1.75,1470,6250,1.0,0,3,4,7,1070,400,1939,0,98155,47.7394,-122.288,2630,7050,432000.0,418342.0
3,1.75,1410,1988,2.0,0,0,3,8,1410,0,2014,0,98106,47.5171,-122.347,1410,1899,274800.0,274614.0
3,1.75,1500,19113,1.0,0,0,3,7,1500,0,1984,0,98014,47.6976,-121.916,1820,18151,418000.0,434328.39
4,2.5,1970,5190,2.0,0,0,3,7,1970,0,2002,0,98059,47.515,-122.164,1840,5564,315000.0,382961.69
4,2.5,3890,34513,2.0,0,0,3,10,3890,0,1996,0,98077,47.7749,-122.048,3600,28435,775000.0,879511.3
3,2.0,1410,6600,1.0,0,0,4,7,1410,0,1990,0,98042,47.3596,-122.089,1750,7150,279900.0,257166.22
2,1.5,980,1296,2.0,0,0,3,7,840,140,2001,0,98133,47.7075,-122.336,1100,1228,260000.0,263431.5
3,1.75,2000,12208,1.0,0,0,3,7,1140,860,1979,0,98032,47.3752,-122.236,1060,8194,237000.0,261675.05666666664
2,1.5,1190,1236,3.0,0,0,3,7,1190,0,2005,0,98133,47.7274,-122.357,1390,1756,277500.0,315762.6666666667
3,2.0,1780,5720,1.0,0,0,5,7,980,800,1925,0,98103,47.6794,-122.351,1620,5050,680000.0,611202.15
3,2.25,1450,1540,2.0,0,0,3,8,1180,270,2005,0,98107,47.6685,-122.365,1450,1540,465000.0,507691.0
3,2.25,1450,19206,2.0,0,0,3,7,1450,0,1989,0,98074,47.62,-122.052,1710,21485,410000.0,442197.33
4,1.75,2120,7420,1.0,0,0,4,7,1060,1060,1956,0,98008,47.6019,-122.13,1540,7420,453000.0,496295.0
3,2.25,1820,9694,1.0,0,0,3,7,1240,580,1977,0,98074,47.6157,-122.05,1820,9694,415000.0,485747.50000000006
4,2.25,1580,7307,1.0,0,0,3,8,1160,420,1973,0,98027,47.569,-122.086,2020,7458,525000.0,519199.0
3,2.25,2950,78843,1.5,0,0,3,9,2950,0,2006,0,98075,47.5917,-122.068,3880,78843,759000.0,856506.92
3,1.5,1620,21929,2.0,0,0,3,7,1620,0,1990,0,98019,47.767,-121.903,1600,21679,387000.0,340764.84
4,2.0,1670,5200,1.0,0,0,4,7,1030,640,1977,0,98042,47.3652,-122.09,1500,5200,229999.0,237498.53
4,2.5,2090,6023,2.0,0,0,3,8,2090,0,1990,0,98029,47.5713,-121.997,2090,6023,545000.0,568617.88
3,2.0,2070,4200,1.5,0,0,4,7,1670,400,1906,0,98103,47.6624,-122.333,1490,4560,662500.0,673036.41
3,2.0,1610,6911,1.0,0,0,3,7,1260,350,1988,0,98034,47.7188,-122.177,1630,6911,435000.0,406725.85
3,2.5,2440,7419,1.0,0,0,3,7,1520,920,1961,0,98103,47.6857,-122.334,2440,4880,925000.0,687417.9
4,3.5,3620,6499,2.5,0,0,3,9,3620,0,2003,2009,98177,47.7326,-122.36,2330,7200,825000.0,723345.45
2,1.75,1250,2890,1.0,0,0,4,7,790,460,1920,0,98103,47.6795,-122.353,1500,3225,450000.0,499589.0
3,2.25,1500,15334,2.0,0,0,4,7,1500,0,1992,0,98042,47.3719,-122.091,1530,8102,240000.0,259604.58
5,1.75,2330,4947,1.0,0,0,4,8,1380,950,1955,0,98136,47.5352,-122.392,2120,5605,572500.0,569710.31
4,1.75,2040,2750,1.5,0,0,4,6,1260,780,1926,0,98105,47.6698,-122.3,1940,3750,534000.0,599984.0
4,3.25,3960,7012,2.0,0,0,3,10,3960,0,2005,0,98075,47.5854,-122.08,3680,8522,860000.0,906321.23
4,2.5,2580,10631,2.0,0,2,4,9,2580,0,1992,0,98033,47.6993,-122.206,4220,10631,865000.0,924174.81
3,2.5,2080,7877,2.0,0,0,3,9,2080,0,1987,0,98058,47.4395,-122.151,2550,7660,400000.0,401115.5
3,2.5,2026,7611,2.0,0,0,3,8,2026,0,2010,0,98042,47.3733,-122.162,2270,7611,358000.0,313452.94
4,2.5,2100,8501,2.0,0,0,5,7,2100,0,1993,0,98022,47.1951,-122.01,2130,8560,344000.0,297320.65
4,1.0,2100,9288,1.0,0,0,4,7,1050,1050,1968,0,98058,47.4558,-122.171,1600,8550,305000.0,302479.45
4,2.5,3520,15420,2.0,0,0,3,10,3520,0,1991,0,98074,47.6375,-122.016,3400,21455,810000.0,833149.99
4,2.5,2440,34290,2.0,0,0,3,9,2440,0,1987,0,98053,47.6685,-122.044,2860,38119,720000.0,668049.26
3,2.5,2370,5353,2.0,0,0,3,8,2370,0,2009,0,98019,47.7333,-121.975,2130,6850,429900.0,465064.0
5,2.5,3470,12003,2.0,0,0,3,8,3470,0,1978,0,98074,47.624,-122.048,2220,12283,599000.0,614260.84
4,2.5,2440,5350,2.0,0,0,3,7,2440,0,2003,0,98059,47.4891,-122.149,2440,5090,435000.0,420396.0
3,1.75,1970,5100,1.0,0,0,3,7,1130,840,1908,1965,98117,47.6831,-122.379,1250,4080,580000.0,540894.8
4,3.25,2510,5311,2.0,0,0,3,9,2510,0,2009,0,98056,47.5028,-122.17,1590,9583,450800.0,479187.9
3,1.0,1580,7424,1.0,0,0,3,7,1010,570,1962,0,98058,47.4607,-122.171,1710,7772,305000.0,251701.3333333333
3,2.5,2330,3610,2.0,0,0,3,8,2330,0,1999,0,98074,47.6022,-122.021,1830,2948,473975.0,583100.0
7,6.75,7480,41664,2.0,0,2,3,11,5080,2400,1953,0,98166,47.4643,-122.368,2810,33190,800000.0,3865794.5
4,2.5,2050,8094,1.0,0,0,3,8,1050,1000,1976,0,98052,47.6614,-122.138,1990,9020,601002.0,522693.4266666667
3,2.5,1760,3097,2.0,0,0,3,8,1760,0,1992,0,98029,47.5764,-121.996,1760,3285,485000.0,477349.6
2,1.0,970,8874,1.0,0,0,3,7,970,0,1968,0,98056,47.4943,-122.178,1340,8175,210000.0,239983.0
3,2.5,1805,3402,2.0,0,0,3,7,1805,0,2009,0,98002,47.3521,-122.212,2095,3402,266000.0,280954.5
2,1.75,1840,14874,1.0,0,2,3,8,1300,540,1952,0,98166,47.4382,-122.348,2920,15084,430000.0,462921.92
6,1.5,2550,33740,1.0,0,0,4,8,1750,800,1958,0,98023,47.3222,-122.362,2010,28200,375900.0,380021.1
3,1.0,910,8000,1.0,0,0,4,6,740,170,1950,0,98177,47.7746,-122.378,2090,9007,299950.0,294954.94
5,1.75,1750,8325,1.0,0,0,5,7,1750,0,1966,0,98031,47.4007,-122.198,1430,8325,269900.0,246084.48
4,1.75,1930,7245,1.0,0,0,4,8,1510,420,1972,0,98008,47.6396,-122.112,1880,7245,588000.0,516502.57
3,2.5,2220,2873,2.0,0,0,3,10,2010,210,2012,0,98027,47.5311,-122.074,2290,3213,654000.0,667123.54
3,1.0,1100,4080,1.0,0,0,4,7,900,200,1929,0,98103,47.6872,-122.351,1170,4080,428750.0,500478.5
4,2.5,2900,18303,2.0,0,0,4,10,2900,0,1994,0,98075,47.5981,-122.03,2900,18303,800000.0,734143.5
4,2.5,2630,8580,1.0,0,0,4,9,1700,930,1977,0,98005,47.5916,-122.166,2430,10240,710000.0,804673.62
2,1.0,880,6345,1.0,0,0,3,7,880,0,1919,0,98106,47.5341,-122.358,1440,6345,312500.0,254052.3333333333
3,2.5,3630,11019,1.0,0,0,4,9,2150,1480,1972,0,98040,47.561,-122.226,3150,13555,1085000.0,1050021.03
4,2.25,3440,14237,2.0,0,0,3,9,3440,0,1982,0,98077,47.7241,-122.065,3250,18365,725000.0,803874.3566666666
3,2.25,1530,1279,2.0,0,0,3,7,1116,414,2007,0,98177,47.7035,-122.357,1320,1427,390500.0,374052.65
3,2.5,2630,10100,1.0,0,0,4,9,1580,1050,1967,0,98006,47.5638,-122.153,2400,9700,852500.0,848451.57
4,2.0,1640,7200,1.0,0,0,5,6,820,820,1944,0,98166,47.4791,-122.347,1640,8200,299999.0,237808.99999999997
2,2.0,2160,35183,1.0,0,0,3,9,2160,0,1985,0,98092,47.312,-122.115,2450,34992,381500.0,438148.0
3,2.5,2060,10839,2.0,0,0,3,8,2060,0,1987,0,98029,47.5675,-122.016,2180,8126,585000.0,579568.3
4,2.5,2090,11645,1.0,0,0,3,7,1200,890,1962,0,98168,47.4759,-122.299,1450,9481,311000.0,286913.29
2,1.75,1250,1208,2.0,0,0,3,7,1040,210,2007,0,98144,47.6004,-122.299,1250,1656,349000.0,400016.5
5,3.25,2500,7620,1.0,0,3,3,7,1250,1250,1962,0,98106,47.5298,-122.344,2020,7620,495000.0,544071.3
4,2.5,2260,9686,1.0,0,0,4,7,1520,740,1965,0,98002,47.286,-122.218,1750,9916,224950.0,272702.9
3,2.5,2820,14250,2.0,0,0,3,11,2820,0,1991,0,98074,47.6396,-122.054,2820,12600,720000.0,747459.58
4,2.5,1910,7683,2.0,0,0,3,8,1910,0,1987,0,98027,47.5644,-122.092,1980,8485,620000.0,564991.39
3,1.75,1480,6360,1.0,0,0,3,7,1480,0,1954,0,98133,47.7311,-122.353,1480,6360,465000.0,374392.0
2,2.0,2360,11340,1.5,0,0,3,9,2360,0,1997,0,98040,47.5835,-122.227,3030,11340,1087500.0,993121.8
3,2.0,1600,7995,1.0,0,0,3,7,1600,0,1950,1984,98118,47.5177,-122.257,2440,6900,332500.0,325737.2
2,2.0,1130,5500,1.0,0,0,4,6,1130,0,1941,0,98030,47.3839,-122.225,1320,6600,250000.0,206831.79666666663
4,2.5,3190,7869,2.0,0,2,3,9,3190,0,2001,0,98065,47.5317,-121.866,2630,6739,725995.0,663150.71
5,4.0,4770,31570,2.0,0,0,3,12,4770,0,1990,0,98006,47.5468,-122.123,4520,32070,1475000.0,1587600.0
3,1.5,1590,8256,1.0,0,1,3,7,1090,500,1969,0,98003,47.3488,-122.304,1950,7840,284850.0,268572.88
4,3.25,3740,11467,2.0,0,0,3,10,3740,0,2014,0,98029,47.581,-122.022,2510,27520,1139990.0,945860.9
2,1.5,1930,3521,2.0,0,0,3,8,1930,0,1989,0,98007,47.6092,-122.146,1840,3576,509000.0,510300.62
3,1.75,1710,5913,1.0,0,0,4,8,1120,590,1941,0,98199,47.6481,-122.406,2920,5922,675000.0,843099.25
4,1.75,1670,13125,1.0,0,0,5,8,1670,0,1973,0,98052,47.6315,-122.101,2360,12500,697000.0,632164.5
2,1.0,710,5120,1.0,0,0,3,6,710,0,1918,0,98106,47.5224,-122.357,1150,1252,216000.0,195117.5
3,1.0,2000,21780,1.0,0,0,3,8,1480,520,1978,0,98074,47.6064,-122.039,2000,45738,500000.0,527760.5466666666
3,1.75,2300,35722,1.0,0,0,3,9,2300,0,1984,0,98072,47.7455,-122.112,2600,34798,520000.0,615548.5
3,3.25,1500,1442,2.0,0,0,3,8,1150,350,2007,0,98106,47.5592,-122.362,1500,1533,346000.0,357034.38
7,4.75,5370,10800,1.5,0,0,3,8,5370,0,1967,0,98040,47.538,-122.223,2310,10910,884900.0,1086350.0
3,1.0,1020,8100,1.0,0,0,3,7,1020,0,1954,0,98198,47.3586,-122.314,1020,8100,229000.0,189811.83333333337
2,1.5,960,1808,2.0,0,0,3,7,960,0,1993,0,98122,47.6183,-122.298,1290,1668,358000.0,394842.06
3,2.25,1420,990,3.0,0,0,3,8,1420,0,2008,0,98103,47.6801,-122.348,1350,1415,467000.0,487310.38
3,2.0,1250,1306,3.0,0,0,3,7,1250,0,2001,0,98107,47.6705,-122.39,1320,1250,418000.0,475785.08
2,1.0,1880,7560,1.0,0,0,3,6,940,940,1919,0,98126,47.5261,-122.374,1280,7560,280000.0,402720.5
3,2.0,1240,12285,1.0,0,0,3,7,620,620,1939,1991,98023,47.3219,-122.341,1560,11564,248500.0,243413.96
3,2.0,1540,10410,1.0,0,0,4,7,1540,0,1967,0,98198,47.3662,-122.315,1590,7725,275000.0,250023.88333333333
3,2.25,1500,7615,1.0,0,0,3,7,1150,350,1984,0,98023,47.3146,-122.351,1540,8649,219950.0,241401.04
4,2.0,2750,7807,1.5,0,0,5,7,2250,500,1916,0,98125,47.7168,-122.287,1510,7807,571000.0,511981.05
2,1.0,910,4662,1.0,0,0,5,6,910,0,1942,0,98106,47.5232,-122.354,890,6050,280000.0,259473.0
4,2.5,1900,15123,2.0,0,0,3,8,1900,0,1995,0,98045,47.5015,-121.772,1900,16477,410000.0,422125.0
3,1.0,1030,4958,1.0,0,0,5,7,1030,0,1952,0,98105,47.6647,-122.277,2230,6987,718000.0,593734.45
3,2.0,1770,6610,1.0,0,0,4,7,960,810,1954,0,98133,47.7703,-122.343,2010,4361,449500.0,381661.7833333334
4,2.5,3270,9650,1.0,0,3,4,9,2320,950,1971,0,98166,47.409,-122.333,2340,17357,700000.0,660420.9
3,2.5,1090,1139,2.0,0,0,3,8,960,130,2009,0,98126,47.5664,-122.369,1400,1348,335000.0,301299.9
3,2.0,720,7598,1.0,0,0,5,6,720,0,1947,0,98106,47.5483,-122.36,1080,7209,300000.0,309334.03
4,1.75,1710,10440,1.0,0,0,4,7,1710,0,1955,0,98006,47.5756,-122.158,1480,10440,525000.0,499832.5
3,2.0,1580,1972,2.5,0,2,3,8,1180,400,2007,0,98116,47.5903,-122.386,1500,1908,540000.0,552450.5
3,2.5,2180,5000,1.0,0,0,4,8,1240,940,1977,0,98116,47.5828,-122.396,2000,5000,625000.0,671080.73
5,2.75,2880,8364,2.0,0,0,3,9,2880,0,2006,0,98059,47.4893,-122.147,3010,8296,525000.0,456296.6
3,1.75,1660,10440,1.0,0,0,3,7,1040,620,1978,0,98045,47.4448,-121.77,1240,10380,288000.0,280872.1666666666
3,1.75,2920,21375,1.0,0,0,3,8,1850,1070,1961,0,98028,47.7666,-122.265,1540,8482,480000.0,477818.0
4,2.75,3220,16145,2.0,0,0,3,10,3220,0,1993,0,98075,47.5786,-121.995,3200,12921,689000.0,782458.48
3,2.5,1450,11480,2.0,0,0,3,7,1450,0,1990,0,98014,47.672,-121.864,2080,87991,309000.0,388045.45
3,2.0,1170,7258,1.0,0,0,3,7,1170,0,1984,0,98001,47.3333,-122.266,1410,7750,250000.0,213930.0833333333
4,2.5,1770,9239,2.0,0,0,3,7,1770,0,2004,0,98038,47.3512,-122.006,2150,5450,353500.0,320443.95666666667
2,1.0,760,4746,1.0,0,0,3,5,760,0,1930,0,98055,47.4836,-122.214,1360,7810,110000.0,175701.15
6,2.25,3140,10250,1.0,0,0,4,8,1570,1570,1959,0,98005,47.6116,-122.169,2320,10250,740000.0,759987.8
3,1.0,1480,32700,1.0,0,0,4,6,1380,100,1942,0,98168,47.4949,-122.327,1500,22600,290000.0,272371.5
3,2.5,1502,1400,3.0,0,0,3,7,1502,0,2005,0,98115,47.6951,-122.305,1377,1466,403000.0,419514.68
4,2.25,2190,9113,2.0,0,0,3,7,2190,0,1986,0,98001,47.3241,-122.275,1570,8306,245000.0,282499.13
2,1.0,900,5512,1.0,0,0,3,7,900,0,1947,0,98115,47.6877,-122.289,1270,5512,470000.0,473100.5
4,3.5,3040,4006,2.0,0,0,3,8,2350,690,2013,0,98029,47.5439,-122.011,2050,4000,815000.0,761894.75
3,1.0,1390,9112,1.0,0,0,4,7,1390,0,1951,0,98004,47.6071,-122.197,2290,9112,745000.0,786767.3333333333
3,1.75,1510,8301,1.0,0,0,3,7,1510,0,1967,0,98034,47.7243,-122.222,1460,7910,366000.0,421420.0
4,2.5,2800,4687,2.0,0,0,3,9,2800,0,2005,0,98038,47.3594,-122.04,2750,4750,399000.0,416236.35
4,2.5,2780,4200,2.0,0,0,3,8,2780,0,2001,0,98075,47.5989,-122.039,2510,4200,645000.0,658405.68
3,1.5,1870,15685,1.0,0,0,3,7,1470,400,1936,0,98133,47.723,-122.353,1340,7620,460000.0,428197.36
5,2.0,2040,6180,2.0,0,0,4,7,2040,0,1908,0,98118,47.5503,-122.28,1870,4365,475000.0,486530.8
4,2.25,2590,36256,2.0,0,0,3,8,2590,0,1978,0,98077,47.769,-122.094,2670,35657,550000.0,600196.55
3,1.0,1180,9000,1.0,0,0,4,7,1180,0,1970,0,98031,47.39,-122.166,1290,8316,215000.0,203564.2
3,2.5,2160,59241,1.0,0,0,3,7,2160,0,2007,0,98042,47.3304,-122.13,2290,125017,389900.0,428073.56
3,2.5,2310,7485,2.0,0,0,3,8,2310,0,1986,0,98058,47.439,-122.135,2310,8142,362000.0,385925.5
3,1.75,1940,9000,1.0,0,0,3,7,1290,650,1965,0,98055,47.4361,-122.189,1900,9120,287000.0,289556.1
4,2.5,2500,4000,2.0,0,0,3,8,2500,0,2014,0,98144,47.5902,-122.311,1480,4300,635000.0,710065.98
2,2.0,1880,5400,1.5,0,0,3,8,1880,0,1902,0,98112,47.6238,-122.311,1590,5400,751750.0,709909.01
3,2.25,1490,974,2.0,0,0,3,7,1220,270,2009,0,98106,47.5567,-122.363,1490,1283,312000.0,322507.5
3,2.25,1860,15559,2.0,0,0,4,7,1860,0,1963,0,98022,47.1559,-121.646,1110,11586,380000.0,247111.03
3,1.0,1410,7200,2.0,0,0,4,6,1410,0,1901,0,98144,47.5924,-122.302,1640,7200,700000.0,448277.95
4,2.75,3370,6675,1.0,0,3,4,8,1920,1450,1948,0,98144,47.5887,-122.291,2250,5550,813000.0,872358.5
4,2.5,1890,6962,2.0,0,0,3,8,1890,0,1997,0,98092,47.3328,-122.187,2170,6803,280500.0,293233.55
3,2.25,2180,11100,1.0,0,0,5,8,1700,480,1979,0,98056,47.5162,-122.176,2350,11397,415000.0,484872.37
3,2.5,2800,10603,2.0,0,0,3,9,2800,0,2001,0,98011,47.7528,-122.195,2580,10603,550000.0,614392.5
4,2.5,2420,11481,1.0,0,0,3,8,1370,1050,1985,0,98003,47.341,-122.318,2290,8985,345000.0,310272.38
3,1.0,840,8470,1.0,0,0,4,6,840,0,1961,0,98023,47.3275,-122.338,840,8450,169950.0,171084.44083333333
3,2.25,1720,5234,2.0,0,0,3,9,1240,480,2011,0,98118,47.5547,-122.278,1720,5825,608000.0,575725.59
5,3.0,3910,16200,1.0,0,0,4,9,2890,1020,1960,0,98004,47.6326,-122.217,3620,16200,1562000.0,1723418.5
4,2.0,2190,3622,1.5,0,0,5,8,1990,200,1925,0,98115,47.6887,-122.312,1450,3082,625000.0,699432.01
3,1.5,1240,9500,1.0,0,0,4,7,1240,0,1955,0,98166,47.4756,-122.35,1845,10125,259950.0,268696.56666666665
2,1.75,1080,7242,2.0,0,0,4,7,1080,0,1984,0,98034,47.7065,-122.235,1800,7321,350000.0,369751.42
3,3.5,1650,1577,2.0,0,0,3,7,1100,550,2012,0,98109,47.6302,-122.344,1580,1280,495000.0,617200.65
5,2.25,4320,7620,2.0,0,0,3,7,2880,1440,1973,2014,98115,47.6824,-122.287,1880,7620,1100000.0,923937.8133333332
3,2.5,2010,3200,2.0,0,0,3,9,2010,0,2009,0,98027,47.5463,-122.015,2250,3200,625000.0,609151.38
3,1.75,1260,6908,1.0,0,0,3,7,1260,0,1994,0,98038,47.385,-122.031,1810,7159,245000.0,262857.02
1,1.0,620,2380,1.0,0,0,3,6,620,0,1900,0,98115,47.6746,-122.326,980,3570,382888.0,368279.0
3,1.0,1080,8214,1.0,0,0,3,7,1080,0,1944,0,98133,47.7401,-122.348,1850,13560,284000.0,316670.21
4,2.5,2420,18480,1.0,0,0,4,9,2420,0,1967,0,98004,47.6214,-122.227,3330,19910,1490000.0,1413656.5
4,2.25,1900,7200,1.0,0,0,3,8,1370,530,1977,0,98146,47.5033,-122.372,2030,8008,485000.0,406988.49
3,2.25,1530,1245,2.0,0,0,3,9,1050,480,2014,0,98122,47.6018,-122.297,1530,2307,465000.0,571412.97
3,2.75,1830,208216,2.0,0,0,3,8,1830,0,1997,0,98070,47.4377,-122.464,1530,16988,495000.0,429265.05
3,3.5,3110,14872,1.0,0,0,3,10,3110,0,2003,0,98004,47.6178,-122.209,3110,12433,2260000.0,1497180.5
3,1.75,2090,6258,1.0,0,0,3,7,1390,700,1956,0,98108,47.5503,-122.301,1790,5793,350000.0,399169.69
4,2.5,2130,35752,1.0,0,0,3,8,1490,640,1980,0,98075,47.5748,-122.031,3030,34000,580000.0,602212.08
3,2.25,2240,8800,1.0,0,0,5,8,2240,0,1957,0,98005,47.5937,-122.172,2240,8800,831000.0,714473.5
3,2.5,2070,4463,1.5,0,0,5,8,1780,290,1931,0,98115,47.6853,-122.305,2070,5000,781000.0,766377.9
3,2.5,1830,13042,2.0,0,0,3,8,1830,0,1990,0,98038,47.3738,-122.042,1940,6996,375000.0,342992.55
4,2.5,3160,8281,2.0,0,0,4,9,3160,0,1995,0,98033,47.6699,-122.195,3000,8281,1127000.0,1194079.0
4,2.5,2230,5000,2.0,0,0,3,8,2230,0,2003,0,98031,47.3919,-122.184,2230,6137,305000.0,322844.85
3,1.0,1200,6825,1.0,0,0,3,7,1200,0,1954,2013,98133,47.7491,-122.353,1470,8100,402000.0,332317.62
3,1.5,1730,40250,2.0,0,0,4,8,1730,0,1983,0,98072,47.7499,-122.111,1730,36250,535500.0,481115.0
3,2.0,1410,10078,1.0,0,0,4,6,1410,0,1983,0,98072,47.7587,-122.144,2090,9202,375000.0,352424.39
4,2.5,2310,14023,2.0,0,0,3,9,2310,0,1991,0,98019,47.7351,-121.964,2410,14007,470000.0,514713.0
4,2.5,2900,6918,2.0,0,0,3,8,2900,0,2001,0,98001,47.3504,-122.284,2720,10376,339000.0,362530.75
3,1.0,1350,14212,1.0,0,0,4,6,1350,0,1981,0,98053,47.6606,-122.06,1520,14404,335000.0,388520.155
3,2.0,2610,6000,1.0,0,0,5,7,1310,1300,1941,0,98115,47.675,-122.289,2330,4800,780000.0,774413.4
3,1.75,1580,9187,1.0,0,0,3,8,1180,400,1993,0,98038,47.3538,-122.047,1620,6397,263000.0,268292.48
3,1.0,1180,8474,1.5,0,0,3,7,1180,0,1956,0,98155,47.7416,-122.327,1180,7200,310000.0,315122.79
4,2.25,2260,7200,2.0,0,0,4,7,2260,0,1984,0,98031,47.4121,-122.183,1720,7200,289659.0,312958.66
2,1.5,1220,1036,3.0,0,0,3,7,1220,0,2006,0,98133,47.7348,-122.347,1210,659,286308.0,288370.5
5,2.25,2630,8625,2.0,0,0,3,8,2630,0,1966,0,98032,47.3619,-122.287,1880,8670,320000.0,323326.59
4,2.5,1940,4517,1.0,0,0,3,8,1190,750,2010,0,98028,47.776,-122.26,1910,10410,425000.0,436170.1
5,3.5,4010,8510,2.0,0,1,5,9,2850,1160,1971,0,98105,47.6578,-122.286,2610,6128,1395000.0,1434824.9
3,2.25,1630,1598,3.0,0,0,3,8,1630,0,2008,0,98103,47.6904,-122.347,1320,1605,385000.0,477264.95
3,1.75,1330,16000,1.0,0,0,3,7,1330,0,1978,0,98001,47.28,-122.257,1330,14374,180000.0,216907.7
3,2.5,2380,6832,2.0,0,0,3,8,2380,0,2002,0,98065,47.5372,-121.876,2580,6832,574000.0,549587.5
3,1.75,1600,19200,1.0,0,0,4,7,1600,0,1967,0,98034,47.7202,-122.249,2010,14850,510000.0,460934.63
4,2.0,1520,6174,1.5,0,0,5,6,1520,0,1920,0,98022,47.2105,-121.989,1390,5407,210000.0,215150.51
4,2.5,2120,15000,2.0,0,0,4,8,2120,0,1983,0,98052,47.7159,-122.1,2170,15000,637000.0,570208.0
4,3.5,3460,7702,2.0,0,0,3,10,3460,0,2010,0,98075,47.5942,-121.977,3380,7464,855000.0,815196.59
5,1.75,2230,7560,1.0,0,0,3,7,1230,1000,1959,0,98178,47.5055,-122.26,1380,6570,375000.0,298984.83
3,2.0,1080,5077,1.0,0,0,3,7,1080,0,1985,0,98052,47.6836,-122.095,1070,3471,379950.0,376138.01
4,2.75,2300,12633,2.0,0,0,3,9,2300,0,1984,0,98074,47.6218,-122.032,2240,9246,623000.0,592572.0
4,1.5,1970,14490,1.5,0,0,4,7,1970,0,1963,0,98059,47.4612,-122.069,1880,14880,374950.0,351841.63
3,2.0,1820,6324,1.0,0,0,5,7,910,910,1945,0,98115,47.6823,-122.27,1850,6440,725000.0,599560.46
2,1.5,1400,9031,1.0,0,0,3,7,960,440,1982,0,98023,47.2915,-122.368,1450,7658,190000.0,218656.97
3,3.75,6030,39317,2.0,0,0,3,11,4440,1590,1991,0,98004,47.6055,-122.21,4040,12333,1825000.0,2471040.0
3,1.75,1400,6000,1.0,0,0,4,7,700,700,1919,0,98108,47.5283,-122.321,1030,6000,337000.0,275576.8333333333
3,2.5,2650,2387,2.0,0,0,3,8,1830,820,1920,0,98119,47.6315,-122.362,1870,2216,850000.0,949383.4
3,2.75,1580,4007,2.0,0,0,3,7,1580,0,2001,0,98019,47.7367,-121.969,1770,3799,325000.0,330120.92
3,1.5,1640,2720,1.5,0,0,3,8,1640,0,1929,0,98115,47.6869,-122.317,1490,4375,475000.0,588612.0
5,2.25,2340,7494,1.0,0,0,3,7,1170,1170,1951,0,98188,47.448,-122.28,1650,10125,242000.0,320624.87
4,1.75,2000,5100,1.0,0,0,4,7,1130,870,1949,0,98117,47.6798,-122.391,1540,5100,595000.0,599117.6233333334
2,2.25,1040,1377,2.0,0,0,3,8,1040,0,2003,0,98105,47.6692,-122.279,1264,1892,450000.0,464032.83
3,1.0,1180,8775,1.0,0,0,3,7,1180,0,1966,0,98002,47.2848,-122.223,1300,8100,190000.0,205969.3
4,2.0,1930,5398,1.0,0,0,3,7,1430,500,1953,0,98119,47.646,-122.363,1910,4902,700000.0,657804.105
2,1.75,1390,5025,1.5,0,0,4,8,1390,0,1928,0,98105,47.6701,-122.288,2160,5000,686500.0,607938.21
2,1.75,1360,10000,1.0,0,0,3,6,1360,0,1957,1989,98019,47.7421,-121.982,1430,10000,279900.0,325267.07
3,2.5,1480,1531,3.0,0,0,3,8,1480,0,2014,0,98107,47.669,-122.402,1530,1321,598950.0,591640.04
5,2.0,2050,10200,1.0,0,0,3,6,1430,620,1956,0,98198,47.4136,-122.333,1940,8625,210000.0,415014.1
3,2.75,2290,5002,2.0,0,0,4,9,1950,340,1995,0,98033,47.6811,-122.207,2290,5100,1065000.0,799150.13
4,2.5,3510,13100,2.0,0,0,4,10,3510,0,1966,0,98040,47.5306,-122.227,3230,12745,1255000.0,1265442.56
4,3.25,3060,3898,2.0,0,0,3,10,2300,760,2014,0,98027,47.5311,-122.073,2920,3448,782900.0,815292.01
3,1.5,1140,8340,1.0,0,0,3,7,1140,0,1960,0,98168,47.4773,-122.28,1140,8340,200000.0,233075.66714285716
2,2.25,1100,1114,2.0,0,0,3,8,900,200,2009,0,98122,47.6199,-122.304,1230,1800,574000.0,442790.3
3,1.0,1330,15678,1.0,0,0,3,7,900,430,1984,0,98074,47.6355,-122.037,1330,12696,405000.0,418907.45
3,1.75,1420,8250,1.0,0,0,4,7,1420,0,1960,0,98007,47.6112,-122.133,2020,8250,460000.0,460596.4
6,3.5,4430,11453,2.0,0,0,3,9,3000,1430,2001,0,98056,47.5156,-122.204,2730,5661,875000.0,895560.68
3,2.5,2100,7587,2.0,0,0,3,9,2100,0,1990,0,98023,47.3072,-122.391,2330,8119,317000.0,331601.5
5,2.25,2120,4000,1.5,0,0,4,7,1720,400,1910,0,98109,47.644,-122.353,1960,4000,682000.0,710241.58
4,2.0,1920,7803,1.0,0,0,3,7,1080,840,1962,0,98155,47.758,-122.325,1940,8147,360000.0,379411.35333333333
3,1.75,2050,11041,1.5,0,0,5,9,2050,0,1959,0,98005,47.5968,-122.174,2530,11041,745000.0,900220.56
5,2.5,3370,4850,2.0,0,0,3,9,3370,0,2007,0,98056,47.5078,-122.169,2900,5570,540000.0,668682.13
3,1.5,1270,20700,1.0,0,0,2,7,1150,120,1948,0,98155,47.7576,-122.296,1990,15000,260000.0,331125.73
2,2.0,1070,635,2.0,0,0,3,9,720,350,2008,0,98106,47.5212,-122.357,1070,928,256950.0,272309.0
3,1.0,1300,5898,1.0,0,0,3,7,1300,0,1961,0,98178,47.5053,-122.255,1320,7619,236000.0,230005.02
3,1.0,1520,8320,1.0,0,0,3,6,1520,0,1953,0,98133,47.7699,-122.335,1500,8320,299000.0,359199.0
4,1.5,1800,6750,1.5,0,0,4,7,1800,0,1950,0,98115,47.6868,-122.285,1420,5900,508500.0,651075.6666666666
2,1.0,1040,5120,1.0,0,0,3,7,1040,0,1901,0,98122,47.6048,-122.312,1250,4000,412000.0,471852.88
5,2.25,3740,14913,1.5,0,0,4,9,3740,0,1979,0,98074,47.6234,-122.059,2180,7600,660000.0,873517.73
4,2.5,3370,9629,2.0,0,0,3,10,3370,0,1999,0,98075,47.5896,-121.978,3360,10335,806000.0,765858.29
5,3.5,4050,13495,1.0,0,2,4,9,2230,1820,1988,0,98166,47.4384,-122.352,3210,13495,925000.0,693838.08
2,2.5,1880,40575,1.0,0,0,3,9,1880,0,1987,0,98024,47.5614,-121.899,1930,32935,460000.0,527127.17
3,1.0,1040,4240,1.0,0,0,4,7,860,180,1924,0,98117,47.6768,-122.367,1170,4240,626000.0,504235.75
4,0.75,1440,13300,1.0,0,0,3,6,1440,0,1948,0,98166,47.4761,-122.337,1460,11100,142500.0,259165.8333333333
4,2.0,1810,42981,1.0,0,0,4,7,1810,0,1973,0,98024,47.5597,-121.85,1980,113691,295000.0,432475.0
4,2.5,2210,4861,2.0,0,0,3,9,2210,0,2013,0,98117,47.6959,-122.364,1590,5080,650000.0,727818.5
3,2.5,1740,2350,2.0,0,0,3,8,1130,610,1995,0,98112,47.6207,-122.297,1740,3201,585000.0,572503.4
3,2.5,2690,4047,3.0,0,0,3,10,2690,0,2014,0,98117,47.6797,-122.385,2040,5000,979000.0,955052.9
5,4.25,3530,7924,2.0,0,0,3,10,3530,0,2001,0,98040,47.5894,-122.243,1750,9226,1400000.0,1416408.04
3,1.75,1360,4998,1.0,0,0,3,8,1360,0,1968,2014,98108,47.547,-122.302,1350,4998,445000.0,337051.77333333326
4,3.0,3220,8936,2.0,0,0,3,9,2450,770,1990,0,98031,47.4208,-122.213,2810,10500,430000.0,495818.83
4,2.5,2120,3220,2.0,0,0,3,9,2120,0,2005,0,98052,47.6662,-122.083,2120,3547,637250.0,641773.48
4,2.0,1310,8454,1.0,0,0,4,7,1310,0,1953,0,98155,47.7572,-122.318,1320,8274,304000.0,345814.2
3,2.5,2750,35440,2.0,0,0,3,9,2750,0,1994,0,98045,47.4745,-121.723,2710,35440,556000.0,558446.38
2,1.0,840,892,2.0,0,0,3,7,840,0,2006,0,98136,47.5396,-122.387,1030,1007,306500.0,355650.55
4,3.5,4083,68377,2.0,0,0,3,10,4083,0,2005,0,98001,47.3114,-122.262,2430,41382,637000.0,793301.0
3,2.0,3650,843309,2.0,0,0,4,7,3650,0,1991,0,98070,47.3627,-122.496,1870,273992,550000.0,599469.0
3,2.0,2110,5800,1.5,0,0,4,7,1990,120,1927,0,98103,47.6645,-122.342,1620,4300,725000.0,710422.0
3,3.25,2780,4002,2.0,0,0,3,8,2780,0,2009,0,98019,47.7348,-121.966,1890,4090,402500.0,497841.35
4,1.0,1690,3417,1.5,0,0,3,7,1690,0,1907,0,98199,47.663,-122.402,1970,4800,540000.0,628726.87
4,1.75,1700,6000,1.0,0,0,3,7,1700,0,1967,0,98002,47.3252,-122.208,1280,6000,148900.0,213627.075
2,1.5,870,4800,1.0,0,0,3,7,870,0,1924,0,98119,47.6509,-122.37,2090,4800,595000.0,500758.1
4,2.5,2810,10433,2.0,0,0,3,8,2810,0,2001,0,98022,47.1895,-122.015,2640,9240,350000.0,361343.1
4,2.5,3060,8167,2.0,0,0,3,9,3060,0,2005,0,98029,47.5521,-121.989,2930,4800,753000.0,755433.9833333333
3,2.25,1590,9425,1.0,0,0,3,7,1170,420,1985,0,98058,47.4291,-122.16,1590,9394,278000.0,292547.4716666667
4,1.5,2480,6383,1.0,0,0,3,7,1380,1100,1946,0,98119,47.6445,-122.374,1440,6000,650000.0,666079.19
3,2.25,2420,7200,1.0,0,0,3,8,1420,1000,1948,0,98115,47.6867,-122.275,2500,7200,1100000.0,771548.81
3,2.75,3200,6699,2.0,0,0,3,9,3200,0,2004,0,98075,47.5884,-121.991,3020,6699,712000.0,741717.49
3,1.0,840,5200,1.0,0,0,3,6,840,0,1969,2014,98042,47.3685,-122.077,870,5200,199990.0,183750.75
3,2.0,1860,3600,1.5,0,0,3,7,1110,750,1915,0,98122,47.6102,-122.296,1680,3695,590000.0,586664.01
3,1.5,1300,19163,1.0,0,0,3,7,1300,0,1964,0,98052,47.6686,-122.153,1590,9744,425000.0,478156.05
3,1.5,1020,10152,1.0,0,0,5,6,1020,0,1959,0,98056,47.4971,-122.168,1320,8892,165000.0,248423.75
3,1.0,1270,6900,1.0,0,0,3,7,1270,0,1977,0,98034,47.7279,-122.192,1480,7280,379950.0,366232.31
3,1.75,1360,5850,1.0,0,0,4,7,1000,360,1938,0,98116,47.5711,-122.391,1540,5850,550000.0,456273.0
3,1.0,1260,6826,1.0,0,0,3,6,720,540,1944,0,98125,47.731,-122.303,1300,6826,342000.0,326066.04
2,1.0,2550,21675,1.0,0,1,4,7,1610,940,1958,0,98198,47.4013,-122.319,2030,10591,446000.0,369230.67
3,1.0,940,10360,1.0,0,0,4,7,940,0,1964,0,98033,47.688,-122.19,2019,10360,500000.0,488244.90666666673
4,3.25,3800,19798,2.0,0,0,3,10,3800,0,1969,2009,98006,47.5684,-122.19,3940,18975,2395000.0,1927387.3
3,2.0,1260,4125,1.0,0,0,3,6,1260,0,1998,0,98188,47.4401,-122.279,1300,9091,216000.0,252100.17
5,1.75,1360,10609,1.0,0,0,3,7,1060,300,1966,0,98034,47.7203,-122.229,1490,9935,431200.0,391904.1
3,2.5,1700,4000,2.0,0,0,3,7,1700,0,2003,0,98065,47.5327,-121.871,1700,4417,384000.0,392263.8
4,3.5,3350,9681,1.0,0,1,3,7,2140,1210,1980,0,98198,47.3978,-122.322,2580,9681,400000.0,384534.15
2,1.0,700,4000,1.0,0,0,3,6,700,0,1943,0,98136,47.5487,-122.391,1060,6000,330000.0,338079.6
3,1.0,1210,4000,1.5,0,0,3,7,1090,120,1928,0,98144,47.5934,-122.308,1210,4000,450000.0,406727.44
5,5.25,5090,23669,2.0,0,0,3,12,5090,0,2006,0,98004,47.6297,-122.216,3830,22605,3100000.0,2929036.5
3,2.5,1860,21876,2.0,0,0,3,8,1860,0,1992,0,98014,47.6455,-121.901,2450,21876,350000.0,486628.5833333334
3,2.5,2490,5928,2.0,0,2,3,8,2490,0,1998,0,98065,47.5385,-121.87,2420,6381,527900.0,617472.25
3,2.0,2030,17120,1.0,0,2,4,8,1890,140,1966,0,98092,47.2953,-122.185,1870,13662,295450.0,349196.69
4,2.5,2290,4450,2.0,0,0,3,9,2290,0,2004,0,98072,47.7385,-122.169,2570,5096,540000.0,582701.0
4,2.5,1790,4358,2.0,0,0,3,7,1790,0,1993,0,98031,47.3994,-122.204,1790,4305,260000.0,261029.53
3,3.5,1340,1168,2.0,0,2,3,8,1080,260,2002,0,98133,47.711,-122.356,1650,1378,370350.0,351599.5
4,2.75,2730,3560,1.5,0,0,3,8,1550,1180,1921,2007,98115,47.6737,-122.304,1860,3560,885000.0,835212.5
4,2.5,2620,6114,2.0,0,0,3,9,2620,0,2011,0,98029,47.5603,-122.013,2620,5808,675000.0,744344.45
3,1.75,1580,11455,1.0,0,0,4,7,1200,380,1974,0,98059,47.4756,-122.147,1550,10650,315000.0,314666.3
3,2.5,1370,4400,1.0,0,0,3,8,1370,0,1988,0,98034,47.7139,-122.203,1630,4400,394000.0,400802.38
3,2.25,2300,7200,1.0,0,0,4,8,1550,750,1978,0,98003,47.324,-122.328,2000,7350,287000.0,288344.68
4,3.5,2910,5260,2.0,0,0,3,9,2910,0,2012,0,98065,47.5168,-121.883,2910,5260,645000.0,607717.52
3,2.25,2510,9900,1.0,0,0,3,8,1610,900,1978,0,98023,47.2988,-122.374,1940,8510,267000.0,278302.0
3,2.5,1280,1845,3.0,0,0,3,8,1280,0,2009,0,98105,47.662,-122.324,1450,1889,545000.0,542140.0
3,1.0,1380,7575,1.0,0,0,4,7,1380,0,1963,0,98056,47.5139,-122.187,1320,7600,295000.0,297590.6666666666
4,1.75,2280,5959,1.0,0,0,3,7,1250,1030,1947,0,98116,47.5655,-122.395,1640,5911,525000.0,491313.87
3,2.5,2100,6021,2.0,0,0,3,7,2100,0,1992,0,98023,47.2917,-122.375,2091,7547,277950.0,282223.5
2,1.0,850,4650,1.0,0,0,3,7,850,0,1975,0,98117,47.6926,-122.365,980,4700,460000.0,359327.49
3,2.5,1720,4006,2.0,0,0,3,8,1720,0,1994,0,98029,47.569,-122.007,1780,3974,535000.0,483299.6
3,2.5,2570,5000,1.0,0,0,4,8,1480,1090,1940,0,98105,47.6578,-122.285,2420,5484,1005000.0,922773.67
4,2.5,2750,10351,2.0,0,0,3,10,2750,0,1998,0,98075,47.5894,-121.98,3370,10351,730000.0,740123.88
4,2.75,2160,7200,1.0,0,0,4,7,1220,940,1976,0,98034,47.7177,-122.224,1790,7614,445000.0,463059.0
2,1.0,1130,12500,1.0,0,0,4,7,1130,0,1953,0,98055,47.4514,-122.187,1270,10798,216000.0,244581.5
2,1.0,1520,5400,1.0,0,0,3,7,920,600,1951,0,98115,47.6796,-122.279,1600,5400,619950.0,549757.6
4,2.5,2090,7241,1.0,0,0,4,7,1140,950,2001,0,98034,47.726,-122.221,1510,7402,469500.0,457503.5
4,2.25,3320,53392,2.0,0,0,4,8,2000,1320,1986,0,98027,47.4724,-122.014,3230,43129,508000.0,581314.06
4,2.5,3370,10602,2.0,0,0,3,10,3370,0,1999,0,98007,47.6591,-122.147,2950,9949,1135000.0,878044.65
3,3.25,4330,14600,2.0,0,0,3,10,3630,700,1985,0,98074,47.6341,-122.044,3220,12672,722800.0,881789.96
4,3.0,2210,4191,2.0,0,0,3,7,2210,0,2004,0,98002,47.2959,-122.225,890,4288,315000.0,278271.56
3,1.5,1780,5000,1.0,0,4,4,7,1030,750,1958,0,98118,47.5168,-122.256,1780,7500,420000.0,423856.8
2,1.0,1410,3600,1.5,0,0,4,7,1310,100,1925,0,98103,47.6695,-122.338,1740,4200,760000.0,591446.03
3,2.5,2280,12746,1.0,0,0,4,8,1490,790,1973,0,98005,47.6362,-122.175,2100,12746,760000.0,701305.58
4,1.75,1420,10300,2.0,0,0,3,7,1420,0,1950,2001,98002,47.3121,-122.215,1420,10300,225000.0,228523.0
3,2.25,1230,7420,1.5,0,0,5,7,1230,0,1913,0,98002,47.3184,-122.22,1260,7556,200000.0,231618.53
3,2.5,2170,5866,2.0,0,0,3,7,2170,0,2006,0,98065,47.5403,-121.889,2440,5798,443500.0,455373.0
3,1.0,1190,11120,1.0,0,0,3,6,1190,0,1947,0,98024,47.5687,-121.898,1230,12720,260000.0,320480.97
4,2.5,3360,15091,2.0,0,0,3,9,3360,0,1997,0,98052,47.6649,-122.135,1930,9936,740000.0,863773.16
4,2.5,2120,4558,2.0,0,0,3,7,2120,0,2002,0,98038,47.3795,-122.022,2370,5506,329950.0,343481.79
3,2.25,1840,5752,2.0,0,0,3,7,1840,0,2003,0,98034,47.7042,-122.187,1670,2462,465000.0,452381.60666666663
2,1.0,1210,4895,1.0,0,0,3,6,710,500,1951,0,98126,47.5202,-122.373,1100,6000,285000.0,289503.6
3,2.25,2350,6000,1.0,0,0,5,7,1020,1330,1948,0,98115,47.6809,-122.305,1570,5000,735000.0,651422.6
4,1.75,2350,5946,1.0,0,2,3,8,1350,1000,1957,0,98115,47.6879,-122.298,2060,6000,555000.0,652630.17
3,2.25,1880,7279,1.0,0,0,3,7,1280,600,1962,0,98155,47.7574,-122.322,2020,8274,466000.0,404148.88333333336
4,2.5,2370,6557,2.0,0,0,3,9,2370,0,1998,0,98042,47.423,-122.155,2370,7378,369000.0,394814.8
4,2.5,2658,3960,2.0,0,0,3,9,2658,0,2014,0,98092,47.2603,-122.194,2578,4200,411605.0,404755.25
3,1.0,960,7218,1.0,0,0,4,7,960,0,1969,0,98034,47.7278,-122.226,1580,9104,330000.0,334785.97
3,3.25,1480,1192,2.0,0,0,3,8,1180,300,2013,0,98106,47.5556,-122.363,1330,1094,320000.0,316547.04
3,2.5,2390,34041,1.0,0,0,3,8,1840,550,1984,0,98042,47.3546,-122.081,2460,35686,339950.0,414624.56
3,2.5,2190,34528,2.0,0,0,3,8,2190,0,1994,0,98027,47.4594,-121.986,2460,37901,525000.0,478545.05
3,2.0,2560,14680,1.0,0,0,3,8,1330,1230,1987,0,98052,47.648,-122.118,2390,13848,599000.0,577463.8
3,1.75,1630,5999,1.5,0,0,4,7,1630,0,1985,0,98198,47.3816,-122.313,1540,7500,265000.0,244588.7
3,1.5,1400,1022,3.0,0,0,3,8,1400,0,2007,0,98115,47.6989,-122.317,1270,1205,425000.0,415944.05
5,3.75,4220,9240,2.0,0,2,5,11,3420,800,1991,0,98040,47.5895,-122.229,3380,9240,1575000.0,1728099.95
3,1.0,1510,142803,1.0,0,0,3,7,1510,0,1974,0,98001,47.3192,-122.287,1330,46609,299000.0,314633.1625
4,2.5,3070,7830,2.0,0,2,3,11,1970,1100,2009,0,98144,47.593,-122.291,2440,4682,1900000.0,1194233.98
4,2.5,2250,11370,2.0,0,0,3,8,2250,0,1991,0,98034,47.7115,-122.239,2190,9611,600000.0,578727.27
4,2.0,3210,8400,1.5,0,0,5,7,2040,1170,1914,0,98136,47.5322,-122.391,2540,6458,756450.0,553192.0
3,1.5,1880,7400,1.0,0,0,3,8,1480,400,1968,0,98155,47.7743,-122.27,1820,8660,405000.0,398176.45
3,2.5,2920,8113,2.0,0,0,3,8,2920,0,1950,2010,98004,47.5814,-122.196,2370,8113,1088000.0,1096766.64
5,2.0,2330,8586,1.0,0,0,4,7,1270,1060,1961,0,98133,47.7671,-122.334,1550,8287,362500.0,401962.78
4,2.5,2650,12001,2.0,0,0,4,9,2650,0,1984,0,98006,47.5496,-122.14,2880,14054,870000.0,808657.29
4,2.5,2170,5257,2.0,0,0,3,7,2170,0,1989,0,98115,47.6999,-122.305,1430,7528,445000.0,536625.5
4,3.5,3490,87497,2.0,0,0,3,9,3490,0,2001,0,98038,47.4028,-122.002,2400,55657,728000.0,679634.2
4,2.5,3360,11548,2.0,0,0,3,9,3360,0,1988,0,98033,47.6534,-122.182,3400,14091,950000.0,857589.03
4,2.25,2210,9371,2.0,0,0,4,8,2210,0,1968,0,98032,47.3634,-122.279,2300,11584,305000.0,325168.06
3,1.0,1200,4592,1.0,0,0,3,6,800,400,1950,0,98106,47.519,-122.352,940,4440,260000.0,254305.85
2,1.5,1010,948,3.0,0,0,3,8,1010,0,1999,0,98103,47.6529,-122.355,1330,1318,387000.0,427713.0
3,1.0,1230,6380,1.5,0,0,3,7,1230,0,1927,0,98115,47.6947,-122.315,1250,6380,740000.0,510452.5
3,2.5,2620,241200,1.5,0,0,4,9,2620,0,1998,0,98027,47.4574,-122.01,2620,172933,775000.0,662441.85
3,3.5,1560,2198,2.0,0,0,3,8,1180,380,2006,0,98116,47.5812,-122.403,1550,1467,560000.0,559442.22
4,2.5,2420,5006,2.0,0,0,3,8,2420,0,2013,0,98059,47.4795,-122.126,2750,5471,505000.0,477317.34
3,2.25,1520,1221,3.0,0,0,3,8,1520,0,2013,0,98107,47.674,-122.377,1550,4750,565000.0,573191.0
2,1.0,790,7500,1.0,0,0,3,7,790,0,1951,0,98198,47.4007,-122.294,1560,7794,130000.0,154507.625
4,2.75,3410,5838,2.0,0,0,3,9,3410,0,2012,0,98053,47.6931,-122.022,3420,7048,743000.0,815136.45
3,2.5,3340,70131,2.0,0,0,3,9,2420,920,1994,0,98022,47.2666,-122.015,2760,116740,485000.0,594524.65
4,3.5,4370,8510,2.0,0,1,3,10,3610,760,2003,0,98004,47.5876,-122.204,2960,10347,1965220.0,1610476.3
4,3.75,3370,6766,2.0,0,0,3,9,3370,0,2005,0,98052,47.7063,-122.106,3530,6766,800000.0,808150.3
4,2.0,1220,7489,2.0,0,0,3,7,1220,0,1903,0,98122,47.6133,-122.306,1220,3750,935000.0,533343.98
3,2.5,1330,1064,3.0,0,0,3,8,1330,0,2004,0,98117,47.6835,-122.387,1330,1113,375000.0,423276.36
4,2.25,1920,8259,2.0,0,0,4,8,1920,0,1979,0,98027,47.5616,-122.088,2030,8910,625000.0,575902.2
3,1.0,1250,7700,1.0,0,0,4,7,1250,0,1955,0,98007,47.5974,-122.149,1520,7700,463000.0,447455.21
4,1.5,1470,5850,1.0,0,0,4,7,810,660,1973,0,98052,47.7,-122.129,1290,7300,426000.0,440913.25
4,3.0,2800,9127,2.0,0,0,3,9,2800,0,1999,0,98074,47.6123,-122.007,2780,8165,770000.0,692526.98
3,1.0,960,213008,1.0,0,0,2,6,960,0,1933,0,98024,47.5621,-121.862,1520,57499,200000.0,325890.5
2,1.0,660,6509,1.0,0,0,4,5,660,0,1952,0,98056,47.4938,-122.171,970,5713,227450.0,199610.55
2,1.0,860,8636,1.0,0,0,3,6,860,0,1924,0,98146,47.5081,-122.356,1100,8636,170000.0,216497.25
5,2.5,4170,33310,2.0,0,0,4,11,4170,0,1991,0,98006,47.5455,-122.126,4670,37960,1300000.0,1239468.5
3,1.0,1810,13068,1.0,0,0,4,7,1360,450,1941,0,98070,47.4482,-122.462,1400,13068,329500.0,393578.25
2,1.0,1250,5208,1.0,0,0,3,7,1050,200,1951,0,98002,47.3063,-122.219,1030,5354,150000.0,193043.43
3,2.5,2420,4750,2.0,0,0,3,8,2420,0,2003,0,98042,47.3663,-122.122,2690,4750,301000.0,305782.22
4,1.75,2300,13342,1.5,1,4,3,7,2300,0,1934,1958,98125,47.7308,-122.282,2500,13342,1335000.0,1241172.0
4,2.5,2680,5539,2.0,0,0,3,8,2680,0,2013,0,98045,47.4759,-121.734,2680,5992,502000.0,460447.32
4,2.5,2720,7697,1.0,0,0,4,8,2120,600,1987,0,98058,47.4391,-122.161,2340,7700,348000.0,384194.24
5,3.5,4210,17258,2.0,0,3,3,12,4210,0,1995,0,98006,47.553,-122.114,4630,17909,1365000.0,1364095.0
4,1.0,1320,4440,1.5,0,0,3,7,1320,0,1929,0,98122,47.6145,-122.295,1260,4440,387500.0,480198.0
3,2.5,1720,6200,2.0,0,0,3,7,1720,0,2014,0,98022,47.2137,-121.989,1710,9520,255000.0,258850.25
3,1.0,880,5375,1.0,0,0,4,5,880,0,1924,0,98055,47.4858,-122.202,980,4838,256000.0,216579.45
4,2.75,4270,25807,2.0,0,0,3,11,4270,0,1996,0,98004,47.5951,-122.206,3860,20723,1610000.0,2193218.0
3,1.75,1610,22496,1.0,0,0,4,7,1610,0,1974,0,98042,47.3443,-122.073,2050,35772,338950.0,303686.54
2,2.0,1250,1178,2.0,0,0,3,7,980,270,1996,0,98136,47.5426,-122.387,1270,1242,340000.0,395926.0
3,1.75,1260,17000,1.0,0,0,3,7,1260,0,1994,0,98146,47.5114,-122.361,1540,7213,335000.0,294940.0
4,2.5,2510,5936,2.0,0,0,3,9,2510,0,1998,0,98075,47.5847,-122.032,2760,6060,665000.0,652078.0
3,2.5,2150,15304,2.0,0,0,4,9,2150,0,1979,0,98006,47.5573,-122.136,2540,10507,649950.0,738699.48
3,2.5,2970,11985,1.0,0,0,3,9,1770,1200,1995,0,98074,47.6359,-122.052,2990,12049,525000.0,711805.25
2,1.75,1010,4000,1.5,0,0,5,7,1010,0,1919,0,98105,47.6665,-122.287,1470,4000,441500.0,556357.0
4,3.5,2630,3435,1.5,0,3,3,7,1640,990,1984,0,98188,47.4355,-122.272,1920,2435,325000.0,427790.0
3,1.0,940,7910,1.0,0,0,4,6,940,0,1959,0,98008,47.6181,-122.117,1000,7700,370000.0,346318.49
3,2.5,3080,8448,2.0,0,2,3,9,3080,0,2000,0,98199,47.6469,-122.389,2500,6400,950000.0,1069657.3
2,1.0,1070,6000,1.0,0,0,4,5,1070,0,1922,0,98178,47.495,-122.227,1910,6000,225000.0,221896.4
3,2.5,2210,10119,1.0,0,0,4,7,1450,760,1966,0,98030,47.3783,-122.22,2110,10119,299000.0,296741.49
4,1.75,1840,10528,1.0,0,0,3,7,1210,630,1990,0,98023,47.2987,-122.385,1620,9331,274900.0,250676.71
5,2.0,2120,137565,1.5,0,0,3,7,2120,0,1913,0,98070,47.4558,-122.507,2120,157123,437000.0,488641.75
3,1.5,1300,3348,1.5,0,0,3,7,1300,0,1904,2014,98144,47.592,-122.307,1590,2577,435000.0,416329.5
1,1.0,1230,3774,1.0,0,0,4,6,830,400,1924,0,98103,47.6886,-122.354,1300,3774,415000.0,450165.13
3,2.5,2120,3742,2.0,0,0,3,7,2120,0,2006,0,98059,47.4787,-122.129,2250,4696,400000.0,390801.5
4,2.75,1910,7700,1.0,0,0,4,7,1000,910,1980,0,98030,47.369,-122.17,1880,7875,250000.0,263433.4
4,2.5,2490,7694,2.0,0,0,3,8,2490,0,1987,0,98029,47.567,-122.016,2140,8126,700000.0,616518.75
2,1.75,1490,4800,1.0,0,0,4,7,750,740,1918,0,98136,47.5496,-122.391,1400,6000,467500.0,500884.0
3,2.5,2360,8764,2.0,0,0,3,8,2360,0,1991,0,98022,47.2114,-122.009,2360,8746,290000.0,325080.89
3,2.0,1490,7929,1.0,0,0,3,7,1490,0,1989,0,98002,47.2875,-122.218,1650,7929,245000.0,239366.9
2,1.0,680,4800,1.0,0,0,3,6,680,0,1917,0,98122,47.6084,-122.304,1610,4800,365000.0,358128.0
4,2.5,2520,9604,2.0,0,0,3,9,2520,0,1990,0,98031,47.3893,-122.216,2540,9793,372000.0,378783.0
3,1.5,2390,4600,2.0,0,0,3,8,1750,640,1920,1995,98118,47.5383,-122.268,1690,5220,420000.0,576275.21
4,1.5,1220,4900,1.0,0,0,3,6,1220,0,1942,0,98118,47.5292,-122.269,1410,3000,250000.0,272584.65
4,2.25,3180,9600,2.0,0,0,3,10,3180,0,1984,0,98074,47.6313,-122.045,2840,10739,725000.0,744154.99
3,2.25,1370,7087,2.0,0,0,3,7,1370,0,1993,0,98038,47.3504,-122.035,1400,6600,264500.0,271676.0
5,2.75,2910,36250,1.0,0,0,3,8,1590,1320,1977,0,98075,47.5916,-122.076,2910,37376,585083.0,652867.86
2,1.0,770,11084,1.0,0,0,4,6,770,0,1947,0,98155,47.7482,-122.321,1010,11084,257000.0,257275.5
4,2.5,2680,11590,2.0,0,0,4,9,2680,0,1988,0,98058,47.4395,-122.163,2580,8225,419625.0,434926.45
3,1.0,940,1948,1.0,0,0,5,6,940,0,1900,0,98107,47.6733,-122.383,1700,5000,551000.0,438130.0
4,2.75,2660,9547,1.0,0,1,3,8,1930,730,1968,2006,98004,47.616,-122.218,2410,10001,1444000.0,1124426.52
4,1.75,1530,8750,1.5,0,0,4,7,1530,0,1968,0,98058,47.4556,-122.157,1390,8750,269900.0,289727.5
4,2.75,2310,7350,1.0,0,0,3,8,1670,640,1989,0,98011,47.7505,-122.182,2600,6077,470000.0,477313.91
4,3.25,2800,5291,2.0,0,0,3,7,2800,0,2011,0,98022,47.1937,-121.977,2380,5291,325000.0,349320.42
4,2.75,2850,7510,2.0,0,0,3,8,2850,0,2008,0,98125,47.7097,-122.305,1510,8833,637000.0,638170.93
3,1.75,1580,7344,1.0,0,0,5,7,1580,0,1911,0,98126,47.5256,-122.38,1580,6207,575000.0,350230.5
2,1.5,1160,3838,2.0,0,0,3,7,1160,0,1983,0,98034,47.7255,-122.164,1410,3780,299000.0,332412.5
4,2.25,1740,8449,1.0,0,0,4,7,1170,570,1958,0,98008,47.6079,-122.123,1980,11175,455000.0,515513.91
4,2.25,3960,8640,2.0,0,2,3,9,2630,1330,1925,0,98112,47.6317,-122.304,3850,8640,1395710.0,1901281.5
4,2.5,2000,13300,1.0,0,0,4,7,1200,800,1968,0,98001,47.353,-122.294,1800,9810,290000.0,266815.87
4,3.5,3130,52322,2.0,0,0,3,9,2430,700,2011,0,98005,47.5932,-122.159,3200,5820,975000.0,913827.98
3,1.0,1040,6800,1.0,0,0,5,6,1040,0,1951,0,98178,47.492,-122.224,1430,6080,212000.0,218987.05
3,2.25,3050,10689,2.0,0,0,4,9,3050,0,1988,0,98092,47.3326,-122.201,2697,10925,438500.0,434691.91
4,2.5,2110,10100,1.0,0,2,3,8,2110,0,1968,2005,98006,47.567,-122.151,2230,10100,981000.0,686684.9
3,1.75,2330,7200,1.0,0,0,4,8,1320,1010,1950,0,98118,47.565,-122.274,1820,7200,650000.0,590895.83
3,2.5,2150,8060,2.0,0,0,3,8,2150,0,1995,0,98033,47.6952,-122.188,2150,7172,569000.0,616316.8333333334
6,2.5,3180,9375,1.0,0,0,4,8,1590,1590,1967,0,98006,47.5707,-122.129,2670,9625,680000.0,658308.6
4,2.5,2690,32780,2.0,0,0,3,9,2690,0,1998,0,98014,47.6612,-121.955,2840,36555,620000.0,649387.25
6,2.5,2590,11250,1.0,0,0,4,8,1390,1200,1978,0,98055,47.4608,-122.196,2270,8360,300000.0,374462.88
3,2.75,1920,7700,1.0,0,0,4,8,1320,600,1978,0,98023,47.3213,-122.378,2040,8000,329000.0,268943.57
3,2.25,1720,8521,1.0,0,0,4,7,1140,580,1984,0,98033,47.6882,-122.184,1530,8692,628000.0,533630.9666666667
6,3.0,2400,9373,2.0,0,0,3,7,2400,0,1991,0,98002,47.3262,-122.214,2060,7316,300000.0,291946.91
4,2.25,2450,21000,1.0,0,2,4,8,1650,800,1954,0,98166,47.4559,-122.344,1820,12480,455000.0,498505.0
4,1.5,1540,7168,1.0,0,0,3,7,1160,380,1964,0,98055,47.455,-122.198,1540,7176,345000.0,266438.8333333333
4,2.75,2810,10300,1.0,0,0,4,9,1810,1000,1978,0,98006,47.5626,-122.149,2710,9900,812500.0,824141.0
4,2.5,3340,12248,2.0,0,1,3,9,2470,870,1998,0,98126,47.5858,-122.379,2110,5679,870000.0,1117195.92
3,1.5,1280,9600,1.0,0,0,4,7,1280,0,1960,0,98033,47.6922,-122.163,1510,10005,405000.0,436223.5
3,1.0,1170,3330,2.0,0,0,4,6,1170,0,1969,0,98092,47.3155,-122.182,1090,3330,192950.0,172595.59
3,1.75,1100,9750,1.0,0,0,4,6,1100,0,1967,0,98023,47.2955,-122.362,1100,9900,212000.0,190630.63333333333
3,3.25,3330,15093,2.5,0,0,3,9,3330,0,1988,0,98040,47.5395,-122.242,4340,20031,950000.0,1196018.57
4,1.5,1370,9750,1.0,0,0,3,7,1070,300,1953,0,98168,47.4718,-122.323,1540,9789,296000.0,256687.5
3,1.75,1580,8151,1.0,0,1,4,7,1100,480,1962,0,98198,47.3672,-122.312,1650,8151,279900.0,263421.35
4,2.5,1850,7324,2.0,0,0,3,8,1850,0,1997,0,98042,47.3701,-122.107,2100,7329,325000.0,299960.25
4,2.25,1970,15743,1.0,0,0,3,7,1370,600,1962,0,98011,47.7673,-122.202,2390,11336,405000.0,434525.5
4,2.5,2740,11975,2.0,0,0,4,8,2740,0,1991,0,98074,47.6315,-122.028,2310,9068,730000.0,646005.58
4,2.5,2670,11877,2.0,0,0,3,9,2670,0,1996,0,98074,47.6327,-122.036,2430,11333,669950.0,690371.93
3,1.75,1970,7100,1.0,0,0,3,7,1590,380,1976,0,98072,47.7353,-122.172,1790,7455,408000.0,417500.0
4,2.0,1350,942,3.0,0,0,3,7,1350,0,2008,0,98027,47.5394,-122.026,1390,942,304500.0,300540.71
5,2.5,2770,8100,2.0,0,0,3,9,2770,0,2002,0,98004,47.6341,-122.208,2070,8100,1306000.0,1305446.7
4,2.5,2360,81892,1.0,0,0,3,8,2360,0,2000,0,98042,47.369,-122.156,1730,18096,445000.0,481540.0
2,1.5,1260,1575,2.0,0,0,3,7,1260,0,2001,0,98144,47.5914,-122.295,1220,1740,374000.0,358459.5
4,2.5,4620,20793,2.0,0,0,4,11,4620,0,1991,0,98023,47.2929,-122.342,3640,20793,575000.0,1330376.0
4,4.0,4500,11795,2.0,0,0,3,12,4500,0,1991,0,98027,47.5533,-122.098,3930,11576,1515000.0,1344611.5
4,3.5,3770,8501,2.0,0,0,3,10,3770,0,2008,0,98033,47.6744,-122.196,1520,9660,1020000.0,1418583.06
3,2.0,1230,8235,1.5,0,0,3,6,1230,0,1959,0,98168,47.4853,-122.304,1080,10281,195000.0,229340.74
3,1.0,1700,4750,1.5,0,0,4,6,1200,500,1909,0,98117,47.6819,-122.389,1550,4750,570000.0,511158.1
2,1.5,1310,12196,1.5,0,0,3,6,1310,0,1970,0,98052,47.6487,-122.122,2970,12196,455000.0,480421.66666666674
2,1.75,1740,5400,1.0,0,0,4,7,990,750,1946,0,98115,47.6971,-122.282,1980,5400,452000.0,553657.65
3,1.75,1760,8025,1.0,0,0,4,7,1230,530,1976,0,98034,47.7287,-122.192,1590,7543,440000.0,446883.73
4,3.5,2780,9550,2.0,0,4,5,10,2530,250,1978,0,98166,47.454,-122.373,2724,10634,995000.0,722649.0
4,2.5,3230,4290,2.0,0,0,3,9,3230,0,2004,0,98033,47.6874,-122.161,3220,5083,765000.0,788277.7
3,2.5,3090,67082,2.0,0,0,3,9,3090,0,1990,0,98038,47.4032,-122.023,3650,62290,567500.0,554557.44
4,2.5,2120,7820,1.0,0,0,3,8,1280,840,1975,0,98052,47.6743,-122.145,2350,8605,490000.0,567151.4
4,2.5,2730,9260,2.0,0,0,3,8,2730,0,2008,0,98133,47.7222,-122.331,2730,7357,620000.0,654919.55
3,2.0,1130,16875,1.0,0,0,4,7,1130,0,1947,0,98155,47.7489,-122.3,1600,14300,349500.0,359587.5
2,1.75,1260,5300,1.0,0,0,4,7,840,420,1951,0,98103,47.6809,-122.348,1280,3000,630000.0,533180.63
2,1.0,870,5750,1.0,0,0,4,7,870,0,1947,0,98116,47.5637,-122.395,1100,5750,406500.0,417129.1
4,1.0,1350,3333,1.5,0,0,3,7,1350,0,1912,0,98107,47.6727,-122.397,1530,5000,429000.0,531675.0
2,1.0,1310,2814,1.0,0,0,3,6,810,500,1944,0,98126,47.5185,-122.376,1300,1344,299800.0,287262.1
3,1.0,1140,7785,1.0,0,0,3,8,1140,0,1954,0,98177,47.709,-122.363,2080,10620,407000.0,433212.0
3,2.0,1600,7350,1.0,0,0,4,7,1600,0,1979,0,98052,47.6977,-122.126,1600,7200,460000.0,475401.3
2,1.0,880,5100,1.0,0,0,4,7,880,0,1941,0,98103,47.694,-122.346,980,5100,415000.0,347050.77
4,2.5,2520,8515,2.0,0,0,3,7,2520,0,1999,0,98019,47.7233,-121.959,2130,6930,450000.0,457472.36
4,3.0,1960,5000,1.0,0,0,5,7,1050,910,1965,0,98136,47.5208,-122.393,1360,5000,604000.0,480025.0
3,1.5,1100,1751,2.0,0,0,3,8,940,160,2007,0,98144,47.5927,-122.306,1380,1751,375000.0,266960.57
4,1.75,1740,9150,1.0,0,0,3,7,1740,0,1974,0,98188,47.4498,-122.28,1540,9147,380000.0,257462.44666666666
4,3.0,2030,12675,2.0,0,0,3,7,2030,0,1982,0,98177,47.7689,-122.379,1990,7705,499000.0,448628.5
4,2.5,2960,6031,2.0,0,0,3,9,2960,0,2005,0,98038,47.3596,-122.04,2570,5012,449000.0,407956.6
3,1.75,1520,8100,1.0,0,0,5,6,760,760,1945,0,98117,47.6966,-122.375,1040,8100,475000.0,475854.4583333334
3,1.75,1800,7199,1.0,0,0,3,7,1300,500,1972,0,98125,47.7264,-122.307,1800,8100,500000.0,423164.14
3,2.5,2240,7500,2.0,0,0,3,8,2240,0,1985,0,98092,47.265,-122.22,2190,7506,319950.0,311971.56
4,3.25,4280,20296,2.0,0,0,4,11,4280,0,1984,0,98004,47.6377,-122.212,3420,16351,1928000.0,2255860.1
3,1.75,2130,20423,1.0,0,0,3,9,2130,0,1953,0,98004,47.6339,-122.192,2370,20875,667500.0,1074188.83
5,2.25,3340,52476,2.0,0,0,4,8,3340,0,1975,0,98027,47.4553,-121.987,2460,48351,645000.0,578121.6
3,2.5,1830,12750,2.0,0,0,3,7,1830,0,1991,0,98168,47.5003,-122.328,1610,10000,300000.0,303351.7
3,1.75,2050,11856,1.0,0,0,3,7,1460,590,1962,0,98006,47.5735,-122.162,2670,11856,655275.0,620299.92
5,2.25,3440,5000,2.0,0,2,5,9,3440,0,1901,0,98122,47.6127,-122.286,2822,5000,1225000.0,1499526.9
2,3.25,1840,1500,3.0,0,0,3,8,1840,0,2001,0,98103,47.6595,-122.354,1910,2500,601450.0,661576.06
4,2.5,2390,5800,2.0,0,0,3,9,2390,0,2000,0,98075,47.5965,-122.038,2590,6507,647000.0,656746.85
2,1.5,830,1241,2.0,0,0,3,7,830,0,2005,0,98119,47.6363,-122.368,1610,2666,425000.0,371094.6
4,2.75,2400,104108,2.0,0,0,3,8,2400,0,1988,0,98027,47.4686,-121.989,2270,54450,590000.0,527809.75
4,2.5,2019,4435,2.0,0,3,3,8,2019,0,2008,0,98022,47.1958,-121.974,1950,4800,293000.0,341882.09
4,2.5,1934,5677,2.0,0,0,3,8,1934,0,2013,0,98001,47.2602,-122.252,1919,5049,280000.0,263555.45
4,2.5,2800,5368,2.0,0,0,3,8,2800,0,2003,0,98074,47.6076,-122.053,2790,5368,676000.0,670821.5
4,1.75,1120,8250,1.0,0,0,4,7,1120,0,1966,0,98058,47.4555,-122.177,1330,7975,252000.0,244010.95
3,1.75,1500,7560,1.0,0,0,3,7,1500,0,1979,0,98003,47.3467,-122.296,1500,7560,242000.0,230900.4
3,1.75,1310,9761,1.0,0,0,3,7,1310,0,1967,0,98034,47.721,-122.228,1490,9600,300000.0,389189.38
2,1.0,1050,6250,1.0,0,0,4,6,840,210,1943,0,98168,47.5024,-122.333,1310,12500,209950.0,222252.95
4,3.5,4170,9748,2.0,0,0,3,11,4170,0,2004,0,98059,47.528,-122.132,4560,10589,1200000.0,1136682.41
5,2.75,3595,5639,2.0,0,0,3,9,3595,0,2014,0,98053,47.6848,-122.016,3625,5639,861990.0,869041.09
3,2.25,2520,6690,2.0,0,2,5,8,1700,820,1944,1990,98126,47.5705,-122.381,1990,5792,835000.0,749903.75
3,1.0,1440,5580,1.5,0,0,3,7,1440,0,1908,0,98115,47.6898,-122.326,2010,5580,499950.0,522458.63
4,2.5,3260,10032,1.0,0,0,3,8,1960,1300,1978,0,98125,47.7203,-122.323,1802,7249,538000.0,557861.2
4,4.75,4575,24085,2.5,0,2,5,10,3905,670,1926,0,98112,47.6263,-122.284,3900,9687,2920000.0,2410207.1
4,1.0,1760,7216,1.0,0,0,3,7,1090,670,1947,0,98133,47.7041,-122.355,1180,3844,429950.0,454938.875
4,1.5,2650,34000,2.0,0,0,4,7,2650,0,1930,0,98028,47.7516,-122.237,1960,34000,615000.0,470534.96
5,2.25,2720,8800,1.0,0,0,4,7,1500,1220,1958,0,98008,47.5976,-122.118,2110,8800,530000.0,604756.44
5,2.75,3190,5857,2.0,0,0,3,9,3190,0,2004,0,98058,47.4575,-122.119,3100,5857,544800.0,515646.12
3,1.75,980,6002,1.0,0,0,4,6,980,0,1942,0,98033,47.6643,-122.203,1150,6054,657500.0,588630.88
1,1.0,1120,17332,1.0,0,0,3,7,1120,0,1988,0,98001,47.2972,-122.267,1280,17334,166000.0,199857.14
4,2.5,2360,15008,1.0,0,0,3,9,1920,440,1986,0,98028,47.7363,-122.254,2680,15344,535000.0,599744.25
4,2.0,1680,3813,2.0,0,0,4,7,1680,0,1900,0,98144,47.593,-122.293,2540,3996,500000.0,811162.0
3,2.5,1910,4408,3.0,0,0,3,8,1910,0,2007,0,98133,47.7634,-122.35,1910,8154,400000.0,449208.23
3,1.0,1130,8201,1.0,0,0,5,6,1130,0,1948,0,98155,47.7359,-122.306,1180,8203,350000.0,320152.1
3,1.75,1720,5280,1.0,0,0,4,8,900,820,1943,0,98199,47.6493,-122.401,1600,6000,465000.0,638463.5
3,1.0,1260,24550,1.5,0,2,4,7,1260,0,1937,0,98136,47.5442,-122.396,2500,12320,665000.0,459476.0
3,2.5,2150,5193,2.0,0,0,3,8,2150,0,1995,0,98033,47.6952,-122.187,2150,7172,587000.0,599017.3333333334
3,1.0,1180,11862,1.0,0,0,4,7,1180,0,1948,0,98177,47.7153,-122.363,1540,8100,397990.0,429041.88
2,1.75,1050,6500,1.5,0,2,4,6,1050,0,1925,0,98055,47.4727,-122.2,1320,10075,295000.0,241153.7
4,1.0,1360,6000,1.0,0,0,4,6,1020,340,1944,0,98168,47.4783,-122.285,1230,6000,273500.0,214744.99
5,2.25,2440,20828,1.5,0,0,4,8,2440,0,1975,0,98042,47.3762,-122.158,2670,14472,489990.0,404666.7
3,2.0,1570,5250,1.0,0,0,3,7,1570,0,1998,0,98092,47.3163,-122.188,1570,5250,278500.0,262098.0
2,1.0,860,7102,1.0,0,0,3,6,860,0,1947,0,98177,47.7042,-122.369,1450,7102,340000.0,331629.5
3,1.0,990,8528,1.0,0,0,3,6,990,0,1966,0,98023,47.3066,-122.371,1228,8840,210490.0,204846.39
4,2.5,2708,4772,2.0,0,0,3,9,2708,0,2014,0,98092,47.3413,-122.178,2502,4900,436952.0,423187.4
2,1.0,1747,12250,2.5,0,0,4,6,1747,0,1948,0,98001,47.3282,-122.285,1620,10300,267500.0,235557.06
3,2.25,1810,9845,1.0,0,0,4,8,1810,0,1959,1991,98040,47.5505,-122.221,1900,10083,713400.0,679087.605
4,2.25,2500,4046,1.5,0,0,4,7,1520,980,1940,0,98117,47.6882,-122.382,1410,4046,669500.0,666628.36
3,1.0,1310,7125,1.0,0,0,4,7,1310,0,1978,0,98042,47.3739,-122.148,1650,7290,240000.0,230810.71
4,2.75,2500,4950,2.0,0,0,3,8,2500,0,2010,0,98053,47.6964,-122.017,2500,4950,680000.0,683740.0
4,2.75,2130,9339,1.0,0,0,3,7,1330,800,1991,0,98198,47.3788,-122.316,2090,7628,325250.0,326192.45
4,1.75,2200,8100,1.5,0,0,5,6,1400,800,1942,0,98168,47.4945,-122.303,1520,8100,305000.0,289574.12333333335
3,1.75,1250,8084,1.0,0,0,4,7,1250,0,1967,0,98001,47.3364,-122.276,1340,7680,209000.0,220544.25333333336
2,1.0,1020,5000,1.0,0,0,4,7,1020,0,1916,0,98117,47.6781,-122.363,1480,5000,505000.0,496044.0
4,3.5,4220,196817,2.0,0,0,3,10,4220,0,1993,0,98092,47.2642,-122.187,2500,195395,799950.0,847498.5
3,1.5,1730,6240,1.0,0,1,3,8,1000,730,1954,0,98136,47.5282,-122.391,1620,6240,510000.0,503297.2
3,2.5,2940,15875,2.0,0,0,3,10,2940,0,1994,0,98075,47.5947,-122.016,2980,15875,780000.0,729923.87
8,3.75,3460,4600,2.0,0,0,3,7,2860,600,1987,0,98105,47.6617,-122.289,2170,3750,808000.0,849936.94
3,2.25,2880,7599,1.0,0,2,3,9,1710,1170,1958,2002,98033,47.6938,-122.215,2920,12401,1538000.0,994328.38
5,2.75,2860,5379,2.0,0,0,3,9,2860,0,2005,0,98052,47.7082,-122.104,2980,6018,720000.0,748517.35
3,1.0,1840,8100,1.0,0,0,4,7,920,920,1953,0,98166,47.455,-122.35,1250,8100,185000.0,328009.9166666667
3,1.0,940,4200,1.0,0,0,3,7,940,0,1955,0,98103,47.6878,-122.35,1380,4080,341000.0,463623.13
3,2.5,2100,6092,2.0,0,0,3,8,2100,0,2013,0,98028,47.7508,-122.239,2250,8592,554990.0,473547.66
2,1.5,1190,3400,1.0,0,0,3,7,990,200,1919,0,98115,47.6726,-122.32,1410,3150,441000.0,538159.88
3,3.0,3570,6250,2.0,0,2,3,10,2710,860,1985,0,98116,47.5624,-122.399,2550,7596,840000.0,1181795.81
3,1.75,1900,5000,1.0,0,0,4,7,950,950,1925,0,98106,47.5677,-122.363,1420,5000,515000.0,425308.05
1,1.0,570,4080,1.0,0,0,3,5,570,0,1942,0,98146,47.5098,-122.334,890,5100,89950.0,147223.66666666666
3,1.75,1810,10463,1.0,0,0,4,7,1810,0,1969,0,98058,47.4581,-122.162,1620,8551,340500.0,309352.445
2,1.0,1380,9251,1.0,0,0,3,7,1380,0,1940,0,98028,47.7486,-122.249,1870,12158,319900.0,357826.6
5,2.25,3070,64033,1.0,0,0,3,9,2730,340,1983,0,98001,47.3238,-122.292,1560,28260,420000.0,508525.0
3,2.25,1770,10000,1.0,0,0,3,7,1340,430,1978,0,98198,47.3814,-122.322,1270,5055,242500.0,256660.55
3,2.5,2350,7035,2.0,0,0,3,8,2350,0,1989,0,98029,47.5713,-122.02,2270,7192,613500.0,612080.75
3,1.0,1410,7854,1.0,0,0,4,7,1410,0,1971,0,98034,47.7303,-122.192,1460,7500,380500.0,381474.62
3,1.75,2720,4720,1.5,0,0,4,7,1580,1140,1925,0,98105,47.6691,-122.29,1660,4640,685000.0,731309.8
2,1.75,960,6200,1.0,0,0,4,7,960,0,1946,0,98136,47.5551,-122.396,1000,6000,400000.0,416195.3
4,2.5,2060,8451,2.0,0,0,3,8,2060,0,1995,0,98133,47.7168,-122.333,2060,9460,543000.0,520547.5
6,1.75,2540,8400,1.0,0,0,3,8,1340,1200,1977,0,98058,47.4414,-122.129,1900,7695,317500.0,353847.58
3,1.75,2070,6000,1.0,0,3,3,8,1340,730,1955,0,98136,47.5226,-122.382,2200,6000,690000.0,625404.0
3,1.5,1220,8400,1.0,0,0,4,7,1220,0,1962,0,98006,47.5467,-122.173,2110,9119,271950.0,436181.8
3,1.0,1340,21336,1.5,0,0,4,5,1340,0,1945,0,98032,47.4023,-122.273,1340,37703,281000.0,245301.49
4,3.5,3350,6350,2.0,0,2,3,8,2610,740,2009,0,98116,47.5602,-122.39,1820,6350,844000.0,798923.65
3,1.0,1350,3090,1.5,0,0,5,6,1350,0,1914,0,98103,47.682,-122.348,1350,3090,400000.0,512890.5
3,1.75,1890,3825,1.0,0,0,3,7,1290,600,1974,0,98117,47.6831,-122.381,1320,3825,524950.0,578542.06
4,2.5,1960,7875,1.0,0,0,3,7,1220,740,1978,0,98001,47.3427,-122.274,2030,7650,234500.0,282279.2
2,1.75,1440,6265,1.0,0,0,3,8,1440,0,2005,0,98053,47.7028,-122.013,1810,5209,490000.0,447314.2
3,3.0,3410,16015,2.0,1,4,4,10,2220,1190,1973,0,98040,47.5721,-122.239,3760,16572,2600000.0,1706440.5
3,2.5,2010,4059,2.0,0,0,3,8,2010,0,1998,0,98034,47.7317,-122.197,2010,5779,471000.0,473291.73
4,2.0,1960,50112,1.0,0,0,4,7,1050,910,1963,0,98058,47.4353,-122.084,2340,44967,435000.0,392717.5
4,2.75,2760,8160,1.5,0,2,4,8,1780,980,1940,0,98177,47.7248,-122.365,2720,8160,614000.0,659151.5
3,2.5,2020,7800,1.0,0,0,4,7,1330,690,1958,0,98133,47.7368,-122.337,1870,7800,444950.0,414500.75
4,1.75,1420,7500,1.0,0,0,4,7,1080,340,1981,0,98031,47.4025,-122.176,1500,7260,268500.0,250868.25
4,2.75,2210,10800,1.0,0,0,4,8,1170,1040,1997,0,98074,47.6086,-122.059,2210,10800,516000.0,533983.1166666667
4,2.5,2150,7670,1.0,0,0,5,7,1240,910,1976,0,98031,47.3942,-122.189,1610,7350,229950.0,320293.0
3,2.5,2240,6097,2.0,0,0,3,8,2240,0,2002,0,98038,47.3503,-122.042,2240,5574,315000.0,372948.9
4,2.5,2110,13850,2.0,0,0,3,9,2110,0,1987,0,98027,47.5497,-122.077,2520,10194,606000.0,616128.55
3,1.0,920,6460,1.0,0,0,5,6,920,0,1969,0,98042,47.3665,-122.082,920,4770,189950.0,183539.95
3,1.0,1150,3090,1.0,0,0,3,6,1150,0,1910,0,98118,47.5506,-122.276,1150,5664,260000.0,283894.68
2,1.0,1180,9261,1.0,0,0,4,7,940,240,1957,0,98118,47.5492,-122.274,1700,6325,343000.0,354885.88
0,0.0,1470,4800,2.0,0,0,3,7,1470,0,1996,0,98065,47.5265,-121.828,1060,7200,235000.0,329697.28
4,2.5,1970,7098,2.0,0,0,3,7,1970,0,2007,0,98038,47.3576,-122.058,1970,5361,347500.0,320319.0
3,1.75,1490,7150,1.0,0,0,5,6,1490,0,1967,0,98059,47.5015,-122.124,1350,9100,310000.0,302174.94
3,2.0,1430,8919,1.0,0,0,3,7,1430,0,1992,0,98022,47.2118,-121.983,1580,8919,246500.0,231581.44
4,2.75,2240,8937,1.0,0,0,4,8,1460,780,1976,0,98033,47.6495,-122.194,2360,9038,675000.0,728735.42
2,1.0,1190,5100,1.5,0,0,2,7,1190,0,1928,0,98117,47.6773,-122.382,1920,5100,417000.0,549415.0
4,2.75,5440,239580,1.0,0,0,2,9,2720,2720,1969,0,98001,47.354,-122.293,1970,40392,850000.0,819852.0
4,2.5,2260,6300,2.0,0,0,3,7,2260,0,2001,0,98019,47.7235,-121.958,2300,6300,453250.0,417886.5
2,1.0,820,6550,1.0,0,0,3,7,820,0,1949,2012,98126,47.5478,-122.381,1640,6550,370000.0,360635.55
2,1.0,980,2130,1.0,0,0,4,6,860,120,1918,0,98117,47.6769,-122.366,980,2800,400000.0,409848.0
5,2.25,1970,15247,1.0,0,0,3,7,1450,520,1986,0,98024,47.5669,-121.905,1300,10800,435000.0,413357.17
5,4.0,4510,15175,2.0,0,0,3,10,4510,0,1969,2002,98040,47.5309,-122.228,3510,13500,1870000.0,1748785.2
3,2.0,1150,700,2.0,0,0,3,7,800,350,2000,0,98136,47.5552,-122.381,1060,1910,340000.0,343298.1
3,1.0,1340,9339,1.0,0,0,5,7,1340,0,1960,0,98056,47.5407,-122.177,1310,9350,345000.0,401104.17
3,1.75,2350,12720,1.0,0,0,4,7,1180,1170,1964,0,98030,47.3594,-122.175,1680,10400,245000.0,262695.85
3,1.75,1850,16863,1.0,0,0,4,7,1280,570,1980,0,98034,47.7166,-122.225,1790,9000,445000.0,464996.65
4,2.5,3220,38448,2.0,0,0,3,10,3220,0,1993,0,98053,47.6854,-122.053,3090,38448,775000.0,821468.55
3,2.0,1230,11502,1.0,0,0,4,7,1230,0,1984,0,98052,47.7017,-122.127,1660,11727,475000.0,420448.5
3,2.25,1410,1340,2.0,0,0,3,8,1370,40,1967,0,98008,47.6108,-122.113,1730,2748,350000.0,395971.12
3,1.75,1460,7967,1.0,0,0,3,7,1040,420,1977,0,98023,47.3199,-122.374,1460,6835,186000.0,225522.0
4,2.5,2570,6251,2.0,0,0,3,9,2570,0,2000,0,98004,47.593,-122.197,2570,9588,1170000.0,1121029.68
3,1.75,1590,1113,3.0,0,0,3,8,1590,0,2014,0,98107,47.6691,-122.402,1520,1357,609500.0,589837.0
3,1.75,1670,8511,1.0,0,0,3,7,1340,330,1985,0,98001,47.3257,-122.276,1580,7218,260000.0,240762.32
3,1.75,1240,7560,1.0,0,0,3,8,1070,170,1967,0,98003,47.333,-122.3,1650,7560,222000.0,233452.42
4,1.75,1890,10550,1.0,0,0,5,7,1010,880,1969,0,98056,47.5147,-122.193,1930,7291,372000.0,339586.0
3,2.25,1940,7482,1.0,0,0,4,7,1240,700,1964,0,98004,47.6004,-122.195,2340,9310,635000.0,714022.6
3,2.25,1830,13477,1.0,0,3,4,7,1170,660,1981,0,98034,47.7243,-122.21,1960,11344,439000.0,462965.73
3,2.5,2360,6699,2.0,0,0,3,7,2360,0,2003,0,98065,47.5317,-121.853,2360,4744,430000.0,446427.88
3,2.5,2290,14374,2.0,0,0,3,8,2290,0,1983,2012,98075,47.5886,-122.074,2290,33450,622500.0,612186.79
2,1.0,600,6120,1.0,0,0,3,5,600,0,1943,0,98168,47.4997,-122.317,1060,6120,110000.0,137866.66
3,1.0,1190,9486,1.0,0,0,4,7,1190,0,1953,0,98166,47.4319,-122.339,2100,10400,375000.0,230127.57
3,2.0,1200,10212,1.5,0,0,5,6,1200,0,1949,0,98022,47.206,-121.998,1280,10212,251000.0,224779.5
3,2.5,1790,6452,2.0,0,0,3,7,1790,0,2004,0,98038,47.3841,-122.042,1610,3600,315000.0,299772.8333333333
3,2.25,1650,10336,1.0,0,0,3,7,1500,150,1962,0,98133,47.7757,-122.35,1420,10260,290000.0,380350.76
3,2.5,2250,9235,2.0,0,0,3,8,2250,0,1985,0,98052,47.7268,-122.105,2290,8187,549000.0,591848.9
3,2.25,2510,6339,1.5,0,2,5,8,1810,700,1932,0,98199,47.6496,-122.391,1820,5741,994000.0,792998.0
4,2.75,2730,35075,1.0,0,0,3,8,1530,1200,1979,0,98072,47.7726,-122.139,2310,35000,575000.0,545955.01
4,3.75,3860,5474,2.5,0,0,3,10,3860,0,2007,0,98029,47.5396,-121.995,3040,5474,1051000.0,972664.75
4,2.0,1510,3240,1.0,0,0,5,7,870,640,1901,0,98144,47.5972,-122.296,1420,5160,410000.0,458164.56666666665
3,2.75,3170,34850,1.0,0,0,5,9,3170,0,1957,0,98033,47.6611,-122.169,3920,36740,1085000.0,1516487.0
3,2.5,1770,3993,2.0,0,0,3,8,1770,0,1999,0,98074,47.6027,-122.02,1820,4046,420000.0,485940.0
3,1.75,1500,8352,1.0,0,2,5,6,750,750,1943,0,98056,47.4883,-122.191,1500,8447,300000.0,269631.1333333333
3,2.0,1410,4800,1.5,0,0,4,8,1410,0,1927,0,98118,47.5597,-122.267,1820,7200,655000.0,504259.5
2,1.0,1400,19570,1.5,0,0,3,6,1100,300,1929,0,98168,47.4724,-122.271,2250,6500,250000.0,238528.4833333333
4,3.0,2530,4560,1.5,0,0,3,7,1540,990,1925,2014,98112,47.6287,-122.3,1640,4560,785950.0,801343.75
3,1.0,1960,7955,1.0,0,0,4,7,1260,700,1963,0,98177,47.7641,-122.364,1850,8219,375000.0,394690.78333333327
3,1.75,1400,10018,1.0,0,0,4,7,1400,0,1962,0,98027,47.5327,-122.032,1350,9300,389000.0,391013.97
4,2.5,2810,4500,2.0,0,0,3,9,2810,0,2014,0,98038,47.3552,-122.023,2980,5046,518380.0,447015.95
2,2.0,1350,2560,1.0,0,0,4,8,1350,0,1974,0,98052,47.6338,-122.106,1800,2560,382000.0,368264.17
3,2.0,1750,9239,1.0,0,0,3,8,1410,340,1989,0,98133,47.7583,-122.339,1720,7874,420000.0,417083.0
6,4.5,5480,10800,2.0,0,3,4,9,4430,1050,1999,0,98119,47.6307,-122.367,2970,7200,2400000.0,1936719.6
4,4.0,3530,8400,2.0,0,0,5,8,2630,900,1958,0,98199,47.6402,-122.395,2340,8216,1095000.0,1066998.5
3,2.5,3320,11875,1.0,0,0,5,10,3320,0,1979,0,98034,47.7212,-122.26,3730,11875,959000.0,973027.92
4,2.5,3220,15600,1.0,0,0,5,9,1680,1540,1973,0,98006,47.5697,-122.182,2990,15600,1250000.0,948004.34
4,2.5,2200,10800,1.0,0,0,3,8,1500,700,1964,0,98155,47.7711,-122.288,2280,10800,457000.0,479818.25
5,2.0,1900,6000,1.5,0,0,4,6,1900,0,1920,0,98033,47.6831,-122.186,2110,8400,470000.0,610027.41
4,3.75,3480,14850,1.0,0,4,3,9,1870,1610,1951,2013,98004,47.6227,-122.216,4780,18480,2500000.0,1839169.5
4,2.5,2900,5505,2.0,0,0,3,8,2900,0,2002,0,98074,47.6063,-122.02,2970,5251,675000.0,659162.0
3,2.0,1300,14350,1.0,0,0,3,7,1300,0,1955,2013,98006,47.5736,-122.152,1520,10670,502000.0,476028.97
3,1.75,1840,8601,1.0,0,0,3,7,920,920,1905,2014,98118,47.5359,-122.276,1390,7452,285000.0,430336.9466666667
3,2.5,1860,5321,2.0,0,0,3,7,1860,0,2000,0,98038,47.3848,-122.033,1940,5205,326995.0,327925.5
4,2.5,2610,5562,2.0,0,0,3,9,2610,0,2013,0,98056,47.5137,-122.169,2720,7400,610360.0,572331.3
4,1.0,1790,8400,1.0,0,0,4,7,1260,530,1954,0,98133,47.7627,-122.353,1470,8400,401500.0,395314.0
5,3.0,4780,20440,1.0,0,0,4,10,3660,1120,1975,0,98039,47.6242,-122.239,4660,20440,2575000.0,2056829.0
4,2.5,2390,53941,2.0,0,0,3,8,2390,0,1989,0,98053,47.7066,-122.08,2610,104108,682000.0,691789.39
4,2.5,3210,8532,2.0,0,0,3,10,3210,0,1998,0,98007,47.625,-122.144,2950,6753,915000.0,880866.18
3,2.25,1600,39848,1.0,0,3,4,8,1600,0,1958,0,98022,47.1991,-122.013,1600,39848,380000.0,313505.02
4,2.5,2441,7316,2.0,0,0,3,8,2441,0,2007,0,98023,47.3237,-122.337,2724,7357,340000.0,325543.38
3,2.25,1610,7084,1.0,0,0,4,8,1280,330,1968,0,98023,47.3146,-122.384,2170,8505,218000.0,249174.26
3,1.5,1410,8800,1.0,0,0,4,7,1410,0,1965,0,98092,47.2927,-122.183,2180,10108,226740.0,222985.54
3,3.5,2490,2722,2.0,0,0,3,8,2020,470,1999,0,98005,47.5893,-122.165,2490,2755,616950.0,719507.91
4,1.75,2410,8447,2.0,0,3,4,8,2060,350,1936,1980,98074,47.6499,-122.088,2520,14789,550000.0,669225.0
5,1.5,2180,4268,1.5,0,0,4,7,1340,840,1924,0,98117,47.6848,-122.389,1530,3880,470000.0,618267.18
4,2.5,2290,12047,2.0,0,0,4,9,2290,0,1988,0,98006,47.5599,-122.105,3130,15666,736000.0,714186.61
4,3.5,2850,5577,2.0,0,0,3,8,1950,900,2014,0,98056,47.5252,-122.192,2850,5708,608500.0,586837.42
4,3.0,4180,35169,2.0,0,0,3,11,4180,0,1986,1998,98038,47.4,-122.027,3010,35190,550000.0,981096.3
3,3.25,1710,2381,2.0,0,0,3,8,1360,350,2003,0,98029,47.5477,-122.004,1420,1163,470000.0,451505.24
3,1.0,960,8100,1.0,0,0,3,7,960,0,1955,0,98155,47.7763,-122.305,1080,8100,299000.0,262970.0
4,3.75,4610,40202,1.0,0,0,4,10,2500,2110,1980,0,98027,47.4599,-122.0,3050,41056,630000.0,847342.5
3,2.5,1800,8697,2.0,0,0,3,8,1800,0,1987,0,98023,47.3115,-122.4,1770,8390,280000.0,247089.5
3,3.0,1970,20978,2.0,1,3,4,9,1770,200,1980,0,98070,47.3844,-122.438,2280,75396,705000.0,810564.0
4,1.75,1690,7794,1.0,0,0,3,7,1090,600,1968,0,98033,47.6888,-122.203,1380,7325,548000.0,583358.5
4,1.0,1440,7404,1.0,0,0,3,6,1080,360,1918,0,98126,47.5328,-122.379,1620,7436,250000.0,441771.0
3,1.0,1070,3713,1.0,0,0,4,6,1070,0,1917,0,98118,47.5683,-122.285,1290,3960,550000.0,381517.56
3,1.75,1100,10005,1.0,0,0,5,7,1100,0,1964,0,98056,47.5374,-122.173,1340,9709,423000.0,407677.25
3,1.0,1390,10500,1.5,0,0,3,6,1390,0,1940,0,98024,47.567,-121.893,1350,9800,392500.0,328930.55
4,4.0,4360,12081,2.0,0,0,3,10,4360,0,2007,0,98004,47.6377,-122.219,2180,10800,1980000.0,2111793.4
4,2.5,2760,5564,2.0,0,0,3,7,2760,0,2001,0,98056,47.4814,-122.189,2670,5626,424950.0,423201.03
4,2.0,1220,9147,1.0,0,0,5,7,1220,0,1953,0,98146,47.5011,-122.336,1220,8576,287500.0,253651.95
3,1.75,1500,15246,1.0,0,0,3,6,1500,0,1925,1998,98070,47.4367,-122.463,1500,16988,295000.0,352763.85
3,1.5,1070,9331,1.0,0,0,3,6,1070,0,1956,0,98155,47.7633,-122.313,1480,8400,220000.0,300282.55
3,0.75,1300,72309,1.0,0,0,3,6,680,620,1950,1987,98006,47.567,-122.124,3080,8395,247500.0,457439.0
3,2.5,1560,10608,2.0,0,0,3,7,1560,0,1994,0,98042,47.3572,-122.161,1360,10608,254000.0,257716.46
2,1.0,790,7500,1.0,0,0,3,6,790,0,1950,0,98011,47.7644,-122.198,1970,8970,245500.0,273763.72
4,2.5,2240,4800,2.0,0,0,3,8,2240,0,2014,0,98001,47.2911,-122.266,2240,5040,331210.0,307356.44
3,2.25,1440,1362,3.0,0,0,3,7,1440,0,2014,0,98117,47.6908,-122.365,1180,2603,469000.0,452286.54
4,1.75,2600,18042,1.0,0,0,4,8,2020,580,1969,0,98092,47.2969,-122.189,2200,9408,339900.0,330117.37
4,3.0,1930,3031,1.0,0,0,3,7,1200,730,2006,0,98019,47.7457,-121.985,1930,2611,330675.0,349608.5
3,1.5,1950,15954,1.0,0,0,4,8,1950,0,1959,0,98003,47.336,-122.319,1940,12667,290000.0,279656.6
6,3.5,2400,8620,2.0,0,0,3,8,1640,760,1987,0,98034,47.7152,-122.162,1940,7350,435000.0,555334.5
4,1.5,1880,6200,1.0,0,2,5,8,1440,440,1954,0,98146,47.5035,-122.384,2070,6500,680000.0,534118.5
3,1.0,1010,9576,1.0,0,0,4,7,1010,0,1967,0,98001,47.2956,-122.272,1540,9576,201700.0,202853.99
3,2.5,2030,10958,2.0,0,0,3,8,2030,0,1983,0,98052,47.7251,-122.11,1960,10282,530000.0,517097.63
5,3.5,4200,5400,2.0,0,0,3,9,3140,1060,2012,0,98052,47.7077,-122.12,3300,5564,850000.0,937252.04
3,2.5,2090,10834,1.0,0,0,4,8,1360,730,1987,0,98003,47.3537,-122.303,1750,8595,285000.0,277196.36
4,1.75,1440,4300,1.5,0,0,4,8,1290,150,1929,0,98117,47.6846,-122.372,1640,5000,656000.0,591353.0
3,1.75,1410,16105,1.0,0,0,3,7,1410,0,1982,0,98014,47.6927,-121.913,1550,18615,307000.0,338866.63
4,3.0,4040,19700,2.0,0,0,3,11,4040,0,1987,0,98052,47.7205,-122.127,3930,21887,988000.0,1066426.6666666667
3,2.5,2710,6174,2.0,0,0,3,9,2710,0,1998,0,98056,47.512,-122.174,2730,7266,564450.0,543819.21
2,1.0,1290,2482,2.0,0,0,3,7,1290,0,2008,0,98053,47.6972,-122.025,1290,2482,300000.0,295190.0
4,2.5,2340,19850,2.0,0,0,3,9,2340,0,1993,0,98155,47.7672,-122.306,1930,15439,539000.0,550821.98
3,2.75,1990,19991,1.0,0,0,3,7,1340,650,1977,0,98072,47.7434,-122.106,1750,9775,335000.0,425347.0
3,2.25,2980,7700,1.0,0,0,3,9,2530,450,1964,0,98112,47.6336,-122.29,3020,8234,1225000.0,1242447.2
2,1.0,940,7700,1.0,0,0,4,6,940,0,1916,0,98133,47.7067,-122.354,1290,7375,329000.0,348453.0
3,1.75,1660,5750,1.0,0,0,4,7,1080,580,1909,0,98116,47.5843,-122.385,2060,5560,680000.0,613465.0766666667
3,2.5,2210,5750,2.0,0,0,3,7,1710,500,1914,2000,98106,47.5525,-122.366,1350,5750,426000.0,450697.5
3,2.25,2070,7207,1.0,0,0,3,8,1720,350,1973,0,98177,47.7735,-122.371,2350,7980,535100.0,501412.5
4,2.0,2100,8160,1.0,0,0,3,7,1200,900,1959,0,98106,47.5145,-122.365,1140,8160,283000.0,400598.0
3,1.5,1560,7300,1.0,0,0,4,7,1040,520,1964,0,98001,47.3427,-122.281,1460,7910,224000.0,221608.74
4,3.5,3850,8100,2.0,0,1,3,11,2430,1420,1995,0,98033,47.6855,-122.19,2620,9346,1060000.0,1200721.83
3,1.75,1840,4030,1.0,0,0,5,7,1050,790,1925,0,98108,47.5549,-122.311,1840,5040,457500.0,474809.25
5,3.5,3700,5400,2.0,0,0,3,9,2890,810,2011,0,98053,47.7085,-122.117,3620,5460,830000.0,858975.07
3,1.75,1600,8400,1.0,0,0,5,8,1600,0,1963,0,98006,47.5479,-122.179,2210,8400,480000.0,544422.0
2,1.0,1060,6050,1.0,0,0,3,7,940,120,1939,0,98125,47.7028,-122.321,1540,5279,325000.0,378084.24
4,2.75,2790,5000,2.0,0,0,3,8,2790,0,2014,0,98045,47.4831,-121.773,2620,5527,484259.0,494620.04
4,2.25,2470,7800,1.0,0,0,3,8,1470,1000,1975,0,98052,47.6913,-122.115,2050,8050,515000.0,591180.28
2,1.0,1410,4500,1.0,0,0,3,7,1020,390,1939,0,98117,47.6883,-122.384,1300,4500,600000.0,489032.91666666674
3,1.0,1080,10200,1.0,0,0,4,7,1080,0,1962,0,98023,47.3215,-122.351,1230,10400,207000.0,191949.0
2,1.0,840,11600,1.0,0,0,3,6,840,0,1952,0,98168,47.492,-122.302,1610,9120,187000.0,189131.67095238098
3,1.0,1240,9300,1.0,0,0,3,7,1240,0,1954,0,98148,47.4363,-122.333,1250,9300,290000.0,234226.99
4,2.5,2840,11044,2.0,0,0,3,8,2840,0,2001,0,98034,47.7134,-122.237,1934,9605,585000.0,658365.5
4,2.25,3070,8400,2.0,0,0,4,8,3070,0,1970,0,98034,47.7316,-122.169,1880,8000,600000.0,533416.4
4,2.25,1950,7700,1.0,0,0,3,8,1350,600,1979,0,98058,47.4441,-122.125,2150,7350,305000.0,334826.58
4,1.0,1130,8308,1.5,0,0,4,6,1130,0,1944,0,98166,47.4669,-122.355,1130,8652,293000.0,240134.25
3,2.5,1620,5250,2.0,0,0,3,8,1620,0,1987,0,98003,47.3538,-122.301,1650,5250,240000.0,255859.78
3,1.0,1270,7500,1.0,0,0,3,6,1270,0,1954,0,98198,47.4214,-122.316,1250,8000,196900.0,200816.18333333332
5,6.5,7270,130017,2.0,0,0,3,12,6420,850,2010,0,98027,47.5371,-121.982,1800,44890,2238890.0,2193870.0
3,1.5,1430,12199,1.0,0,0,3,7,1130,300,1948,0,98133,47.7352,-122.33,1490,8196,350000.0,354885.41
2,1.0,820,4206,1.0,0,0,3,5,820,0,1949,0,98125,47.7076,-122.284,1810,7200,489950.0,429164.0
3,3.0,2470,7410,2.0,0,0,5,8,1860,610,1977,0,98117,47.6937,-122.392,2390,7800,811000.0,748152.72
3,1.75,1400,4000,1.0,0,0,3,7,870,530,1951,0,98117,47.6913,-122.381,1400,4000,510250.0,462883.82
3,1.0,1150,8848,1.0,0,0,3,7,1150,0,1968,0,98042,47.3626,-122.111,1220,9576,227500.0,194437.62190476194
2,1.0,800,6500,1.0,0,0,4,6,800,0,1953,0,98133,47.7621,-122.358,1220,7000,295000.0,288154.1
4,2.5,2990,5280,2.0,0,0,3,9,2210,780,2003,0,98027,47.5353,-122.066,2990,6299,760000.0,752422.01
4,4.25,4850,12445,2.0,1,4,5,10,3850,1000,1989,0,98034,47.7011,-122.244,3350,12210,3000000.0,2158290.0
4,2.75,2720,4000,1.5,0,2,5,8,1840,880,1928,0,98117,47.6797,-122.359,1600,4000,1062000.0,812821.43
3,2.5,2010,5200,2.0,0,0,3,8,2010,0,1989,0,98034,47.7142,-122.203,1860,4400,559000.0,501852.67
5,2.75,2930,31411,1.0,0,0,4,9,1520,1410,1975,0,98006,47.5576,-122.186,3070,12378,610000.0,870310.73
4,3.0,3700,20570,1.0,0,0,4,10,1850,1850,1976,0,98004,47.6212,-122.224,3080,17595,1728000.0,1454623.5
4,4.5,5270,12195,2.0,1,4,3,11,3400,1870,1979,0,98027,47.5696,-122.09,3390,9905,2600000.0,2825180.0
3,1.0,1520,9030,1.0,0,0,3,7,1520,0,1956,0,98007,47.587,-122.134,1470,8712,415000.0,505034.81
5,2.25,2500,13500,1.0,0,0,3,7,1850,650,1979,0,98072,47.7564,-122.144,2300,9750,467000.0,459388.5
3,2.5,2550,10355,2.0,0,0,3,9,2550,0,1990,0,98011,47.739,-122.203,2550,10084,547500.0,579552.0
3,1.75,1040,5650,1.0,0,0,5,6,1040,0,1951,0,98178,47.5111,-122.256,1290,5650,258000.0,255653.38
1,1.0,1050,7583,1.0,0,0,4,6,1050,0,1947,0,98133,47.7294,-122.341,1420,7560,210000.0,296387.6
3,1.5,1290,1286,3.0,0,0,3,7,1290,0,2000,0,98103,47.6617,-122.349,1720,1286,440000.0,512621.81
3,3.25,2200,2400,2.0,0,0,3,8,1740,460,1988,0,98119,47.6325,-122.371,2200,3600,605000.0,741758.66
3,2.0,1010,7896,1.0,0,0,3,7,1010,0,1984,0,98031,47.4046,-122.181,1540,7896,259950.0,213851.0
4,3.0,3280,11060,2.0,0,0,3,8,2270,1010,1986,0,98056,47.5399,-122.181,2320,11004,580000.0,740681.88
3,2.5,1600,2388,2.0,0,0,3,8,1600,0,2004,0,98027,47.5345,-122.069,1410,1287,400000.0,419597.71
4,2.75,3330,9143,2.0,0,0,4,10,3330,0,1995,0,98033,47.6821,-122.19,2390,9143,1095000.0,1008016.94
4,5.75,7220,223462,2.0,0,4,3,12,6220,1000,2000,0,98053,47.7097,-122.013,2680,7593,1940000.0,1809789.0
3,2.25,2080,111513,1.5,0,0,3,8,1680,400,1977,0,98072,47.7403,-122.112,2440,107157,450000.0,522663.5
4,5.5,7080,16573,2.0,0,0,3,12,5760,1320,2008,0,98039,47.6151,-122.224,3140,15996,4000000.0,3176398.5
3,1.0,840,6500,1.0,0,0,5,6,840,0,1969,0,98042,47.3637,-122.083,920,4680,203000.0,194712.45
4,2.75,3370,8103,1.0,0,3,3,9,1970,1400,1970,2014,98136,47.5232,-122.383,2120,6360,1135000.0,915544.64
4,4.5,5120,41327,2.0,0,0,3,10,3290,1830,2008,0,98053,47.7009,-122.059,3360,82764,1237500.0,1141682.8
1,1.0,1160,5000,2.0,0,0,3,7,1160,0,2000,0,98144,47.5883,-122.311,2060,5000,336000.0,445564.74
5,2.75,2670,3800,2.0,0,0,3,8,2670,0,2014,0,98059,47.4783,-122.123,2670,3800,494995.0,505789.54
4,2.5,2870,8995,1.0,0,0,5,8,1870,1000,1968,0,98006,47.5678,-122.128,2670,9672,710000.0,719771.5
2,1.0,1120,2000,1.5,0,0,3,7,1120,0,1910,0,98109,47.6454,-122.354,1500,4000,524000.0,554248.5
3,1.75,1410,9315,1.0,0,0,5,7,1410,0,1960,0,98031,47.3969,-122.198,1630,8250,255000.0,241271.21
4,1.5,2040,6900,2.0,0,0,3,9,2040,0,1903,0,98112,47.6188,-122.285,3150,8220,825000.0,1239730.5
2,1.0,1140,10404,1.0,0,0,3,5,1140,0,1935,0,98155,47.7497,-122.286,2200,11550,275000.0,332624.25
4,2.0,1630,9010,1.0,0,0,4,7,1050,580,1975,0,98092,47.317,-122.196,1670,7820,234000.0,231565.25
4,2.5,2500,7417,2.0,0,0,3,9,2500,0,1991,0,98074,47.6251,-122.026,2770,8188,640000.0,650744.0
4,2.75,3090,6600,1.0,0,2,3,9,1800,1290,1956,0,98199,47.6339,-122.396,2380,5000,1110000.0,1098339.2
2,1.5,950,4625,1.0,0,0,4,7,950,0,1949,0,98103,47.6912,-122.34,1440,4625,430000.0,432779.76
2,2.0,1420,5185,1.0,0,0,3,7,1420,0,2004,0,98038,47.3543,-122.022,2140,4890,335000.0,273023.21
3,2.25,1820,8446,2.0,0,0,3,8,1820,0,1978,0,98034,47.7208,-122.236,1850,8437,469000.0,465505.92
4,1.75,2320,4800,1.5,0,0,3,7,2170,150,1918,0,98117,47.6893,-122.365,1390,4800,555000.0,660661.24
5,3.0,2795,15101,2.0,0,0,3,8,2795,0,1996,0,98019,47.7301,-121.972,2750,14567,562000.0,533068.0
4,3.0,2160,5200,1.0,0,0,3,7,1320,840,1978,0,98042,47.3627,-122.091,1460,5144,228950.0,273997.06
3,1.75,1050,7854,1.0,0,0,4,7,1050,0,1975,0,98023,47.3011,-122.369,1360,7668,237500.0,184399.98
5,3.25,4260,7861,2.0,0,0,3,10,4260,0,2005,0,98074,47.611,-121.992,4020,7528,994000.0,978828.04
3,2.0,1700,8400,2.0,0,2,3,7,1700,0,1927,0,98033,47.6825,-122.19,1820,9000,616300.0,681893.755
3,1.75,1770,10125,2.0,0,0,3,7,1770,0,1944,1978,98133,47.7289,-122.353,1680,9825,487000.0,428802.11
5,2.75,3847,17654,1.0,0,2,5,9,2299,1548,1975,0,98003,47.3379,-122.322,2690,15344,810000.0,541282.9
3,2.5,2060,5750,1.0,0,0,3,7,1330,730,1976,0,98116,47.5671,-122.391,1920,5750,577000.0,539686.27
3,2.0,1960,6450,1.0,0,0,4,7,1000,960,1977,0,98038,47.3972,-122.029,1660,20720,422500.0,320827.0
3,1.0,1400,9450,1.0,0,0,4,7,1060,340,1955,0,98056,47.5051,-122.194,1400,8108,279000.0,272188.95
4,2.0,1650,4745,1.0,0,0,3,7,1130,520,1972,0,98034,47.7359,-122.18,1650,5184,435000.0,399408.5
4,2.5,1750,8476,1.0,0,0,4,7,1240,510,1983,0,98058,47.4447,-122.137,1660,7875,335000.0,316414.85
3,2.75,1820,52889,2.0,0,0,3,8,1820,0,1991,0,98070,47.501,-122.463,1820,45528,417000.0,473862.78
2,1.75,2140,5000,1.0,0,0,3,7,1000,1140,1930,1991,98112,47.6284,-122.291,2250,4000,675000.0,693754.25
3,2.5,1830,6162,2.0,0,0,3,8,1830,0,1994,0,98092,47.3291,-122.17,1860,7017,298900.0,274618.51
4,2.5,2320,6270,2.0,0,0,3,8,2320,0,2004,0,98042,47.3501,-122.14,2150,6270,325900.0,329721.6
2,1.75,1660,6000,1.0,0,0,3,7,1160,500,1942,0,98105,47.6624,-122.291,1660,4000,484000.0,600519.82
4,2.5,2303,3826,2.0,0,0,3,8,2303,0,2006,0,98092,47.3258,-122.165,2516,4500,300000.0,303809.7
4,2.25,3490,6906,2.0,0,0,4,10,2280,1210,1928,0,98199,47.6424,-122.407,2540,6223,1225000.0,1315260.0
4,2.5,2640,10720,2.0,0,0,3,8,2640,0,1999,0,98188,47.4485,-122.278,1680,10018,377500.0,393877.08
2,1.0,800,3330,1.0,0,0,3,7,800,0,1918,0,98107,47.6566,-122.358,1300,4320,373500.0,449995.0
3,2.5,2160,4000,1.5,0,0,3,8,1960,200,1903,2013,98122,47.6045,-122.307,2160,5120,640000.0,803712.5
4,2.5,3480,12164,1.5,0,0,4,11,3480,0,1984,0,98005,47.6404,-122.171,3960,16855,1190000.0,1164554.0166666666
4,2.5,1980,9757,2.0,0,0,5,7,1980,0,1995,0,98038,47.3675,-122.019,1610,6147,357000.0,295158.35
3,3.0,2630,4896,2.0,0,0,3,9,2630,0,2006,0,98052,47.6932,-122.133,2880,4972,738000.0,728738.85
3,2.25,1264,1536,2.0,0,0,3,8,1264,0,2003,0,98105,47.6694,-122.279,1264,2067,530000.0,507661.28
3,1.0,980,5600,1.0,0,0,2,6,980,0,1949,0,98106,47.5308,-122.361,1840,5302,215000.0,253547.82
5,2.25,2000,7900,1.0,0,0,4,7,1300,700,1986,0,98188,47.4291,-122.292,2000,9132,330000.0,318812.49
4,2.5,2301,6452,2.0,0,0,3,9,2301,0,2010,0,98001,47.346,-122.269,2650,6054,375500.0,386277.55
5,1.75,2850,11860,1.0,0,0,3,9,2850,0,1951,0,98155,47.7503,-122.28,2640,11604,750000.0,1044831.18
3,1.0,1010,5490,1.0,0,0,3,6,1010,0,1954,0,98168,47.4762,-122.293,1740,10658,145000.0,204789.87
3,1.0,1090,10114,1.0,0,0,4,7,1090,0,1955,0,98002,47.2975,-122.223,1380,7800,140000.0,188140.98
4,2.0,1740,6369,1.0,0,0,5,6,870,870,1954,0,98133,47.7461,-122.332,1560,7200,339999.0,358709.5
3,1.0,1120,8631,1.0,0,0,3,7,1120,0,1942,0,98125,47.7077,-122.314,1350,7714,311000.0,380777.0
2,1.0,1240,7590,1.0,0,0,4,7,1040,200,1939,0,98133,47.7061,-122.34,1190,5692,359950.0,364873.96
2,1.0,790,4000,1.0,0,0,3,6,790,0,1948,0,98115,47.6844,-122.289,990,5000,399000.0,391301.01
3,1.75,1960,8136,1.0,0,0,3,7,980,980,1948,0,98106,47.5208,-122.364,1070,7480,363000.0,355717.18
3,1.75,1790,6775,1.0,0,2,3,8,1790,0,1951,0,98126,47.5412,-122.377,1310,6028,485000.0,450067.75
4,1.0,1630,2566,1.5,0,0,3,7,1630,0,1921,0,98122,47.6183,-122.3,1220,2314,581000.0,568838.9
2,2.25,1510,7280,2.0,0,0,3,7,1510,0,1987,0,98074,47.6264,-122.058,1510,8120,442500.0,470030.88
4,2.5,2790,6538,2.0,0,0,3,9,2790,0,2003,0,98027,47.5349,-122.066,2990,6538,751000.0,737320.22
3,2.5,1520,1304,2.0,0,0,3,8,1180,340,2006,0,98136,47.5446,-122.385,1270,1718,438000.0,437892.7
4,3.25,3410,34939,2.0,0,0,4,9,2470,940,1992,0,98027,47.459,-122.003,2450,39045,585000.0,640717.48
2,2.5,1170,1811,2.0,0,0,3,8,1170,0,2001,0,98122,47.6132,-122.297,1250,3146,400000.0,423623.0
3,1.5,1750,12500,1.0,0,0,3,7,1150,600,1954,0,98024,47.5666,-121.902,1680,13000,315000.0,409753.41666666674
3,1.0,1400,8451,1.5,0,0,3,7,1400,0,1953,0,98133,47.7719,-122.337,1590,8433,348125.0,330651.7
3,1.75,1760,10780,1.0,0,0,3,8,1760,0,1977,0,98005,47.5938,-122.154,2090,10780,554000.0,551056.5
3,3.5,1570,1486,2.5,0,0,3,8,1330,240,2000,0,98199,47.652,-122.384,1610,1486,494000.0,496036.18
4,2.25,2730,7506,2.0,0,0,4,8,2730,0,1987,0,98058,47.4627,-122.152,2390,8015,435000.0,402339.48
3,1.75,1580,507038,1.0,0,2,4,7,1580,0,1985,0,98022,47.2303,-121.936,2040,210394,428000.0,410340.46
3,1.75,1120,7740,1.0,0,0,4,6,860,260,1948,0,98125,47.7107,-122.291,1240,7740,355000.0,381835.3
4,2.0,2340,9716,1.0,0,0,3,7,2340,0,2009,0,98146,47.4842,-122.347,1180,13500,385000.0,382407.7333333333
4,4.0,5610,11063,3.0,0,0,3,11,4750,860,2006,0,98074,47.65,-122.065,4560,11063,1583000.0,1279779.5
3,2.5,1750,1548,3.0,0,0,3,9,1750,0,2013,0,98118,47.5532,-122.282,1750,3960,495000.0,608693.5
4,2.25,2220,15232,1.0,0,0,3,9,1690,530,1978,0,98072,47.7449,-122.103,2110,15280,464000.0,597282.75
3,1.0,1910,8167,1.0,0,0,4,8,1270,640,1951,0,98117,47.7004,-122.368,1500,6816,588000.0,508060.7
3,2.25,1980,10115,1.0,0,0,3,8,1980,0,1959,0,98005,47.6384,-122.174,2800,10143,640000.0,656292.65
3,2.0,2160,8091,1.5,0,0,3,8,2160,0,2000,0,98003,47.3474,-122.303,2190,8297,355000.0,329639.33
2,1.0,1090,10481,1.0,0,0,2,7,780,310,1981,0,98074,47.632,-122.03,1160,10533,405000.0,329092.0
4,1.75,2240,7500,1.0,0,0,4,7,1120,1120,1956,0,98133,47.7466,-122.34,1440,7500,344950.0,402721.66666666674
3,1.75,1430,9750,1.0,0,0,5,7,1430,0,1962,0,98133,47.7441,-122.357,1630,9282,429950.0,367005.0
3,4.5,3970,24920,2.0,0,2,3,10,3260,710,1977,1999,98034,47.7183,-122.258,2610,13838,1450000.0,1185531.0
7,8.0,13540,307752,3.0,0,4,3,12,9410,4130,1999,0,98053,47.6675,-121.986,4850,217800,2280000.0,5398894.0
3,2.5,1730,8490,1.0,0,0,3,7,1210,520,1969,0,98034,47.7187,-122.219,1870,7400,460000.0,457732.5
3,1.75,1120,10187,1.0,0,0,3,7,1120,0,1968,0,98198,47.3694,-122.311,1900,8736,240415.0,225457.52500000002
3,1.75,1730,9334,1.0,0,0,3,8,1220,510,1977,0,98052,47.6478,-122.113,2020,10000,499990.0,514319.9
3,1.0,1050,9206,1.5,0,0,3,7,1050,0,1954,0,98125,47.7071,-122.301,1380,6384,360000.0,346389.38
4,3.0,2240,6000,1.5,0,0,4,8,1270,970,1914,0,98109,47.6369,-122.35,2240,4250,1190000.0,818505.88
4,2.25,1600,15312,1.0,0,0,4,7,1080,520,1979,0,98045,47.4629,-121.743,1620,12375,299500.0,319432.5
3,1.0,910,11117,1.0,0,0,3,7,910,0,1955,0,98003,47.3432,-122.309,1490,8416,128000.0,174157.8
5,4.0,4720,493534,2.0,0,0,5,9,3960,760,1975,0,98027,47.4536,-122.009,2160,219542,745000.0,1000666.4285714285
3,2.5,2410,7225,2.0,0,0,3,8,2410,0,1991,0,98125,47.7211,-122.31,1940,8347,614905.0,596087.26
4,2.75,2190,6740,2.0,0,0,3,7,2190,0,1995,0,98038,47.3804,-122.027,1950,7150,361500.0,336889.4
4,3.25,2885,33671,2.0,0,0,4,8,2885,0,1984,0,98027,47.5174,-122.046,1910,16000,605000.0,602668.3
3,1.5,1150,27319,1.0,0,0,4,6,1150,0,1976,0,98070,47.3933,-122.454,1700,30691,358000.0,282749.5
4,2.75,2200,13498,2.0,0,0,3,8,2200,0,1987,0,98023,47.3148,-122.35,2190,11850,345000.0,314603.67
4,4.25,4960,6000,2.5,0,0,3,11,3680,1280,1909,2003,98109,47.6437,-122.356,2160,4080,1425000.0,2146043.9
4,2.0,1440,7950,1.0,0,0,5,6,1440,0,1962,0,98058,47.4517,-122.082,1530,20037,225500.0,284321.59
3,1.0,1150,6000,1.5,0,0,3,7,1150,0,1927,0,98045,47.4963,-121.787,1210,7700,307000.0,267299.12
4,1.75,1420,5382,1.0,0,0,5,5,1040,380,1942,0,98056,47.4946,-122.187,1150,5382,240000.0,250397.78333333333
5,2.25,2510,9887,2.0,0,0,3,8,2510,0,1972,0,98040,47.5339,-122.223,2510,10006,955000.0,626434.66
3,1.75,1650,12940,1.0,0,0,4,7,1650,0,1961,0,98028,47.7629,-122.268,2830,12600,438000.0,423453.85
2,1.0,1300,12000,1.0,0,0,4,8,1300,0,1959,0,98004,47.6366,-122.229,2420,15000,700000.0,848220.0
4,3.25,2820,6611,1.0,0,0,3,7,1410,1410,1958,0,98155,47.7473,-122.285,2320,6611,485000.0,460614.3033333333
4,1.75,2090,12750,1.0,0,0,3,8,1360,730,1967,0,98166,47.4792,-122.357,2040,12300,290000.0,419916.5
2,1.75,2090,11317,1.0,0,0,5,7,1090,1000,1931,0,98188,47.4594,-122.279,1940,11317,275000.0,305987.04
3,2.5,1990,7577,2.0,0,0,3,7,1990,0,1990,0,98023,47.2908,-122.351,1900,7152,293000.0,266804.2
3,2.5,1600,1936,2.0,0,0,3,7,1600,0,2007,0,98108,47.5629,-122.297,1600,1936,395000.0,394745.84
4,2.25,4220,24186,1.0,0,0,3,8,2600,1620,1984,0,98166,47.445,-122.347,2410,30617,775000.0,525475.4
4,2.5,1890,7200,1.0,0,0,4,7,1500,390,1978,0,98034,47.7278,-122.218,2070,7200,506500.0,454437.73
3,3.25,2960,39370,2.0,0,0,3,10,2960,0,1989,0,98011,47.7452,-122.202,2960,56628,735000.0,810573.55
4,2.25,2770,9340,2.0,0,0,4,9,2770,0,1979,0,98027,47.5628,-122.081,3010,9340,825000.0,825243.86
2,1.0,950,4560,1.5,0,0,3,7,950,0,1925,0,98112,47.6288,-122.3,2040,4560,450000.0,519715.2
5,1.75,1880,18295,1.0,0,0,4,7,1880,0,1955,0,98005,47.6059,-122.154,2180,20674,618000.0,540903.0
5,2.75,3710,13874,1.5,0,3,4,9,2340,1370,1977,0,98006,47.5686,-122.154,3370,13874,1250000.0,1113344.44
4,3.25,5180,49936,2.0,0,0,4,10,5180,0,1991,0,98053,47.6676,-122.069,4240,35363,1237500.0,1237118.2
4,3.25,3820,15293,2.0,0,0,3,10,3820,0,2003,0,98074,47.6097,-122.017,2790,7142,950000.0,887694.99
3,2.5,2440,4244,2.0,0,0,3,8,2440,0,2011,0,98052,47.7057,-122.112,2690,4556,729000.0,698864.21
3,2.5,2100,17882,2.0,0,0,4,8,2100,0,1985,0,98059,47.4754,-122.119,2080,16686,505000.0,410196.5
4,1.75,3990,13470,2.0,0,0,3,11,3990,0,2006,0,98059,47.5305,-122.131,5790,13709,1200000.0,1209885.2
4,2.0,1580,9600,1.0,0,0,5,7,1050,530,1965,0,98198,47.4091,-122.313,1710,9600,300000.0,274290.32
3,2.5,2950,10254,2.0,0,0,3,9,2950,0,2006,0,98059,47.4888,-122.14,2800,9323,554950.0,496818.8
4,2.5,3140,32336,1.5,0,0,3,10,3140,0,1995,0,98072,47.7412,-122.087,2340,19965,712000.0,771283.2
4,3.75,7620,29536,2.0,0,3,3,11,5980,1640,2005,0,98006,47.5571,-122.14,2840,20809,1680000.0,2222596.5
4,3.5,2730,5707,2.0,0,0,3,8,2000,730,2011,0,98019,47.7327,-121.965,2430,5899,489500.0,471019.75
3,2.5,1510,10384,1.0,0,0,2,7,1030,480,1976,0,98077,47.758,-122.071,1490,10000,250000.0,317257.59
3,1.5,2390,32109,1.0,0,0,3,7,2390,0,1975,2007,98092,47.3028,-122.102,1370,32109,400000.0,445969.88
3,2.5,1820,8722,1.5,0,0,3,7,1820,0,1926,2008,98022,47.2137,-121.989,1480,12285,287000.0,284883.5
3,2.5,2230,5050,2.0,0,0,3,7,2230,0,2006,0,98042,47.3359,-122.055,2260,5050,333700.0,307186.7
3,1.75,1530,825,3.0,0,0,3,8,1530,0,2015,0,98144,47.5929,-122.308,1580,1915,500000.0,496647.5
4,3.5,3100,5600,2.0,0,0,3,9,3100,0,2005,0,98075,47.5968,-121.978,3080,5600,735000.0,738103.7
4,3.0,2050,4000,2.0,0,0,3,8,2050,0,2014,0,98001,47.3523,-122.275,2050,4000,353500.0,352977.99
4,2.75,2290,7000,2.0,0,0,3,8,2290,0,1977,0,98058,47.4442,-122.129,2000,7200,347500.0,353331.58
3,2.5,3060,9576,2.0,0,0,3,10,3060,0,2005,0,98004,47.5928,-122.199,3060,9579,1266520.0,1353877.0
4,2.75,2700,37011,2.0,0,0,3,9,2700,0,1984,0,98042,47.3496,-122.088,2700,37457,385000.0,428758.5
3,1.0,1160,9600,1.0,0,0,4,7,1160,0,1967,0,98077,47.7419,-122.073,1160,9730,330000.0,339127.5
2,1.0,1120,9912,1.0,0,0,4,6,1120,0,1980,0,98070,47.3735,-122.43,1540,9750,256500.0,259538.66666666663
3,1.75,1180,10541,1.0,0,0,4,7,940,240,1981,0,98074,47.6348,-122.032,1230,10879,385000.0,365210.8
4,2.25,2130,8640,1.0,0,0,3,7,1430,700,1969,0,98034,47.7087,-122.198,2120,8826,530000.0,536724.8100000002
4,2.5,2000,37045,2.0,0,0,3,8,2000,0,1989,0,98042,47.3398,-122.071,2390,36868,260000.0,392603.97
3,1.0,1260,7920,1.0,0,0,3,7,1260,0,1966,0,98003,47.3452,-122.308,1300,7920,240000.0,213033.16666666663
4,2.5,1980,7403,2.0,0,0,3,7,1980,0,1988,0,98023,47.2897,-122.372,1980,7510,243500.0,271025.15
3,3.75,3710,34412,2.0,0,0,3,10,2910,800,1978,0,98075,47.5888,-122.04,2390,34412,998000.0,815826.78
3,2.5,2300,3060,1.5,0,0,3,8,1510,790,1930,2002,98115,47.6827,-122.31,1590,3264,696000.0,723944.4
4,3.0,2600,29539,1.0,0,0,3,8,2600,0,1994,0,98028,47.746,-122.231,1810,11600,610000.0,540910.0
5,3.5,3600,9312,2.0,0,3,3,10,2680,920,2005,0,98052,47.6582,-122.122,3420,9860,817500.0,1005612.4666666667
2,2.5,1460,1296,2.0,0,0,3,8,1160,300,2008,0,98144,47.5923,-122.296,1460,1296,449000.0,458950.0
3,2.5,1630,7586,2.0,0,0,3,8,1630,0,1986,0,98029,47.5689,-122.023,2090,7330,475000.0,507853.5
5,1.75,1890,9600,1.0,0,0,4,7,1890,0,1960,0,98028,47.7391,-122.241,2350,5308,322968.0,433221.5
4,1.0,2410,6975,1.0,0,0,3,7,1510,900,1957,0,98108,47.5692,-122.295,1880,6255,325000.0,509525.69
3,2.25,1760,7023,2.0,0,0,3,7,1760,0,1995,0,98019,47.7468,-121.98,1760,7082,289200.0,370639.84
5,2.75,2820,4608,1.0,0,0,3,7,1450,1370,1967,0,98117,47.6886,-122.361,1620,3840,599000.0,634421.33
4,1.0,1220,11730,1.0,0,0,4,7,1220,0,1960,0,98001,47.3229,-122.283,1270,9520,199000.0,209294.75666666665
4,2.5,2900,21074,2.0,0,0,3,11,2900,0,1986,0,98199,47.6696,-122.416,3390,20000,1337500.0,1232329.78
4,1.5,2470,6000,1.5,0,0,3,7,1480,990,1940,0,98199,47.6365,-122.391,2140,4000,700000.0,725788.54
2,1.0,1060,5703,1.0,0,2,4,6,1060,0,1946,0,98198,47.3444,-122.327,2240,4416,325000.0,272202.5
3,2.0,1460,7930,1.0,0,0,3,7,1460,0,1989,0,98038,47.359,-122.049,1630,7930,258500.0,263441.03
3,2.5,1950,13227,2.0,0,0,4,9,1950,0,1978,0,98034,47.7217,-122.256,2650,12943,540000.0,656085.59
4,3.0,3580,9316,2.5,0,0,3,10,2370,1210,1991,0,98007,47.595,-122.133,2580,9242,711600.0,918970.27
3,1.0,1590,6240,1.0,0,0,3,7,1060,530,1956,0,98146,47.4936,-122.337,1410,6240,229000.0,261245.8333333333
3,1.0,1860,44431,1.0,0,0,4,6,1860,0,1947,0,98074,47.6057,-122.038,2000,44431,1052000.0,536483.1666666666
5,2.0,2450,9488,1.0,0,0,4,7,1240,1210,1900,1955,98133,47.7056,-122.34,1310,5693,550000.0,575558.96
1,1.0,530,6350,1.0,0,0,5,5,530,0,1941,0,98103,47.6946,-122.357,1200,6350,238000.0,325137.5
5,3.0,2480,10090,1.0,0,0,3,7,1300,1180,2004,0,98178,47.4964,-122.263,2290,9900,372500.0,367818.5
4,2.5,3620,42580,2.0,0,0,3,10,3620,0,1984,0,98052,47.7204,-122.115,2950,33167,900000.0,907502.2
3,3.0,3610,17483,2.0,0,2,4,8,3610,0,1954,0,98146,47.4852,-122.357,2230,12600,950000.0,575317.2
4,2.5,3000,9460,2.0,0,0,3,9,3000,0,2001,0,98031,47.3959,-122.211,3000,8450,430000.0,462606.7
3,1.5,880,6600,1.0,0,0,5,6,880,0,1945,0,98178,47.5002,-122.247,1020,6600,253000.0,212119.39
4,2.5,2220,6233,2.0,0,0,3,7,2220,0,2001,0,98059,47.4887,-122.15,2220,5352,291375.0,388437.0
3,1.0,1640,18144,1.5,0,0,3,6,1640,0,1942,0,98168,47.5027,-122.33,1500,9065,308000.0,248150.3
3,1.75,2240,8153,1.0,0,0,3,7,1120,1120,1948,0,98125,47.7303,-122.329,1710,8100,440000.0,410110.01
4,2.0,1510,4235,1.0,0,0,3,7,1510,0,1955,0,98108,47.546,-122.293,1510,4268,254000.0,312974.92666666664
4,1.5,2210,10497,1.0,0,0,4,8,1650,560,1953,0,98166,47.4321,-122.347,1840,12697,445500.0,434727.1
3,1.75,1190,14777,1.0,0,0,4,7,1190,0,1965,0,98023,47.2933,-122.377,2240,8325,195000.0,220902.55
4,1.75,1290,3060,2.0,0,0,4,7,1290,0,1906,0,98103,47.6798,-122.348,1510,4080,549000.0,561895.2
4,2.5,1880,7965,2.0,0,0,3,7,1880,0,2000,0,98038,47.3642,-122.052,1570,7584,324900.0,279794.97
6,2.5,2640,3680,2.0,0,0,5,8,1760,880,1922,0,98126,47.5771,-122.38,1960,3680,880000.0,703507.5
4,2.5,3180,10319,2.0,0,0,4,11,3180,0,1986,0,98040,47.5372,-122.232,3130,12120,1227500.0,1242353.5
3,2.5,1610,8064,1.0,0,2,4,7,1160,450,1981,0,98033,47.6818,-122.189,2260,8328,680000.0,651859.99
4,1.75,2330,4000,2.0,0,0,5,8,1300,1030,1924,0,98105,47.666,-122.289,2040,4000,840000.0,786848.03
4,2.0,1440,6702,1.0,0,0,4,7,1440,0,1966,0,98002,47.3056,-122.217,1030,6702,176250.0,217815.55
4,2.25,2020,5600,1.0,0,2,4,8,1210,810,1961,0,98115,47.6821,-122.267,2660,6050,810000.0,758278.87
5,2.0,2740,8230,1.5,0,0,3,7,2210,530,1962,0,98155,47.7352,-122.297,2130,8232,407500.0,442754.23
2,1.0,1110,6000,1.0,0,0,3,7,1010,100,1951,0,98118,47.5632,-122.282,1410,3500,585000.0,323466.72
3,1.0,1240,5750,1.0,0,0,4,6,1240,0,1948,0,98116,47.564,-122.398,1240,5750,425000.0,456402.1
3,2.5,1780,1729,2.0,0,0,3,8,1080,700,2008,0,98103,47.6594,-122.355,1780,1741,660000.0,630923.12
2,2.0,1170,1890,1.5,0,1,4,8,1170,0,1927,0,98119,47.6402,-122.371,2160,4000,613000.0,579321.01
2,1.0,1980,5000,1.0,0,0,4,7,1090,890,1923,0,98144,47.586,-122.295,1720,5000,496752.0,575554.9266666666
3,2.5,1650,4777,2.0,0,0,3,8,1650,0,2013,0,98065,47.5336,-121.841,1800,3331,424950.0,426769.52
2,1.0,1150,4400,1.0,0,0,4,7,1150,0,1905,0,98112,47.6226,-122.292,1240,4400,463000.0,521646.95
3,2.5,1070,1219,2.0,0,0,3,7,720,350,2004,0,98116,47.5618,-122.384,1070,1254,370000.0,343051.85
3,2.5,2680,327135,2.0,0,0,3,8,2680,0,1995,0,98010,47.3783,-122.003,2020,60080,630000.0,553615.06
4,2.25,1820,20349,1.0,0,0,5,8,1340,480,1977,0,98072,47.7415,-122.096,1270,12800,465000.0,431691.71
2,1.0,1840,4322,1.0,0,0,4,7,1160,680,1914,0,98144,47.5764,-122.289,1750,4322,513000.0,610469.1666666666
4,2.5,1850,8310,1.0,0,0,3,7,1200,650,1962,0,98155,47.7717,-122.29,1840,10080,383000.0,391984.8
4,2.25,2260,41984,1.0,0,0,4,9,2260,0,1967,0,98033,47.6622,-122.171,2650,37318,925000.0,898241.93
4,3.75,4410,8112,3.0,0,4,3,11,3570,840,2003,0,98116,47.5888,-122.392,2770,5750,1625000.0,1833832.4
4,1.75,1560,8700,1.0,0,0,4,7,1560,0,1967,0,98034,47.7274,-122.181,2080,8000,382500.0,438788.75
4,2.0,1710,7490,2.0,0,0,3,7,1320,390,1956,0,98166,47.4544,-122.357,1880,7704,353750.0,344774.7666666667
5,2.25,3510,13843,1.0,0,2,3,8,1850,1660,1959,0,98040,47.5817,-122.246,2680,8750,1370000.0,975536.3
2,1.0,1010,6180,1.0,0,0,3,6,1010,0,1903,0,98118,47.5532,-122.28,1560,6180,325000.0,298309.5
3,1.0,1770,12458,1.0,0,0,3,7,1770,0,1957,0,98155,47.7715,-122.27,2000,8225,340500.0,398535.0
4,1.75,1920,7700,2.0,0,0,4,7,1920,0,1970,0,98056,47.5381,-122.177,1310,7700,415000.0,448718.56
4,2.5,2810,11902,2.0,0,0,4,9,2810,0,1993,0,98059,47.5303,-122.143,2990,10754,747500.0,714140.17
4,2.5,2640,11816,2.0,0,0,3,8,2640,0,1999,0,98019,47.733,-121.968,2400,11816,570000.0,510702.0
2,1.75,1060,1202,2.0,0,0,3,7,760,300,2003,0,98136,47.5426,-122.388,1060,1493,335000.0,341904.98
5,1.0,1700,11727,1.5,0,0,4,7,1700,0,1954,0,98033,47.686,-122.172,1740,8212,539000.0,504155.5
3,2.5,1460,4961,1.0,0,0,4,8,1150,310,1988,0,98033,47.6955,-122.183,1550,5449,475000.0,466487.25
4,2.0,1570,9415,2.0,0,0,4,7,1570,0,1984,0,98092,47.3168,-122.174,1550,8978,235000.0,238497.24
3,2.75,1440,7350,1.0,0,0,4,7,1040,400,1980,0,98058,47.4431,-122.138,1510,7350,330490.0,285989.44
3,2.5,2220,6049,2.0,0,0,4,8,2220,0,1990,0,98031,47.3972,-122.182,1980,7226,325000.0,335341.59
3,3.5,3350,5025,2.0,0,2,3,8,2670,680,2014,0,98144,47.5699,-122.296,2030,5117,557500.0,840888.99
3,1.0,1440,2618,1.5,0,0,4,7,1440,0,1906,0,98103,47.6582,-122.336,1850,3990,705000.0,643643.67
4,2.5,2460,4425,2.0,0,0,3,8,2460,0,2006,0,98052,47.7048,-122.109,2990,5659,693000.0,711344.83
3,2.25,1050,572,2.0,0,0,3,7,740,310,2006,0,98106,47.5549,-122.363,1260,1062,250000.0,299397.81
4,1.75,2020,36400,1.0,0,0,4,8,1550,470,1976,0,98077,47.7627,-122.076,2520,38255,521000.0,505538.0
3,1.0,1370,4000,2.0,0,0,4,8,1370,0,1918,0,98105,47.6711,-122.324,1370,4000,593500.0,578083.51
2,2.25,1460,1623,2.0,0,0,3,8,1260,200,2005,0,98115,47.6764,-122.301,1460,1137,495000.0,521024.73
3,1.5,1180,7700,1.0,0,0,4,7,1180,0,1959,0,98007,47.6133,-122.133,1510,8800,390000.0,405356.55
4,3.25,3266,5969,2.0,0,0,3,8,3266,0,2014,0,98023,47.2975,-122.35,3087,5169,418000.0,421903.88
3,1.75,2000,36000,1.0,0,0,3,6,2000,0,1946,1995,98056,47.5217,-122.182,2100,9681,443950.0,363176.69
3,2.0,1260,2500,1.0,0,0,4,7,750,510,1987,0,98107,47.6748,-122.371,1710,5000,503000.0,497991.79
3,1.75,1810,5733,1.0,0,0,4,7,1010,800,1926,0,98116,47.5709,-122.388,1260,4680,515000.0,543912.45
3,2.5,1680,2096,2.0,0,0,3,8,1380,300,2008,0,98117,47.6904,-122.37,1360,2096,518000.0,482131.01
4,2.5,2050,5787,2.0,0,0,3,7,2050,0,2002,0,98198,47.3527,-122.315,2030,6615,256000.0,309843.76
2,1.75,1350,4003,1.0,0,0,3,8,1350,0,2004,0,98053,47.7176,-122.033,1350,4479,430000.0,415272.65
2,1.0,690,5280,1.0,0,0,4,5,690,0,1942,0,98056,47.4953,-122.187,1140,4860,139000.0,195545.9
3,1.75,1570,6500,1.0,0,0,3,7,920,650,1948,0,98116,47.565,-122.398,1570,5750,550000.0,511247.9
3,2.5,1920,144619,1.0,0,0,3,8,1920,0,2014,0,98022,47.2683,-121.946,2010,48787,465000.0,438623.06
4,2.5,2160,5455,2.0,0,0,3,7,2160,0,2003,0,98056,47.4799,-122.183,2160,5257,340000.0,361740.0
4,3.0,4060,35621,1.0,0,0,3,9,2030,2030,1989,0,98092,47.3059,-122.108,2950,35259,404000.0,611241.5
5,3.5,3160,5175,2.0,0,0,3,9,3160,0,2014,0,98011,47.755,-122.216,2100,9351,660000.0,720487.74
9,7.5,4050,6504,2.0,0,0,3,7,4050,0,1996,0,98144,47.5923,-122.301,1448,3866,450000.0,822646.97
4,1.0,1600,4300,1.5,0,0,4,7,1600,0,1916,0,98103,47.6648,-122.343,1610,4300,485000.0,620972.85
4,1.75,1710,7724,1.0,0,0,3,8,1710,0,1983,0,98155,47.7721,-122.293,1940,7724,430000.0,429008.0
4,3.5,4970,16582,2.0,0,3,4,11,3930,1040,1992,0,98006,47.5496,-122.12,3580,13335,1436000.0,1338701.2
2,2.5,1240,2689,2.0,0,0,3,7,1240,0,1986,0,98003,47.3236,-122.323,1430,3609,174500.0,195285.6
2,1.0,900,8580,1.0,0,0,3,5,900,0,1918,0,98168,47.4727,-122.27,2060,6533,83000.0,219586.48333333337
3,2.0,2050,9000,1.0,0,0,4,7,2050,0,1951,0,98040,47.5885,-122.245,2910,8856,713250.0,817147.0
4,1.75,1680,15084,1.0,0,0,4,7,840,840,1979,0,98014,47.6895,-121.912,1800,15092,340000.0,340051.0
3,1.0,1160,8320,1.0,0,0,4,7,1160,0,1959,0,98032,47.3831,-122.288,1480,7800,201500.0,205085.67
3,2.75,2100,20150,1.0,0,0,4,7,2100,0,1955,0,98034,47.7206,-122.248,2100,15500,530000.0,475978.97
2,1.0,870,8400,1.0,0,0,3,7,870,0,1960,0,98188,47.4493,-122.282,1070,12465,240000.0,204440.96666666667
3,1.75,1610,6205,1.0,0,0,4,7,1210,400,1979,0,98023,47.3004,-122.383,1780,8056,270000.0,222179.62
3,1.5,1900,9630,1.0,0,0,3,8,1900,0,1967,0,98023,47.3352,-122.344,2010,9630,230000.0,280100.67
4,1.75,1970,8390,1.0,0,0,3,7,1140,830,1955,0,98178,47.4861,-122.251,1710,10890,265000.0,264449.8666666667
4,1.5,1550,9176,1.0,0,0,3,7,1000,550,1956,0,98008,47.6005,-122.129,1730,8539,418000.0,483804.19
4,2.0,1710,9996,1.0,0,0,3,7,1710,0,1950,0,98108,47.5472,-122.3,1550,6768,380000.0,352909.94
4,3.0,2090,5102,1.0,0,0,3,7,1350,740,1994,0,98106,47.5427,-122.356,2090,5102,385000.0,375522.27
3,2.5,1350,886,3.0,0,0,3,8,1270,80,2006,0,98136,47.5491,-122.387,1350,886,377500.0,392173.4
4,2.5,1520,3370,2.0,0,0,3,8,1520,0,1994,0,98029,47.5696,-122.004,1860,4486,517500.0,496751.2
3,1.75,1320,2500,1.0,0,0,3,7,870,450,1918,0,98105,47.6681,-122.305,1580,2750,530000.0,490417.5
2,1.0,1370,10038,1.5,0,0,4,7,1370,0,1922,0,98133,47.719,-122.339,1610,8822,547000.0,384250.5
3,1.0,1050,6002,1.0,0,0,3,7,840,210,1941,0,98115,47.6988,-122.316,1180,6003,414500.0,420734.53
3,1.0,960,10181,1.0,0,0,3,7,960,0,1961,0,98034,47.7231,-122.229,1740,10194,322000.0,333092.64
2,1.75,1390,4160,1.0,0,0,5,6,790,600,1916,0,98105,47.6681,-122.324,1090,4160,460000.0,500053.0
3,1.0,1560,3825,1.5,0,0,3,8,1390,170,1930,0,98117,47.6803,-122.387,1700,5100,900000.0,593433.81
3,1.5,1380,6657,2.0,0,0,3,7,1380,0,1986,0,98034,47.7085,-122.217,1420,8187,455000.0,383272.0
4,2.5,3070,8086,2.0,0,0,3,10,3070,0,2005,0,98059,47.5399,-122.16,3320,10738,804100.0,811087.16
4,4.0,4050,9517,2.0,0,0,3,11,3360,690,1990,0,98040,47.5769,-122.215,3330,9436,1195000.0,1646115.26
3,3.75,2050,6000,2.0,0,0,5,7,1550,500,1910,0,98103,47.6873,-122.332,1780,4000,645000.0,655567.36
3,1.5,1970,10080,1.0,0,0,3,7,1970,0,1966,0,98168,47.4703,-122.276,2240,10080,406500.0,311929.99999999994
4,1.0,1660,4704,1.5,0,0,3,7,1260,400,1930,0,98115,47.6918,-122.32,1360,5413,548800.0,468390.945
4,1.75,1450,8891,1.5,0,0,3,7,1180,270,1962,0,98168,47.478,-122.278,1450,9013,235000.0,252849.0
3,1.0,1030,9916,1.0,0,0,4,7,1030,0,1972,0,98034,47.7218,-122.176,1470,9044,299950.0,343221.54
3,2.0,1610,3600,2.0,0,2,5,8,1610,0,1925,0,98144,47.5969,-122.293,2540,6600,735000.0,832701.22
3,1.75,1990,6500,1.0,0,0,3,7,1090,900,1961,0,98055,47.488,-122.221,2150,6500,285000.0,310955.9
3,1.75,1230,12000,1.0,0,0,3,6,1230,0,1970,0,98001,47.2878,-122.251,1550,12000,179900.0,212794.89
3,2.0,1740,3600,1.0,0,0,5,7,990,750,1923,0,98119,47.6448,-122.358,1250,3600,677915.0,632886.81
3,1.5,1420,7480,1.0,0,0,4,7,1420,0,1963,0,98058,47.4651,-122.184,1720,7700,255000.0,259828.91666666663
5,1.0,2550,4623,2.5,0,0,4,9,2550,0,1905,0,98122,47.6092,-122.294,1570,3875,847000.0,881832.88
2,1.0,780,6727,1.0,0,0,3,6,780,0,1939,0,98168,47.4733,-122.281,1860,10124,221900.0,169691.21666666667
4,2.5,2690,6099,2.0,0,0,3,9,2690,0,1998,0,98092,47.3314,-122.171,2520,6168,340000.0,359584.5
4,2.5,2900,4762,2.0,0,0,3,8,2900,0,2005,0,98042,47.3663,-122.129,2900,5173,354000.0,354581.0
2,1.0,2160,7439,1.0,0,0,4,6,1300,860,1953,0,98115,47.6981,-122.286,1680,7439,625500.0,498536.0
3,2.5,2730,7372,2.0,0,0,3,9,2730,0,1998,0,98023,47.2831,-122.346,2710,8343,350000.0,374282.89
3,2.5,2250,5692,2.0,0,0,3,8,2250,0,2000,0,98146,47.5133,-122.379,1320,5390,445838.0,529485.2
3,1.0,1250,10744,1.0,0,0,3,6,1250,0,1942,0,98198,47.4226,-122.327,1500,10710,275000.0,234019.07
4,3.0,4260,18000,2.0,0,2,3,11,4260,0,2000,0,98040,47.5355,-122.24,3540,17015,2000000.0,1807973.6
4,2.5,2961,12146,2.0,0,0,3,9,2961,0,1998,0,98075,47.5839,-122.052,2620,17749,695000.0,735341.29
3,1.5,2230,9120,1.0,0,0,3,7,1390,840,1959,0,98146,47.5008,-122.358,1420,8450,333500.0,362744.36
4,4.0,5320,20041,2.0,0,0,3,11,5320,0,2003,0,98075,47.5852,-121.966,4640,17268,1062500.0,1336862.0
3,1.75,1700,6500,1.0,0,0,3,8,1700,0,1967,0,98115,47.6837,-122.284,1880,6000,559000.0,653181.64
3,1.75,1340,6250,1.0,0,0,4,7,1090,250,1941,0,98136,47.5427,-122.386,1550,1755,499950.0,439178.55
4,3.0,2460,9606,1.0,0,0,3,8,2460,0,2012,0,98168,47.4889,-122.317,1730,7500,280000.0,413090.71
4,2.5,2230,8560,2.0,0,0,3,8,2230,0,2002,0,98059,47.4877,-122.143,2400,7756,500000.0,426927.55
3,2.0,1820,1357,3.0,0,0,3,9,1820,0,2014,0,98126,47.5432,-122.376,1710,1372,469950.0,528562.5
4,2.75,4250,10925,2.0,0,0,3,10,4250,0,2003,0,98059,47.5297,-122.14,4650,11544,1208000.0,1057127.84
5,2.75,2910,53898,1.0,0,0,5,7,1510,1400,1979,0,98077,47.7201,-122.062,3210,216928,600000.0,589532.5
3,1.0,950,5214,1.0,0,0,3,7,830,120,1944,0,98126,47.5362,-122.379,1490,7636,333000.0,356870.76
3,2.5,2030,217805,1.0,0,0,3,9,2030,0,1999,0,98070,47.3942,-122.515,1870,109468,565000.0,612802.0
3,1.75,1290,10117,1.0,0,0,3,7,1290,0,1984,0,98072,47.7598,-122.146,1770,11839,370000.0,345227.39
2,1.75,1550,9230,1.0,0,0,3,6,970,580,1969,0,98045,47.4701,-121.744,1550,10856,349900.0,305727.82666666666
3,3.0,2360,2750,2.0,0,1,3,7,1780,580,1983,0,98125,47.7142,-122.281,1970,5800,498000.0,496021.97
3,2.5,1880,3054,2.0,0,0,3,8,1880,0,1988,0,98007,47.6091,-122.147,1840,3815,541900.0,518676.82
3,1.0,1320,11090,1.0,0,0,3,7,1320,0,1955,0,98155,47.7748,-122.304,1320,8319,275000.0,328963.2
3,1.5,1120,8250,1.0,0,0,4,7,1120,0,1957,0,98056,47.4905,-122.179,1320,8400,266000.0,262419.55
4,2.75,2920,4500,2.0,0,0,3,9,2920,0,1999,0,98006,47.5646,-122.124,2920,4505,730000.0,829860.69
4,2.25,2380,7400,1.0,0,0,4,8,1760,620,1979,0,98042,47.3555,-122.149,1940,7400,319000.0,315718.92
4,2.0,1890,4500,1.5,0,0,3,7,1490,400,1907,1993,98103,47.6684,-122.356,1640,4010,805000.0,605388.91
2,1.5,1960,6000,1.0,0,0,3,8,1210,750,1951,0,98103,47.6849,-122.333,2060,6000,680200.0,661115.56
3,1.75,2240,5657,1.5,0,2,4,8,1910,330,1941,0,98105,47.6621,-122.27,2970,5657,1265000.0,970171.01
3,2.5,3580,54450,1.5,0,0,3,9,3580,0,1990,0,98038,47.4026,-122.033,3090,35943,725000.0,629937.38
2,2.0,2930,14057,1.0,0,2,4,8,1680,1250,1980,0,98070,47.4025,-122.463,2234,61011,545000.0,503331.4
4,1.75,1980,10800,1.0,0,0,5,6,990,990,1948,0,98040,47.5768,-122.222,2180,10800,711000.0,656646.25
4,2.25,2090,8579,2.0,0,0,3,8,2090,0,1987,0,98074,47.6364,-122.03,1850,8843,546200.0,545688.64
5,2.5,1760,10200,1.5,0,0,3,6,1760,0,1925,0,98106,47.5271,-122.351,1370,7620,220000.0,336728.6
4,1.0,1820,5400,1.5,0,0,3,8,1820,0,1923,2014,98102,47.6476,-122.318,1820,5400,1010000.0,795264.74
2,1.0,820,8423,1.0,0,2,3,6,820,0,1957,0,98055,47.4741,-122.2,1960,9140,265000.0,261164.6625
3,1.5,1600,9072,1.0,0,0,4,7,1600,0,1963,0,98030,47.3737,-122.216,1710,8000,267500.0,248198.1
4,2.5,3236,9608,2.0,0,0,3,10,3236,0,2005,0,98030,47.3838,-122.195,3236,9660,450000.0,505498.48
2,1.5,960,1000,2.0,0,0,3,8,920,40,2008,0,98103,47.6489,-122.335,1200,1297,450000.0,433012.8
4,2.0,2560,9390,1.0,0,0,5,8,1280,1280,1957,0,98133,47.7169,-122.329,1830,8169,552625.0,536785.47
4,2.5,3830,13800,1.0,0,4,4,9,2030,1800,1969,0,98006,47.5671,-122.157,3460,9875,1100000.0,1305480.5
3,1.0,1650,5102,1.0,0,0,4,8,1300,350,1953,0,98199,47.6524,-122.404,1440,5102,665000.0,609997.33
3,1.75,2090,7667,1.0,0,2,3,7,1200,890,1952,0,98115,47.7007,-122.312,1480,7666,489000.0,546646.5
4,3.5,4300,108865,2.0,0,0,3,11,4300,0,2014,0,98074,47.6258,-122.005,4650,107498,1450000.0,1310691.5666666667
4,2.0,3740,32417,2.0,0,0,3,9,3740,0,2000,0,98053,47.6728,-122.012,3180,32417,860000.0,877739.9
4,2.25,4070,23321,2.0,0,0,4,10,4070,0,1968,0,98040,47.5563,-122.219,2820,10871,993500.0,1546718.82
3,2.5,3136,54450,1.5,0,0,5,8,3136,0,1910,0,98070,47.3999,-122.472,2300,54450,665000.0,506555.5
3,2.0,1650,7352,1.0,0,0,3,7,1160,490,1979,0,98058,47.4612,-122.169,1710,7350,252350.0,297082.635
3,2.5,1660,7388,2.0,0,0,3,7,1660,0,2003,0,98038,47.3865,-122.027,2240,6228,279000.0,312584.1666666666
3,1.5,1860,60960,1.0,0,0,4,7,1140,720,1967,0,98042,47.3796,-122.102,2170,82764,291000.0,356104.03
3,1.0,680,2400,1.0,0,0,4,6,680,0,1903,0,98144,47.5982,-122.299,1470,3600,230000.0,315473.6
4,1.0,1200,11111,1.5,0,0,3,7,1200,0,1949,0,98155,47.7529,-122.306,1350,9113,282000.0,333930.0
4,3.0,3680,5854,1.0,0,3,3,10,2060,1620,1967,0,98199,47.6327,-122.395,3140,5000,980000.0,1377250.88
3,1.0,930,5160,1.5,0,0,5,6,930,0,1919,0,98106,47.5256,-122.357,1060,5160,300000.0,270909.1666666666
4,1.75,1990,7194,1.0,0,0,4,8,1400,590,1978,0,98058,47.4417,-122.135,1820,7400,328000.0,328206.5
6,3.25,2120,6893,1.0,0,0,4,7,1060,1060,1983,0,98106,47.5508,-122.355,1380,6986,330000.0,392867.27
3,2.25,2180,9865,1.0,0,0,4,8,1660,520,1966,0,98040,47.5358,-122.235,2600,10034,910000.0,770575.04
3,2.0,2190,19800,1.0,0,0,3,7,2190,0,1994,0,98146,47.5106,-122.365,1640,9719,464950.0,448918.28
4,2.5,3640,10576,2.0,0,0,3,11,3640,0,1999,0,98075,47.5899,-121.979,3370,10351,913000.0,902876.82
3,1.0,1340,5175,1.0,0,0,3,7,940,400,1987,0,98133,47.7321,-122.34,1020,5500,320000.0,349003.36
3,2.25,2160,9540,2.0,0,0,3,8,2160,0,1979,0,98028,47.7668,-122.243,1720,12593,402500.0,450144.47
2,2.0,1170,8251,1.0,0,0,3,7,1170,0,1941,0,98115,47.6873,-122.291,1360,6798,393820.0,533532.03
5,1.75,2020,7902,1.0,0,0,3,7,1220,800,1962,0,98168,47.51,-122.327,2220,8819,245000.0,309263.78
4,1.75,1570,7650,1.0,0,0,3,7,1100,470,1975,0,98052,47.6801,-122.106,1580,7650,430000.0,511521.11
4,4.0,5635,9695,2.0,0,3,3,10,4360,1275,2011,0,98003,47.3389,-122.334,3726,9765,950000.0,919501.76
3,2.5,1509,1418,3.0,0,0,3,8,1509,0,2014,0,98133,47.7047,-122.34,1509,1991,410000.0,405709.0
3,1.0,1140,7560,1.0,0,0,4,6,1140,0,1958,0,98058,47.4624,-122.185,1300,7560,218000.0,229560.0
2,1.0,740,4459,1.0,0,2,3,5,740,0,1915,0,98116,47.5704,-122.409,1490,4700,295000.0,391145.08
4,2.0,1600,12500,1.0,0,0,5,7,1600,0,1938,0,98166,47.4713,-122.355,1260,8306,356000.0,329027.3
4,1.0,1550,4750,1.5,0,0,3,7,1550,0,1919,0,98117,47.6824,-122.389,1320,4750,533000.0,594633.0
3,2.5,1340,10018,1.0,0,0,4,7,1340,0,1976,0,98052,47.6366,-122.094,2520,13068,425000.0,414548.28
4,3.5,3720,13591,2.0,0,3,3,10,3720,0,2004,0,98065,47.536,-121.858,4210,14282,760000.0,908382.6
4,3.25,2330,9687,2.0,0,3,3,9,2330,0,1918,0,98112,47.6264,-122.283,3880,9017,1300000.0,1500356.5
2,1.0,990,4332,1.0,0,0,3,7,990,0,1909,0,98103,47.6528,-122.331,1920,3420,620000.0,603389.0
4,2.5,2980,4930,2.0,0,0,3,9,2890,90,2000,0,98006,47.5445,-122.12,2980,6099,750000.0,803146.48
2,1.0,1280,21750,1.5,0,0,5,6,1280,0,1912,0,98001,47.3096,-122.241,1520,21750,170000.0,249269.23
2,1.0,1110,3200,1.0,0,0,3,7,1110,0,1925,0,98119,47.6338,-122.358,1170,3600,665000.0,551103.5
4,2.5,2568,5000,2.0,0,0,3,9,2568,0,2014,0,98092,47.2596,-122.194,2547,4500,425996.0,398189.05
4,2.5,2000,5390,2.0,0,0,3,7,2000,0,2003,0,98042,47.3732,-122.129,2330,5390,284000.0,300393.2
3,1.75,2010,6150,2.0,0,0,5,7,2010,0,1939,0,98178,47.4975,-122.231,1770,7380,350000.0,285546.4
4,2.5,1860,8709,2.0,0,0,3,8,1860,0,1994,0,98092,47.3289,-122.17,1990,6825,292500.0,289202.05
2,1.0,1190,3400,1.0,0,0,4,7,990,200,1917,0,98118,47.5539,-122.268,1180,4000,440000.0,395360.36
2,2.5,1830,8107,1.0,0,0,5,7,930,900,1946,0,98125,47.701,-122.305,1260,6960,460000.0,478849.82
3,2.0,2350,5080,1.5,0,0,3,8,1780,570,1929,0,98118,47.5516,-122.263,1700,5080,568000.0,602725.9
3,1.0,1240,5200,1.0,0,0,3,6,1240,0,1969,0,98042,47.3701,-122.079,870,5200,150000.0,193652.61
2,1.0,700,8301,1.0,0,0,3,6,700,0,1953,0,98155,47.7712,-122.323,1250,8304,248000.0,253963.0
3,1.75,1790,9860,1.0,0,0,4,7,1410,380,1978,0,98052,47.6989,-122.12,1820,9555,539000.0,510841.5
3,1.75,2060,12558,1.0,0,0,4,7,1350,710,1984,0,98052,47.6659,-122.144,1850,8722,625000.0,526825.88
4,3.5,3770,37034,2.0,0,0,3,10,2830,940,1989,0,98007,47.6463,-122.151,3200,36342,1229000.0,985178.4
4,2.0,2160,4800,2.0,0,0,4,7,1290,870,1929,0,98055,47.4777,-122.212,1570,4800,324950.0,335037.85
4,2.25,2380,122038,2.0,0,0,4,8,2380,0,1984,0,98022,47.2624,-122.015,2030,48000,330000.0,448677.5
4,2.5,2120,6754,2.0,0,0,3,7,2120,0,1998,0,98030,47.3629,-122.184,2120,6937,275000.0,309337.75
3,2.5,2040,4348,2.0,0,0,4,8,2040,0,2006,0,98038,47.3517,-121.999,2380,4348,346950.0,279104.29
4,2.5,2210,49375,1.0,0,0,3,8,2210,0,1997,0,98038,47.3828,-122.071,2670,49385,455000.0,428382.5
4,2.75,2950,15540,1.0,0,0,4,8,2120,830,1974,0,98042,47.3845,-122.152,2840,17136,402000.0,405368.5
3,2.5,1320,1683,2.0,0,0,3,8,1270,50,2004,0,98106,47.5357,-122.365,1320,2206,369000.0,331249.09
3,1.0,940,7590,1.0,0,0,4,6,940,0,1959,0,98008,47.6231,-122.12,1250,7590,435000.0,354364.05
2,1.0,910,4000,1.0,0,0,3,7,910,0,1918,0,98136,47.5427,-122.388,1060,1346,400000.0,400228.35
4,4.0,3530,10935,2.0,0,0,3,10,3530,0,1992,0,98023,47.3016,-122.342,3360,11250,510000.0,480888.45
3,2.5,1690,3026,2.0,0,0,3,7,1690,0,2002,0,98053,47.6885,-122.043,1650,3161,461000.0,454069.5
3,2.5,1640,29970,2.0,0,0,3,7,1640,0,1992,0,98053,47.6359,-121.974,1580,28399,463000.0,436062.0
4,2.25,2270,9464,1.5,0,0,4,7,1520,750,1940,0,98146,47.5007,-122.359,1770,9464,479000.0,381486.7
4,1.0,1330,8184,1.5,0,0,3,7,1330,0,1949,0,98133,47.7343,-122.347,1220,660,290000.0,323467.3
3,1.75,2430,9133,1.0,0,0,4,7,1410,1020,1978,0,98059,47.5116,-122.157,1980,9592,335000.0,381945.45
2,1.75,2120,7680,1.0,0,0,5,6,1130,990,1948,0,98126,47.5304,-122.374,1220,7680,530000.0,431110.6
3,2.5,2480,8676,2.0,0,0,4,8,2480,0,1989,0,98056,47.53,-122.172,2540,9496,555000.0,545525.38
3,1.75,1500,7367,1.0,0,0,3,8,1500,0,1974,0,98033,47.6722,-122.167,1920,7579,529000.0,523737.71
3,3.5,3650,103672,1.0,0,0,3,10,2050,1600,2011,0,98031,47.4002,-122.217,2550,16140,680000.0,702344.83
4,2.5,2080,17532,2.0,0,0,3,9,2080,0,1996,0,98059,47.4835,-122.136,2550,12560,460000.0,496265.81
3,1.0,1340,13750,1.0,0,0,4,7,1340,0,1955,0,98006,47.5771,-122.151,1430,11400,479000.0,450705.0
2,1.75,1270,1916,2.0,0,0,3,8,1270,0,2012,0,98108,47.5648,-122.294,1140,1916,340000.0,310812.19
4,1.0,1980,7015,1.0,0,0,3,7,1260,720,1973,0,98034,47.7204,-122.18,1570,7626,524000.0,422257.6
4,2.0,1820,9450,1.0,0,0,3,7,1100,720,1962,0,98155,47.7607,-122.329,1540,9450,330000.0,373554.88
2,1.75,2040,114562,1.0,0,0,4,7,2040,0,1968,0,98027,47.4985,-122.092,1850,94960,499000.0,439245.8
3,2.0,1750,7000,1.0,0,0,3,8,1750,0,1993,0,98038,47.3693,-122.041,1840,6969,363000.0,330307.25
4,2.5,2880,7386,2.0,0,0,4,9,2880,0,1987,0,98058,47.4397,-122.15,2420,7663,440000.0,433442.5
3,2.5,2480,6600,2.0,0,0,3,8,2480,0,2002,0,98053,47.6313,-122.008,2310,6656,583800.0,633289.0
2,1.0,760,4000,1.5,0,0,3,6,760,0,1910,0,98108,47.5462,-122.32,1130,4000,380000.0,282455.12
5,2.5,2250,7945,1.0,0,0,4,7,1360,890,1977,0,98034,47.7316,-122.221,1820,7866,446950.0,439667.5
2,1.0,1640,5515,1.0,0,0,4,7,940,700,1926,0,98103,47.6912,-122.334,2054,5515,577500.0,561882.14
3,2.5,2670,5000,2.0,0,3,5,9,2000,670,1942,1995,98144,47.5855,-122.292,2320,5000,1165000.0,1025457.1675
2,1.0,770,7554,1.0,0,0,3,6,770,0,1946,0,98177,47.7057,-122.36,1390,7500,385000.0,321460.72
3,2.5,2640,5964,2.0,0,0,3,9,2640,0,2003,0,98052,47.7043,-122.128,2680,5211,678000.0,708404.07
4,2.5,2810,6481,2.0,0,0,3,9,2810,0,1998,0,98092,47.333,-122.172,2660,6958,340000.0,377743.71
3,2.5,1600,7936,2.0,0,0,3,7,1600,0,1996,0,98038,47.3673,-122.017,1830,7936,280000.0,303600.68666666665
3,1.75,1300,958,2.0,0,0,3,7,840,460,2011,0,98108,47.5677,-122.314,1340,1254,330000.0,308871.75
4,2.25,2160,8817,1.0,0,0,3,7,1460,700,1965,0,98133,47.7595,-122.356,1880,8817,335000.0,469031.0
2,1.0,1570,4704,1.5,0,1,3,8,1570,0,1931,0,98136,47.5256,-122.392,1820,4704,502000.0,583208.5
4,2.5,2210,9427,2.0,0,0,3,7,2210,0,1999,0,98148,47.4323,-122.327,1770,8770,375000.0,338964.5
3,1.0,1440,3060,1.5,0,0,4,7,1440,0,1910,0,98115,47.6769,-122.307,1440,3570,567500.0,528826.81
2,1.0,880,2400,1.0,0,0,3,6,760,120,1918,0,98118,47.5643,-122.275,1180,6300,376000.0,291892.52
4,2.5,2270,5000,2.0,0,0,3,9,2270,0,2014,0,98117,47.6916,-122.37,1210,5000,812000.0,731664.25
4,2.5,2230,64438,1.0,0,0,4,7,1230,1000,1978,0,98027,47.4754,-122.007,2230,71002,464950.0,442352.5
3,2.0,1570,6300,1.0,0,0,3,7,820,750,1953,2005,98118,47.5565,-122.275,1510,4281,468000.0,488085.06
2,1.0,720,4920,1.0,0,0,3,6,720,0,1941,0,98126,47.5352,-122.371,670,4920,314000.0,294903.24
2,1.0,1080,4725,1.5,0,0,3,7,1080,0,1944,0,98126,47.5275,-122.381,1520,4961,390000.0,353401.68
3,1.75,1670,6900,1.0,0,0,3,7,1170,500,1978,0,98023,47.2975,-122.38,1740,7000,239950.0,216097.33
5,2.75,3170,8093,2.0,0,0,3,9,3170,0,2014,0,98075,47.5933,-122.06,3210,7062,890776.0,898116.25
3,3.5,1280,1257,2.0,0,0,3,8,1040,240,2000,0,98107,47.6721,-122.374,1280,1249,470000.0,480829.5
3,1.0,1210,9473,1.0,0,0,5,7,1210,0,1955,0,98006,47.5637,-122.139,1700,11465,453000.0,441274.36
4,2.5,2570,9000,1.0,0,0,4,8,1590,980,1979,0,98023,47.2986,-122.372,2120,8571,287500.0,275100.05
4,2.5,3020,13122,2.0,0,0,3,9,2540,480,1997,0,98052,47.6989,-122.111,3020,10873,750000.0,777201.42
4,2.0,1540,7575,1.0,0,0,4,7,1040,500,1978,0,98032,47.3664,-122.279,1720,7575,215000.0,251089.4
0,2.5,2290,8319,2.0,0,0,3,8,2290,0,1985,0,98042,47.3473,-122.151,2500,8751,339950.0,326573.83
3,1.0,1040,9514,1.0,0,0,4,7,1040,0,1969,0,98059,47.4936,-122.102,1040,9514,299000.0,263270.0
3,2.75,2620,17919,1.0,0,1,4,9,2620,0,1949,0,98039,47.6144,-122.228,3400,14400,1880000.0,1419655.1
3,2.25,2910,15626,1.5,0,0,4,9,2510,400,1923,0,98199,47.6534,-122.412,2370,6519,1810000.0,1056418.8
5,3.25,3920,8572,2.0,0,0,3,9,3920,0,2007,0,98065,47.5427,-121.887,3335,7258,710000.0,750493.09
3,1.0,810,7000,1.0,0,0,3,7,810,0,1968,0,98052,47.6591,-122.134,1820,7589,367000.0,364658.57
4,2.5,2650,6240,2.0,0,0,3,8,2650,0,2013,0,98053,47.6885,-122.021,2640,6524,702000.0,718412.01
4,1.75,1440,6144,1.0,0,0,5,6,720,720,1947,0,98106,47.5257,-122.357,960,5160,339888.0,312570.4
3,1.75,1050,9871,1.0,0,0,5,7,1050,0,1968,0,98042,47.3816,-122.087,1300,10794,199000.0,226359.62
3,2.5,3760,5260,2.0,0,0,3,9,3230,530,2002,0,98029,47.5489,-122.007,3080,5312,825000.0,805308.12
3,2.0,2870,95396,1.0,0,0,4,9,1350,1520,1980,0,98027,47.4834,-122.001,2870,102366,560000.0,590950.66
3,1.75,1720,4050,1.0,0,0,5,7,860,860,1906,0,98115,47.6782,-122.314,1720,4410,575000.0,592256.04
3,1.5,1480,9606,1.0,0,0,4,7,1100,380,1964,0,98023,47.2978,-122.363,1600,9619,147000.0,238236.18
3,2.0,1430,9250,1.0,0,0,4,8,990,440,1983,0,98052,47.6952,-122.096,1830,8003,510000.0,432009.04
3,1.0,1370,56628,1.0,0,0,3,7,1370,0,1942,0,98003,47.3058,-122.306,1768,8702,229000.0,258001.6
4,2.75,1980,11443,1.0,0,0,5,7,1980,0,1952,0,98155,47.7707,-122.273,2080,15700,475000.0,437827.75
3,2.25,1470,6808,1.0,0,0,3,7,1160,310,1984,0,98023,47.2884,-122.365,1570,7881,225000.0,223158.25
3,2.0,1380,4800,1.0,0,0,3,7,1380,0,1948,0,98199,47.651,-122.369,1740,5640,640000.0,580982.07
4,2.5,2640,47480,1.0,0,0,4,8,1590,1050,1979,0,98038,47.4258,-122.021,2390,67415,462000.0,451910.0
1,1.0,620,7620,1.0,0,0,3,6,620,0,1926,0,98166,47.4697,-122.349,1160,7620,212000.0,172141.4
3,1.0,1040,8910,1.0,0,0,3,6,1040,0,1943,0,98168,47.5024,-122.32,1330,9720,190000.0,200990.5
3,2.5,1610,2527,2.0,0,2,3,9,1080,530,2005,0,98118,47.5674,-122.29,1610,4173,460000.0,572055.28
4,1.5,1810,7998,1.0,0,0,3,8,1210,600,1960,0,98125,47.726,-122.297,1830,7763,495000.0,442018.14
3,1.0,1660,11200,1.0,0,0,3,7,1660,0,1957,0,98056,47.5121,-122.168,1380,10875,261000.0,325904.57
3,2.25,1610,8296,2.0,0,0,3,8,1610,0,1978,0,98115,47.7,-122.297,1610,8288,450000.0,493238.425
3,1.75,1580,6620,1.0,0,0,3,7,1580,0,1988,0,98003,47.2798,-122.303,1580,8137,279900.0,241787.0
3,1.0,1140,27760,1.0,0,0,4,6,1140,0,1981,0,98027,47.5372,-121.972,1690,87300,243800.0,359287.86
3,1.0,1070,4505,1.0,0,2,4,7,1070,0,1919,0,98136,47.5305,-122.384,1380,4505,640500.0,515734.66
5,2.75,3320,10500,1.0,0,0,4,7,2020,1300,1963,0,98033,47.692,-122.166,1840,10425,687500.0,648243.35
4,2.5,1980,7264,2.0,0,0,3,7,1980,0,1996,0,98038,47.3678,-122.019,1600,6380,240000.0,291903.0
4,2.5,2940,14071,2.0,0,0,3,9,2940,0,1986,0,98029,47.5627,-122.018,2670,10982,675000.0,721294.25
4,2.5,1900,7000,1.0,0,0,2,7,1420,480,1968,0,98023,47.3092,-122.376,1600,7600,305000.0,236554.55
3,1.0,1080,6000,1.0,0,0,4,7,1080,0,1952,0,98133,47.7579,-122.33,1200,7210,275000.0,314803.56
3,1.75,1170,8148,1.0,0,0,3,7,1170,0,1952,0,98155,47.7479,-122.318,1200,8147,399000.0,278316.5
4,2.75,2530,14178,2.0,0,0,3,8,2530,0,1997,0,98019,47.737,-121.955,2530,14055,469950.0,510858.5
3,2.25,1550,1919,3.0,0,0,3,8,1550,0,2003,0,98107,47.6729,-122.379,1550,2918,622000.0,538173.72
4,2.25,2580,7344,2.0,0,0,3,8,2580,0,1977,0,98027,47.5647,-122.09,2390,7507,588000.0,651838.3
4,2.0,2220,8229,1.5,0,0,4,7,2220,0,1958,0,98030,47.3722,-122.22,1660,8396,275000.0,275657.18
2,1.0,1180,4900,1.0,0,0,5,6,1180,0,1954,0,98027,47.5321,-122.029,1650,7121,313000.0,306063.5
3,2.5,1880,4668,2.0,0,0,3,8,1880,0,1993,0,98029,47.5666,-121.999,2060,4668,509950.0,532280.5
4,2.5,2770,6000,2.0,0,0,3,8,2400,370,1993,0,98136,47.5536,-122.383,2120,6000,685000.0,687170.2
5,2.75,3050,7520,2.0,0,0,3,8,3050,0,2014,0,98056,47.5245,-122.184,2180,10800,740000.0,543538.39
4,2.5,2540,6688,2.0,0,0,3,9,2540,0,2002,0,98092,47.3314,-122.18,2810,6776,365000.0,388679.0
3,2.5,2040,9765,2.0,0,0,3,8,2040,0,1985,0,98023,47.309,-122.349,2350,10150,325900.0,301468.99
4,2.5,2250,10696,2.0,0,0,3,8,2250,0,1996,0,98006,47.5715,-122.128,2340,13286,645000.0,627612.79
3,1.75,1330,5000,2.0,0,0,4,7,1210,120,1909,0,98116,47.5724,-122.384,1500,4000,532500.0,437438.3833333333
3,1.0,1610,5100,1.5,0,0,5,7,1010,600,1901,0,98117,47.6765,-122.386,1270,5100,535610.0,579385.11
3,1.75,1160,5082,1.0,0,0,3,6,580,580,1942,0,98178,47.503,-122.262,1730,6000,137900.0,235749.8
4,2.5,2050,4502,2.0,0,0,3,7,2050,0,2005,0,98059,47.5002,-122.15,2480,4504,369950.0,415082.0
3,1.75,1160,257875,1.0,0,0,2,7,1160,0,1980,0,98059,47.4655,-122.072,1420,15450,361550.0,330656.01
4,2.25,2000,8068,2.0,0,0,5,8,2000,0,1976,0,98006,47.5584,-122.137,2080,7837,710000.0,578110.29
3,1.75,1730,11986,1.0,0,3,5,6,1730,0,1918,0,98198,47.3595,-122.323,2490,9264,340000.0,338555.52
3,2.25,1410,14110,1.0,0,2,3,7,1170,240,1987,0,98065,47.5336,-121.76,1560,18336,352500.0,436222.0
3,1.0,1440,8681,1.5,0,0,3,7,1440,0,1937,0,98115,47.6976,-122.283,1700,7770,523000.0,515871.1
2,1.0,1620,3880,1.0,0,0,4,7,920,700,1924,0,98117,47.6855,-122.391,1330,3880,481000.0,572856.71
4,1.75,3220,7392,1.0,0,0,4,8,2010,1210,1959,0,98177,47.7719,-122.361,1660,8363,485000.0,550670.2
1,1.0,620,5100,1.0,0,0,3,6,620,0,1954,0,98144,47.5699,-122.287,1540,2676,385000.0,300985.28
3,1.5,1640,8922,1.0,0,0,4,7,1640,0,1963,0,98146,47.495,-122.342,1540,9040,242000.0,257148.03333333333
2,2.0,1490,713,3.0,0,0,3,9,1490,0,2014,0,98109,47.6356,-122.346,1490,1110,700000.0,662306.2
4,2.5,3470,20445,2.0,0,0,4,10,3470,0,1963,0,98040,47.547,-122.219,3360,21950,994000.0,1365144.2
2,1.0,2140,6000,1.0,0,0,4,7,1070,1070,1946,0,98199,47.651,-122.399,1560,6000,680000.0,652394.0
3,1.75,2230,13529,1.0,0,0,3,9,2230,0,1949,0,98004,47.6204,-122.217,2230,11900,1450000.0,1132156.0233333332
4,3.0,2020,6000,1.0,0,0,3,8,1220,800,1968,2015,98199,47.6563,-122.401,1400,6000,830000.0,659817.8
4,2.25,2390,40510,1.0,0,0,4,8,2390,0,1969,0,98072,47.7566,-122.113,3200,36989,545000.0,647103.56
5,4.0,4850,36450,2.0,0,0,3,10,4850,0,1977,0,98005,47.6426,-122.158,3850,35325,975000.0,1257599.74
3,1.0,1350,165092,1.0,0,3,5,6,1350,0,1925,0,98022,47.2217,-122.063,2300,211266,349990.0,358132.66
4,2.5,1830,7345,1.0,0,0,4,8,1540,290,1973,0,98177,47.7741,-122.373,1990,7700,494000.0,475330.0
4,2.75,1690,6090,1.5,0,0,3,7,1400,290,1945,0,98115,47.6814,-122.269,1820,6090,550000.0,620056.47
3,2.5,2140,3628,2.0,0,0,3,8,1960,180,2006,0,98027,47.537,-122.074,2280,2812,589999.0,561573.5
4,2.5,2540,4727,2.0,0,0,3,9,2540,0,1999,0,98034,47.7034,-122.236,3640,5129,630000.0,816936.06
3,2.25,1560,12000,1.0,0,0,4,7,1110,450,1968,0,98034,47.7256,-122.166,2190,4612,491500.0,434224.0
10,3.0,2920,3745,2.0,0,0,4,7,1860,1060,1913,0,98105,47.6635,-122.32,1810,3745,660000.0,775927.43
4,2.5,2350,6624,2.0,0,0,3,9,2350,0,1990,0,98074,47.6262,-122.045,2590,11240,561600.0,636189.0
3,2.0,2380,17950,2.0,0,0,4,8,2110,270,1934,0,98155,47.7591,-122.28,2030,23900,550000.0,493471.91
4,2.25,1790,7203,1.0,0,0,4,7,1110,680,1973,0,98155,47.7709,-122.294,2270,9000,430000.0,416856.6333333333
4,2.75,2230,50094,1.0,0,2,4,7,1330,900,1977,0,98092,47.2576,-122.099,2230,40770,323000.0,372136.38
2,1.0,720,3255,1.0,0,0,4,6,720,0,1905,0,98103,47.6823,-122.348,1430,3170,403000.0,381654.17
5,2.75,3080,6600,2.0,0,0,3,9,3080,0,2002,0,98058,47.4501,-122.122,3080,6600,475000.0,490810.55
4,1.75,1720,6975,1.0,0,0,3,8,1420,300,1975,0,98052,47.6506,-122.121,2210,7875,580000.0,547878.0
4,2.5,2380,7792,2.0,0,0,3,8,2380,0,1993,0,98092,47.3273,-122.173,2260,7378,342000.0,332674.9
2,1.0,900,28800,1.0,0,0,1,6,900,0,1928,0,98065,47.5245,-121.822,1360,7200,235000.0,242543.7785714286
4,1.5,2050,7100,1.0,0,0,3,7,1050,1000,1963,0,98001,47.3395,-122.28,1950,7350,265000.0,269177.48
2,2.25,2160,17861,2.0,1,4,4,9,2160,0,1956,0,98146,47.502,-122.385,2660,18530,1200000.0,1130967.0
4,2.5,1960,9898,2.0,0,0,3,8,1960,0,2001,0,98030,47.3834,-122.168,2130,7662,300000.0,314059.35
2,1.0,870,7020,1.0,0,0,4,6,570,300,1942,0,98106,47.5404,-122.352,1730,7020,230000.0,292471.88
4,2.25,2360,6260,2.0,0,0,3,7,2360,0,1998,0,98038,47.3882,-122.053,2144,6773,293000.0,371473.7
3,2.5,1630,1971,2.0,0,0,3,8,1630,0,1996,0,98177,47.7753,-122.375,1630,3451,398500.0,428394.7
5,3.5,4390,6220,2.0,0,3,3,9,3170,1220,2013,0,98115,47.6789,-122.273,2740,6448,1880000.0,1497412.6
3,1.0,1520,2500,1.5,0,0,3,8,1520,0,1912,0,98109,47.6347,-122.352,1880,3600,550000.0,716437.0
3,2.25,1358,1141,3.0,0,0,3,7,1358,0,2007,0,98133,47.7052,-122.346,1358,1196,280000.0,317244.5
4,2.5,3020,15164,1.0,0,0,4,8,1730,1290,1976,0,98004,47.5882,-122.192,2600,11556,780000.0,868755.28
3,2.5,1720,3676,2.0,0,0,3,7,1720,0,1992,0,98031,47.4039,-122.188,1720,3510,255950.0,253556.47
3,2.5,2990,9413,2.0,0,0,3,10,2990,0,2006,0,98028,47.7341,-122.234,1940,9600,659950.0,750432.5
4,2.75,2140,8100,2.0,0,0,4,7,2140,0,1990,0,98023,47.3075,-122.359,1960,7002,304400.0,277874.65
3,2.0,1080,7236,1.0,0,0,5,7,1080,0,1947,0,98125,47.7143,-122.32,1120,8008,390000.0,373605.76
5,2.5,2240,7770,1.0,0,0,3,7,1340,900,1978,0,98034,47.7198,-122.171,1820,7770,455000.0,446828.85
4,2.5,2496,8058,2.0,0,0,3,9,2496,0,1998,0,98052,47.6791,-122.149,2496,7757,661000.0,729381.0
3,2.5,2910,12283,2.0,0,2,3,10,2910,0,1993,0,98058,47.4602,-122.152,2680,22499,610000.0,579560.37
3,1.75,1150,6423,1.0,0,0,3,5,590,560,1927,0,98115,47.6973,-122.297,1150,8367,285000.0,454569.15
4,3.5,3510,9364,2.0,0,0,3,10,3510,0,2001,0,98065,47.54,-121.876,3510,9161,695000.0,715852.0
3,1.75,1630,9403,1.0,0,0,3,7,1630,0,1983,0,98155,47.757,-122.316,1430,8461,357500.0,374126.5
3,2.5,2960,69351,2.0,1,3,4,9,2960,0,1990,0,98070,47.4,-122.42,2350,41433,750000.0,1130843.0
4,3.5,2770,8049,2.0,0,0,3,9,2770,0,2002,0,98074,47.6469,-122.081,3410,7447,820000.0,779818.46
3,2.0,2290,5001,1.0,0,0,4,7,1490,800,1960,0,98103,47.6909,-122.339,1230,5001,745000.0,581447.0
3,1.5,1470,11599,1.0,0,0,3,7,1070,400,1967,0,98030,47.3632,-122.188,1580,9760,264950.0,244852.99
4,1.75,2180,7560,1.0,0,0,4,7,1560,620,1962,0,98133,47.757,-122.336,1810,7352,390000.0,422063.29
4,2.5,2980,8786,2.0,0,0,3,8,2980,0,2003,0,98038,47.378,-122.03,2980,6718,382500.0,420558.67
3,1.75,1480,3900,1.0,0,0,4,7,1480,0,1980,0,98023,47.2977,-122.367,1830,6956,245000.0,241219.0
3,3.5,4500,21870,2.0,0,0,3,10,4500,0,2004,0,98092,47.3043,-122.159,4670,23058,785000.0,863546.54
3,2.5,2670,10496,2.0,0,0,3,9,2670,0,1989,0,98074,47.6272,-122.026,2490,8636,657500.0,687564.88
2,1.75,6840,10000,2.5,1,4,3,11,4350,2490,2001,0,98008,47.6042,-122.112,3120,12300,3278000.0,2957953.0
3,1.0,1120,10500,1.0,0,0,4,7,1120,0,1966,0,98034,47.7267,-122.226,1320,10500,360000.0,344516.1
5,2.5,3810,15916,1.5,0,0,5,8,3810,0,1967,0,98058,47.4521,-122.14,2470,11662,515000.0,518902.11
2,1.0,1080,7775,1.0,0,0,3,6,1080,0,1955,0,98136,47.5447,-122.394,1730,7350,345000.0,405100.1
3,2.25,1860,7200,1.0,0,0,4,7,1240,620,1977,0,98034,47.7332,-122.192,1560,7630,445000.0,430258.25
3,1.75,1640,6435,1.0,0,0,3,7,1190,450,1972,0,98034,47.7197,-122.217,1770,6930,415000.0,428016.07
3,1.75,1220,1450,1.0,0,0,3,6,620,600,1905,0,98119,47.6361,-122.368,1660,2960,385000.0,465618.5
4,2.25,2640,34870,1.0,0,0,3,8,1770,870,1977,0,98027,47.4688,-122.009,2500,35580,518000.0,508195.24
4,1.0,1000,7134,1.0,0,0,3,6,1000,0,1943,0,98178,47.4897,-122.24,1020,7138,165000.0,214759.75
3,2.75,2540,8604,2.0,0,0,3,8,2540,0,1991,0,98092,47.3209,-122.185,2260,7438,359950.0,337340.75
3,1.0,1980,3243,1.5,0,0,3,8,1980,0,1912,0,98102,47.6429,-122.327,1380,1249,796000.0,728927.47
4,1.0,1590,24330,1.5,0,0,3,6,1140,450,1942,0,98168,47.4906,-122.309,1000,16228,291000.0,262932.4666666666
1,1.0,1160,64469,1.0,0,0,3,7,1160,0,2009,0,98072,47.7433,-122.082,1580,48352,440000.0,409945.23
4,2.5,2280,8190,1.0,0,3,3,7,1390,890,1983,0,98188,47.4414,-122.272,1990,9000,345000.0,406816.9
4,3.5,2490,18042,2.0,0,0,3,8,2490,0,2003,0,98070,47.4161,-122.441,1960,21107,495000.0,487573.5
4,2.25,2040,7031,2.0,0,0,3,8,2040,0,2012,0,98033,47.7016,-122.17,1670,7031,670000.0,581618.16
3,2.25,2100,3000,2.0,0,0,3,7,2100,0,1996,0,98144,47.595,-122.306,1650,4500,495000.0,584097.25
3,1.0,1270,8800,1.0,0,0,3,7,1270,0,1968,0,98052,47.6703,-122.15,1560,8250,447000.0,480461.89666666667
2,1.0,840,12750,1.0,0,0,3,6,840,0,1925,0,98055,47.484,-122.211,1480,6969,175000.0,180621.8333333333
4,2.5,2070,7312,1.0,0,0,4,7,1230,840,1977,0,98052,47.6958,-122.12,1770,7668,449950.0,541144.4233333333
6,2.75,2890,7500,1.0,0,0,4,8,1830,1060,1976,0,98034,47.7099,-122.23,1880,7500,508000.0,646334.86
2,2.25,1300,1314,3.0,0,0,3,8,1300,0,2008,0,98103,47.6536,-122.356,1300,1312,562000.0,520365.0
3,1.0,1410,4840,1.0,0,2,4,6,1230,180,1942,0,98033,47.6646,-122.204,1410,5400,650000.0,599231.7466666667
3,1.75,1660,16275,2.0,0,0,3,7,1660,0,1990,0,98014,47.6903,-121.915,1520,16275,342000.0,345925.22
4,2.5,2080,4080,1.0,0,0,5,7,1040,1040,1962,0,98144,47.572,-122.29,1340,4080,550000.0,398117.0
3,2.5,2690,21883,2.0,0,0,3,8,2690,0,1994,0,98014,47.6462,-121.904,2370,21781,445000.0,590171.02
3,2.0,1200,6074,1.0,0,0,3,7,1200,0,1968,0,98002,47.325,-122.205,1430,6338,222000.0,215989.75
4,4.25,3010,4887,2.0,0,3,4,10,1940,1070,1951,1996,98115,47.6933,-122.272,2540,9375,870000.0,1348804.7
4,1.0,1820,5500,1.5,0,0,3,6,1820,0,1947,0,98106,47.5185,-122.363,1140,5500,367000.0,311251.2
1,0.75,410,8636,1.0,0,0,2,4,410,0,1953,0,98146,47.5077,-122.357,1190,8636,325000.0,182338.0
3,2.0,1540,67953,1.0,0,0,3,7,1540,0,1997,0,98059,47.5018,-122.126,1250,9100,445000.0,352912.4
4,3.25,3860,17820,1.0,0,4,4,10,2630,1230,1975,0,98004,47.6224,-122.215,4590,23760,2135000.0,1791673.4
2,1.75,1170,8200,1.0,0,0,4,6,780,390,1937,0,98003,47.3263,-122.305,1780,9020,302000.0,208397.29333333333
3,1.5,2210,11111,1.5,0,0,3,7,2210,0,1934,0,98168,47.492,-122.309,1250,8422,250000.0,291858.37
4,2.5,3200,6473,2.0,0,0,3,7,3200,0,2005,0,98059,47.5012,-122.15,2480,6140,515000.0,472881.82
3,1.0,1000,16376,1.0,0,0,3,7,1000,0,1959,0,98059,47.4825,-122.108,1420,16192,228000.0,268587.53
3,2.25,1580,4379,2.0,0,0,4,8,1580,0,1994,0,98029,47.5694,-122.005,1770,4187,500000.0,480536.6
3,2.25,2330,11424,2.0,0,0,4,8,2330,0,1984,0,98052,47.6386,-122.11,2050,11448,700000.0,628293.0
8,4.0,7710,11750,3.5,0,0,5,12,6090,1620,1904,0,98112,47.6263,-122.314,4210,8325,3300000.0,3268864.5
2,1.0,770,8150,1.0,0,0,3,6,770,0,1951,0,98118,47.5324,-122.275,1140,8550,163250.0,228302.02
4,1.5,1870,7220,2.0,0,0,3,7,1870,0,1956,0,98155,47.77,-122.319,1550,7592,325000.0,399310.11
5,1.75,2490,24969,1.0,0,2,4,8,1540,950,1959,0,98023,47.336,-122.35,2790,15600,630000.0,416330.75
4,2.5,1850,5040,1.0,0,0,3,7,1230,620,1930,2013,98126,47.5386,-122.373,1010,5040,449000.0,399498.25
3,2.25,1900,46609,1.5,0,0,4,7,1440,460,1969,0,98072,47.7529,-122.116,2460,43560,600000.0,475505.0
3,1.75,1950,10633,1.0,0,0,3,7,1250,700,1978,0,98125,47.7019,-122.313,1290,6380,580000.0,497432.55
3,1.75,2410,35236,1.0,0,0,3,8,2410,0,1980,2001,98072,47.7651,-122.166,2110,16980,620000.0,577692.02
4,2.0,1590,942,3.0,0,0,3,7,1590,0,2008,0,98027,47.54,-122.026,1390,942,293467.0,438590.91
3,1.75,1840,7300,1.0,0,0,3,8,1840,0,1966,0,98023,47.3122,-122.369,1920,8010,265000.0,249656.55
2,1.0,1170,5150,1.0,0,0,3,6,980,190,1907,0,98118,47.5503,-122.283,1660,5150,312000.0,300438.06
4,2.0,2450,5000,2.0,0,4,5,8,2200,250,1919,0,98116,47.5619,-122.405,2360,6090,969000.0,798828.48
3,2.5,1370,1911,2.0,0,0,3,9,1370,0,1907,2011,98109,47.6375,-122.354,1630,2090,797000.0,854053.705
2,1.0,750,5120,1.0,0,0,4,6,750,0,1941,0,98126,47.5312,-122.375,930,7200,300000.0,282854.25
3,1.0,902,10464,1.0,0,0,3,7,902,0,1965,0,98198,47.363,-122.308,1510,7210,152000.0,180247.28333333335
3,2.5,1580,1321,2.0,0,2,3,8,1080,500,2014,0,98107,47.6688,-122.402,1530,1357,705000.0,563395.5
3,2.25,1350,980,2.0,0,0,3,8,1050,300,2007,0,98144,47.5998,-122.312,1350,1245,397500.0,384115.73
6,4.0,5330,18116,2.0,0,0,3,11,3950,1380,2000,0,98006,47.5503,-122.137,4590,16900,1125000.0,1323733.5
3,2.5,1584,3200,2.0,0,0,3,7,1584,0,2011,0,98002,47.3451,-122.215,1584,2800,263000.0,262879.49
5,2.0,2420,21000,1.5,0,0,3,8,2420,0,1966,0,98033,47.677,-122.165,1940,8085,675000.0,663335.73
3,2.5,1990,7397,2.0,0,0,3,9,1990,0,1993,0,98072,47.7703,-122.165,2210,7397,536000.0,548436.25
2,1.0,860,8308,1.0,0,0,4,7,860,0,1948,0,98146,47.5075,-122.377,1310,8308,330000.0,274743.95
3,1.5,1280,7742,1.0,0,0,3,7,1280,0,1973,0,98001,47.3323,-122.276,1566,7696,165000.0,226159.42
4,3.5,3100,2261,2.0,0,2,3,9,2250,850,1981,0,98033,47.6512,-122.202,2660,2000,1289000.0,1189008.14
3,2.25,1870,4894,2.0,0,0,4,8,1750,120,1992,0,98033,47.6943,-122.19,1920,5988,615000.0,595326.15
3,2.5,2650,11250,2.0,0,0,3,9,2650,0,2005,0,98155,47.7644,-122.29,2200,10013,660000.0,612073.45
3,2.25,2070,9957,1.0,0,0,3,8,1440,630,1977,0,98155,47.7766,-122.277,2070,10158,469000.0,464542.2
3,1.0,1240,5250,1.5,0,0,4,6,1240,0,1904,0,98055,47.4917,-122.206,1240,5250,221000.0,237854.46666666665
3,2.0,2510,35255,1.0,0,2,3,9,2510,0,1994,0,98038,47.4012,-122.025,3140,36450,557500.0,470474.0
6,2.0,2390,8660,1.5,0,0,4,7,2390,0,1925,0,98011,47.7589,-122.216,2250,12942,516250.0,420314.72
3,3.25,4560,13363,1.0,0,4,3,11,2760,1800,1995,0,98004,47.6205,-122.214,4060,13362,3200000.0,2270422.5
3,3.25,3410,25741,2.0,0,0,4,8,3410,0,1993,0,98014,47.6929,-121.868,1660,25865,720000.0,639330.32
4,4.25,4420,5750,2.0,0,0,3,10,3410,1010,2006,0,98027,47.5404,-122.073,4420,5750,890000.0,927517.36
3,1.0,1300,12600,1.0,0,0,4,7,1300,0,1969,0,98072,47.7422,-122.1,1480,13530,315500.0,346944.15
5,3.0,3030,4120,1.5,0,0,4,7,1930,1100,1913,0,98115,47.6771,-122.319,1280,3090,794500.0,757571.86
2,1.75,1450,15798,2.0,1,4,3,7,1230,220,1915,1978,98166,47.4497,-122.375,2030,13193,655000.0,592796.97
3,1.0,1200,6615,1.0,0,0,4,7,1200,0,1954,0,98106,47.5168,-122.351,1230,6615,260000.0,267012.1
3,2.25,1580,7034,1.0,0,0,4,7,1180,400,1989,0,98038,47.3564,-122.04,1470,7358,284000.0,276190.06
4,2.25,2390,8858,1.0,0,0,4,8,1740,650,1979,0,98033,47.6925,-122.184,2240,8858,606000.0,661983.91
3,1.75,1550,9720,1.0,0,0,3,7,1050,500,1976,0,98010,47.3433,-122.037,1550,9750,255000.0,250484.69
3,1.75,1770,8240,1.0,0,0,4,7,1240,530,1978,0,98023,47.3066,-122.378,2060,8250,280000.0,245738.53
3,2.5,1660,15000,1.0,0,0,4,7,1660,0,1970,0,98075,47.5803,-122.05,2060,15015,432000.0,513325.91
3,2.5,1300,1362,2.0,0,0,3,8,880,420,2008,0,98144,47.5893,-122.317,1300,1251,375000.0,355515.31
4,2.5,3650,7784,2.0,0,0,3,9,3650,0,2006,0,98052,47.7066,-122.101,3150,6442,835000.0,867097.15
3,2.5,1780,7214,1.0,0,0,4,7,1400,380,1986,0,98030,47.3667,-122.182,1520,7228,266000.0,253240.0
3,2.5,2430,5400,2.0,0,0,3,8,2430,0,2007,0,98074,47.6062,-122.057,2640,11990,550000.0,636415.19
3,2.5,1850,17808,1.0,0,0,4,8,1210,640,1982,0,98032,47.3631,-122.271,2260,16754,374000.0,296700.2
4,2.5,2660,35010,2.0,0,2,3,9,2660,0,1993,0,98045,47.4816,-121.714,2330,35448,590000.0,580275.38
3,1.75,1530,14087,1.0,0,0,3,7,1070,460,1979,0,98042,47.3146,-122.043,1770,13660,257500.0,261151.13
3,1.75,2040,15695,1.0,0,0,4,8,2040,0,1959,0,98166,47.4155,-122.339,2280,14400,452500.0,409595.29
2,1.75,1500,4158,1.0,0,0,4,7,1220,280,1947,0,98103,47.7006,-122.35,1270,4081,340000.0,414820.0
7,1.5,2670,11250,1.5,0,0,4,8,2320,350,1948,0,98133,47.7121,-122.332,2030,9000,575000.0,619398.0
3,1.75,2030,217800,1.0,0,2,4,8,2030,0,1977,0,98092,47.2618,-122.12,2570,216057,395000.0,440440.0
3,2.5,2380,2500,3.0,0,3,3,9,2380,0,1988,0,98126,47.5734,-122.375,2270,5000,549950.0,774444.52
2,1.75,2110,9519,1.0,0,0,2,7,2110,0,1948,0,98155,47.7504,-122.306,1480,9519,400000.0,386801.91666666674
4,2.25,2240,8322,2.0,0,0,3,8,2240,0,1979,0,98034,47.728,-122.206,2240,6448,482000.0,528133.51
4,2.5,2300,15188,2.0,0,0,4,7,2300,0,1966,0,98042,47.3683,-122.164,1820,10125,243500.0,322363.6
3,2.0,1370,8336,1.0,0,0,5,7,1370,0,1964,0,98133,47.7458,-122.331,1770,7288,371500.0,365095.04
4,2.0,3410,15143,2.0,0,0,4,8,3410,0,1972,1987,98052,47.6709,-122.052,2350,25936,599000.0,656185.04
3,2.0,1560,6300,1.0,0,0,3,7,1560,0,1924,0,98126,47.5407,-122.379,1620,6300,528000.0,471759.0
3,1.0,1240,5700,1.5,0,0,5,6,1240,0,1953,0,98056,47.4927,-122.169,1140,5700,238000.0,240371.56666666668
3,2.5,3040,5326,2.0,0,0,3,9,3040,0,2008,0,98055,47.4472,-122.207,3040,5442,500000.0,483285.87
3,2.25,1910,8390,1.0,0,0,3,7,1910,0,1979,0,98034,47.73,-122.216,2410,8390,531000.0,443869.11
3,2.5,2810,4984,1.0,0,0,3,9,1750,1060,2006,0,98055,47.4461,-122.209,2810,5711,479950.0,456688.1
5,2.0,1600,4168,1.5,0,0,3,7,1600,0,1927,0,98126,47.5297,-122.381,1190,4168,365000.0,435004.5
4,2.25,1630,7969,1.0,0,0,3,7,1100,530,1977,0,98034,47.7336,-122.19,1580,7440,412500.0,419043.5
3,1.5,860,3200,1.0,0,0,3,6,860,0,1929,0,98117,47.6791,-122.362,1220,4300,445000.0,452960.5
4,2.25,3740,18000,1.0,0,0,4,9,1870,1870,1951,0,98177,47.7027,-122.378,2610,10902,1150000.0,1034668.05
4,2.5,2990,6037,2.0,0,0,3,9,2990,0,2013,0,98045,47.4766,-121.735,2990,5992,594491.0,544622.3
3,3.0,1384,1287,2.0,0,0,3,8,1144,240,2006,0,98102,47.6295,-122.32,1570,1288,575000.0,543046.5
2,1.0,750,8125,1.0,0,0,4,6,750,0,1943,0,98055,47.4727,-122.198,1340,8750,261000.0,218510.76
4,1.0,1500,5750,1.5,0,0,3,6,1500,0,1925,0,98055,47.4768,-122.206,1330,5750,277000.0,241001.8
3,2.25,2206,82031,1.0,0,2,3,6,866,1340,1983,0,98074,47.6302,-122.069,2590,53024,780000.0,610482.88
5,3.75,4700,11237,2.0,0,0,3,10,2930,1770,2006,0,98033,47.6624,-122.197,3180,13140,1135000.0,1378793.33
4,2.75,2390,7330,2.0,0,0,3,7,2390,0,1989,0,98023,47.3061,-122.359,1980,6735,282000.0,306312.8
2,3.25,3000,24004,1.0,0,0,3,10,2410,590,1952,0,98005,47.611,-122.157,4270,24506,780000.0,1500705.7
5,6.0,6880,279968,2.0,0,3,3,12,4070,2810,2007,0,98045,47.4624,-121.779,4690,256803,1488000.0,2181414.2
4,3.25,3300,15907,2.0,0,0,5,10,3300,0,1985,0,98040,47.5413,-122.216,2740,11358,1350000.0,1279499.4
4,1.5,1780,8000,2.0,0,0,4,6,1080,700,1900,1996,98010,47.3124,-122.003,1750,9147,200000.0,258726.44
4,1.5,1850,7547,1.5,0,0,4,7,1850,0,1960,0,98198,47.3714,-122.309,1730,7577,245000.0,237345.8
4,2.5,3274,4950,2.0,0,0,3,9,3274,0,2014,0,98092,47.2603,-122.195,2578,4200,478830.0,463467.19
4,2.25,2590,10002,1.0,0,0,4,8,1340,1250,1968,0,98028,47.7689,-122.266,1550,10436,452000.0,500409.0
3,2.25,1445,1087,2.0,0,0,3,7,1300,145,2005,0,98027,47.5339,-122.067,1410,1336,355000.0,370193.89
4,1.0,1680,4021,1.5,0,0,3,7,1680,0,1921,0,98103,47.6663,-122.332,1710,4021,700000.0,640286.99
3,1.75,1900,7680,1.0,0,0,3,7,1260,640,1959,0,98178,47.5081,-122.266,2000,7740,220000.0,296914.25
3,1.5,1550,9126,1.0,0,0,5,7,1550,0,1957,0,98022,47.2012,-122.0,1450,9282,245000.0,238738.85
2,1.75,1728,95950,1.0,0,3,3,9,1728,0,2012,0,98070,47.4579,-122.443,1720,35735,730000.0,642082.51
4,1.5,2020,6000,1.0,0,0,4,7,1010,1010,1953,0,98178,47.5019,-122.235,1710,6000,355000.0,289930.3
4,2.75,2520,6398,2.0,0,0,3,8,2520,0,2014,0,98072,47.7685,-122.159,2520,6398,642860.0,609971.85
4,2.0,1560,8800,2.0,0,0,5,6,1560,0,1942,1967,98168,47.4927,-122.312,1480,10000,290000.0,254517.83
3,1.0,1290,6566,1.0,0,0,5,7,1290,0,1976,0,98023,47.3004,-122.377,1690,6860,205000.0,216575.53
3,2.5,3010,7014,2.0,0,0,3,8,3010,0,2009,0,98059,47.4949,-122.149,3030,6180,538000.0,526094.43
4,2.5,3400,6742,2.0,0,0,3,9,3400,0,2004,0,98052,47.7067,-122.129,2970,6909,799000.0,800441.35
4,2.5,2120,9603,2.0,0,0,3,8,2120,0,1985,0,98027,47.5348,-122.053,1990,9611,575000.0,596583.18
3,0.75,1040,42180,1.0,0,0,2,6,1040,0,1947,0,98055,47.4518,-122.199,1270,24090,170000.0,186831.25
4,2.0,1840,5419,1.0,0,0,4,7,920,920,1942,0,98199,47.6483,-122.404,1800,5419,639000.0,611986.03
3,2.0,1170,5360,1.0,0,0,3,6,1170,0,1919,0,98106,47.5181,-122.364,1180,7200,335000.0,273710.5
2,1.0,1380,5484,1.0,0,0,3,8,1030,350,1947,0,98199,47.6382,-122.399,1380,5347,543115.0,548636.51
4,2.5,2300,219106,1.0,0,0,4,7,1840,460,1958,0,98038,47.4044,-121.963,2120,123710,352500.0,444576.55
3,2.0,1560,1156,3.0,0,0,3,8,1560,0,2014,0,98122,47.605,-122.304,1560,1728,500000.0,502820.0
2,1.75,1060,16470,1.0,0,0,3,7,1060,0,1977,0,98072,47.7409,-122.089,1790,16748,356000.0,367390.64
3,1.75,1600,8156,1.0,0,0,5,7,1600,0,1948,0,98155,47.7397,-122.3,1200,8156,393500.0,368445.38
3,2.25,1800,7371,1.0,0,0,3,7,1280,520,1979,0,98072,47.7584,-122.145,1960,7675,425000.0,432017.82
4,2.5,2100,7208,2.0,0,0,3,8,2100,0,1974,0,98058,47.4478,-122.128,2060,7480,333000.0,330549.0
4,2.0,2530,10800,1.0,0,0,5,8,1350,1180,1954,0,98040,47.5705,-122.225,2960,12150,880000.0,889414.0
3,2.5,2230,4000,2.0,0,0,3,7,2230,0,1954,0,98144,47.5801,-122.306,1310,4000,398750.0,564662.29
4,2.5,2050,9015,2.0,0,0,4,7,2050,0,1973,0,98058,47.4357,-122.168,1780,8820,290000.0,316225.5
5,5.0,4490,10279,2.0,0,0,3,10,3930,560,2013,0,98004,47.5974,-122.202,2490,10279,1800000.0,1929248.8
4,3.5,2850,4416,1.5,0,0,3,7,2040,810,1926,0,98103,47.6835,-122.342,1860,4416,875000.0,739375.5428571429
3,1.75,1730,6130,1.0,0,0,3,7,1480,250,1941,0,98115,47.6978,-122.316,1730,6131,575700.0,531063.55
3,1.75,1460,9998,1.0,0,0,3,7,960,500,1958,0,98028,47.7434,-122.242,1460,9998,446000.0,366667.17
3,1.75,1630,11800,1.0,0,0,4,7,1630,0,1971,0,98045,47.4863,-121.73,2090,57428,280000.0,395157.07
4,1.75,1900,8250,1.0,0,0,4,7,950,950,1955,0,98006,47.5765,-122.147,1480,8360,542000.0,438249.0
4,1.0,1780,5000,1.5,0,0,3,8,1780,0,1947,0,98115,47.6761,-122.297,2030,5000,654500.0,732153.5733333332
3,1.75,1430,10350,1.0,0,0,3,7,1430,0,1959,0,98008,47.6353,-122.123,1890,10350,530000.0,483746.07
3,1.75,1940,219527,1.0,0,0,3,7,1940,0,1991,0,98038,47.4214,-122.02,2060,108900,520000.0,446157.0
3,2.25,1410,1290,2.0,0,0,3,7,1290,120,2004,0,98027,47.5345,-122.069,1490,1380,391000.0,366161.91
3,2.25,3000,11665,1.5,1,4,3,11,3000,0,2001,0,98075,47.5884,-122.086,3000,15959,2400000.0,1591411.49
3,1.75,2020,8531,1.0,0,0,3,7,2020,0,1965,0,98011,47.7691,-122.199,1950,8449,405000.0,453242.46
2,1.0,920,3780,1.0,0,0,3,6,920,0,1910,0,98103,47.6576,-122.348,1570,2640,427000.0,536179.56
4,1.0,1430,6240,1.5,0,0,5,7,1430,0,1953,0,98125,47.7272,-122.311,1410,6240,398000.0,385847.0
3,1.75,1440,11364,1.0,0,0,3,7,1440,0,1985,0,98155,47.743,-122.328,1950,9390,337000.0,372800.22
2,1.5,840,867,2.0,0,0,3,7,840,0,2005,0,98115,47.6955,-122.304,840,1322,270000.0,328111.58
4,2.5,2780,6235,2.0,0,0,3,8,2780,0,2001,0,98075,47.5976,-122.039,2670,4410,690000.0,676040.31
4,2.5,2770,10274,2.0,0,0,3,9,2770,0,1989,0,98029,47.5748,-122.018,2270,7210,675750.0,713815.88
3,1.0,1490,8239,1.0,0,0,4,6,1490,0,1963,0,98023,47.306,-122.37,1200,8470,205950.0,210464.85
3,2.0,2390,8025,2.0,0,0,5,7,2390,0,1921,0,98105,47.6707,-122.288,1920,5350,810000.0,805877.04
4,1.75,2110,6708,1.0,0,3,3,8,1410,700,1941,0,98105,47.67,-122.274,2140,7006,1031000.0,753155.53
3,1.75,1220,216332,1.0,0,0,3,7,1220,0,1981,0,98019,47.7224,-121.926,1540,61419,390000.0,397738.5
3,2.5,2000,8057,1.0,0,0,3,8,1360,640,1998,0,98042,47.3724,-122.107,2530,8964,358500.0,309345.05
4,2.5,2846,85377,1.5,0,0,3,8,1976,870,2000,0,98001,47.317,-122.281,1696,57934,482000.0,468764.27
3,3.0,2780,6000,2.0,0,0,3,9,2780,0,2013,0,98065,47.5184,-121.886,2850,6000,594866.0,597084.33
2,2.5,1400,1262,2.0,0,0,3,8,1160,240,2008,0,98106,47.5342,-122.349,1060,1524,299000.0,300322.7133333333
3,1.0,970,6828,1.0,0,0,3,6,970,0,1928,0,98106,47.5476,-122.36,1160,11666,315000.0,272578.84
6,3.0,2890,2370,2.5,0,0,3,7,2290,600,1906,0,98102,47.6227,-122.323,2180,2460,799200.0,1014094.6428571428
5,2.0,1910,7200,1.0,0,0,4,6,1110,800,1951,0,98178,47.4975,-122.261,1150,5948,230000.0,259979.47333333333
6,2.75,3280,16449,1.0,0,0,4,7,1910,1370,1963,0,98007,47.5914,-122.134,2550,9532,730000.0,669740.67
3,1.75,1720,10710,1.0,0,0,3,7,860,860,1957,0,98146,47.5092,-122.362,1480,10359,340000.0,329238.1
4,1.75,1870,10450,1.0,0,0,3,8,1620,250,1978,0,98005,47.5938,-122.154,2060,10450,660000.0,574823.21
3,2.5,1590,3359,2.0,0,0,3,7,1590,0,2000,0,98019,47.7349,-121.986,1820,3383,310000.0,318335.5
3,1.5,1280,4031,2.0,0,0,4,6,1280,0,1985,0,98002,47.3342,-122.215,1150,4500,185000.0,185618.25
2,2.25,2550,6000,2.0,0,0,5,7,1860,690,1902,0,98115,47.6739,-122.323,2010,4000,660000.0,768132.1
3,1.75,2260,11781,1.0,0,0,4,8,1520,740,1968,0,98008,47.5982,-122.128,2530,10176,714000.0,617151.0
4,3.25,3240,4852,2.0,0,0,3,9,3240,0,2010,0,98053,47.695,-122.022,3320,5318,789500.0,790781.83
4,1.5,1930,15531,2.0,0,0,3,7,1930,0,1979,0,98003,47.345,-122.296,1580,7800,275000.0,268883.08
2,1.0,780,6000,1.0,0,0,5,6,780,0,1923,0,98055,47.4759,-122.208,1080,6000,220000.0,201817.23
4,4.25,5770,21300,2.0,1,4,4,11,5770,0,1980,0,98040,47.585,-122.222,4620,22748,3850000.0,2625766.0
4,2.5,3420,6845,2.0,0,0,3,9,3420,0,2009,0,98052,47.6777,-122.156,2800,5715,757500.0,817957.85
3,1.0,1350,7973,1.5,0,0,3,7,1350,0,1954,0,98188,47.4323,-122.292,1310,7491,272450.0,218443.82333333336
2,2.0,1250,7543,1.0,0,0,3,7,1250,0,1962,0,98198,47.4051,-122.296,1250,7506,163000.0,239874.08
3,2.25,1680,9090,1.0,0,0,4,7,1130,550,1959,0,98008,47.6068,-122.13,1960,9090,480000.0,515809.8
3,1.0,1160,4360,1.0,0,0,4,8,1160,0,1929,0,98105,47.6718,-122.291,1810,4360,501000.0,567587.34
5,1.75,2190,7500,1.0,0,0,3,7,1290,900,1979,0,98133,47.7766,-122.355,1790,8820,439950.0,420484.41
3,2.0,1050,18304,1.0,0,0,4,7,1050,0,1953,0,98001,47.3206,-122.269,1690,15675,169100.0,239610.4
5,3.0,1810,3000,2.0,0,0,3,7,1810,0,1998,0,98118,47.5622,-122.291,1670,3000,362000.0,394135.09
3,2.25,2290,9047,2.0,0,0,4,8,2290,0,1984,0,98006,47.5545,-122.163,2120,9275,753000.0,666735.2
3,1.75,1400,18002,1.0,0,0,3,6,1400,0,1977,0,98019,47.725,-121.967,2240,14068,322000.0,337610.0
6,3.0,2390,4000,2.0,0,0,3,7,2390,0,2014,0,98118,47.5173,-122.286,1680,5000,462500.0,386384.14
4,3.0,2550,3784,1.5,0,0,4,8,1750,800,1900,0,98103,47.6559,-122.338,2100,4560,850000.0,943062.66
3,2.5,3316,11447,2.0,0,0,3,9,3316,0,1986,0,98023,47.3036,-122.34,3000,11447,490600.0,444506.64
4,1.5,2480,6000,1.0,0,0,3,8,1520,960,1955,0,98136,47.5233,-122.386,1810,6000,579000.0,544115.9
3,1.5,1420,8580,1.0,0,0,3,6,1420,0,1962,0,98023,47.3076,-122.362,1200,8580,136500.0,217578.14
5,2.75,2470,19200,1.0,0,0,5,8,1250,1220,1977,0,98058,47.4496,-122.083,2140,35140,400000.0,458844.5
3,2.25,2000,7225,2.0,0,0,4,7,2000,0,1985,0,98030,47.349,-122.167,1950,7464,334000.0,290642.3
3,1.75,1440,7800,1.0,0,0,4,7,1440,0,1958,0,98008,47.5996,-122.12,1440,7800,491000.0,497233.49
3,1.0,2360,5012,1.0,0,0,3,7,1560,800,1964,0,98116,47.5705,-122.384,1690,4800,532000.0,548386.77
3,1.0,1420,11040,1.0,0,0,4,7,1420,0,1961,0,98007,47.5969,-122.14,1530,8208,490000.0,468775.73
3,1.75,1080,1306,1.0,0,0,3,7,580,500,1954,2003,98199,47.6601,-122.4,1440,2225,331000.0,449170.8
5,2.0,2880,12000,2.0,0,0,3,8,2880,0,1921,0,98144,47.5861,-122.295,1720,5000,780000.0,806722.0
4,2.25,2170,8050,1.0,0,0,3,7,1220,950,1976,0,98072,47.7354,-122.174,1820,7700,466000.0,448517.5
2,1.0,820,3000,1.0,0,0,4,7,820,0,1924,0,98103,47.6842,-122.348,1490,3000,532500.0,472864.5
3,2.25,2960,8330,1.0,0,3,4,10,2260,700,1953,0,98177,47.7035,-122.385,2960,8840,1326000.0,1256693.42
4,2.5,1530,2248,1.5,0,0,3,7,1530,0,1914,0,98144,47.5766,-122.309,1340,3700,350000.0,459759.0
4,2.5,2820,6983,2.0,0,0,3,9,2820,0,2013,0,98001,47.2958,-122.265,2597,7222,457000.0,442842.51
4,1.5,1580,10260,1.0,0,0,4,7,1030,550,1955,0,98007,47.5984,-122.147,1520,7000,475000.0,466821.51
3,1.75,1010,9600,1.0,0,0,5,7,1010,0,1969,0,98042,47.3828,-122.09,1320,9600,230000.0,221672.21
3,2.5,2060,25046,1.0,0,0,4,8,1600,460,1980,0,98022,47.184,-121.959,2050,21255,330000.0,357611.21
3,1.0,1310,4163,1.0,0,0,4,7,1310,0,1964,0,98126,47.5301,-122.381,1120,4166,415885.0,365977.1
4,3.5,4440,8125,2.0,0,3,5,10,3140,1300,1922,0,98144,47.5744,-122.283,3990,8505,2250000.0,2094530.0
5,1.75,1550,10500,1.0,0,0,3,7,1100,450,1961,0,98011,47.7573,-122.22,1420,9823,405000.0,379048.5
3,2.75,1890,2614,2.0,0,0,4,9,1890,0,1979,0,98008,47.6102,-122.114,1800,2769,462000.0,552247.75
3,2.25,1790,9580,2.0,0,0,3,8,1790,0,1984,0,98006,47.5541,-122.162,2060,9995,578000.0,540888.8
4,2.75,3130,8920,2.0,0,0,3,8,3130,0,2014,0,98155,47.7397,-122.316,1450,9183,690500.0,596276.45
2,1.0,1260,5100,1.5,0,0,4,7,1120,140,1925,0,98117,47.6805,-122.384,1260,5100,528000.0,542221.95
3,1.75,1890,11141,1.0,0,0,4,8,1890,0,1968,0,98006,47.5697,-122.163,2720,11144,575000.0,618137.75
3,1.0,1480,17360,1.0,0,1,3,8,1480,0,1954,0,98136,47.5179,-122.387,2250,8720,600000.0,593335.5
4,3.5,2630,3757,2.0,0,0,3,10,2200,430,2008,0,98027,47.5322,-122.075,2620,2699,749950.0,732768.62
4,3.75,3300,4545,1.5,0,4,3,10,2600,700,1926,1999,98105,47.6561,-122.274,3300,5000,1740000.0,1658706.3
3,2.5,2200,20000,1.0,0,1,3,7,1400,800,1952,0,98004,47.5809,-122.191,3050,11775,1100000.0,939842.17
3,1.75,1880,5978,1.0,0,0,5,7,940,940,1957,0,98144,47.5793,-122.294,1930,4770,562000.0,583708.44
5,3.75,5340,10655,2.5,0,3,4,10,3740,1600,1912,0,98144,47.5795,-122.285,3910,9418,2095000.0,2231810.0
3,2.5,2300,5500,1.5,0,0,4,8,2000,300,1921,0,98144,47.5785,-122.293,2100,5000,635000.0,763678.5
3,1.5,2270,8187,1.0,0,0,4,8,1420,850,1954,0,98155,47.7573,-122.278,2020,14092,410000.0,461048.9
3,2.25,1350,3582,2.0,0,0,3,8,1350,0,2010,0,98031,47.4214,-122.191,1940,3860,299000.0,272231.29
4,3.25,4740,49091,2.0,0,0,3,11,4740,0,1990,0,98053,47.6624,-122.071,4800,42387,1150000.0,1263678.9666666668
3,2.25,1715,6819,2.0,0,0,3,7,1715,0,1995,0,98003,47.3097,-122.327,2238,6819,257500.0,280371.11
3,2.5,2110,1339,2.0,0,0,3,8,1410,700,2014,0,98122,47.6088,-122.311,1630,2670,747450.0,608518.91
4,2.5,2560,5800,2.0,0,0,3,9,2560,0,2005,0,98038,47.3474,-122.025,3040,5800,388000.0,426759.7
5,3.0,3410,9600,1.0,0,0,4,8,1870,1540,1968,0,98052,47.6358,-122.103,2390,9679,675000.0,677594.8
4,3.5,5990,111078,2.0,0,0,3,11,5990,0,2004,0,98053,47.667,-121.994,4690,118918,1525000.0,1528156.166666667
3,1.5,1300,7313,1.0,0,0,4,7,1300,0,1968,0,98055,47.4568,-122.21,1770,8075,288000.0,258084.2666666667
4,2.5,3320,7644,2.0,0,0,3,10,3320,0,1995,0,98006,47.5541,-122.106,3320,9472,950000.0,911787.05
2,1.5,1400,5810,2.0,0,0,3,7,1400,0,1940,0,98103,47.6843,-122.341,1470,3920,575000.0,580690.5
3,2.5,2160,7500,1.0,0,1,3,7,1430,730,1979,0,98074,47.6188,-122.064,1560,7500,532500.0,552262.7733333333
3,1.5,1310,7236,1.0,0,0,4,7,1170,140,1928,0,98103,47.6944,-122.333,1680,8431,526500.0,511981.40666666673
5,1.75,3290,8000,1.0,0,0,3,7,1790,1500,1968,0,98030,47.3733,-122.214,2380,7000,329500.0,344991.47
3,2.0,1310,7332,1.0,0,0,3,7,1310,0,1987,0,98038,47.3597,-122.051,1530,7362,230000.0,238295.0
4,1.75,2440,7350,1.0,0,0,3,8,1610,830,1978,0,98032,47.3743,-122.285,2180,7680,330000.0,314309.23
2,1.0,1190,6967,1.0,0,0,3,7,1190,0,1946,0,98040,47.5896,-122.243,1700,6968,587100.0,502566.3933333333
3,4.0,3880,13095,2.0,0,3,3,11,3700,180,2009,0,98034,47.6996,-122.233,3880,10830,1030000.0,1532647.05
4,2.5,3470,14271,2.0,0,0,3,9,3470,0,2005,0,98065,47.5423,-121.877,3450,9380,730000.0,691033.26
4,3.0,2330,3497,2.0,0,0,3,9,1920,410,2003,0,98108,47.554,-122.308,2330,5242,490000.0,571135.48
3,2.5,1870,9135,1.0,0,0,3,7,1250,620,1984,0,98074,47.6269,-122.06,1550,9100,502000.0,489152.38
4,2.5,2210,13721,2.0,0,0,3,8,2210,0,2009,0,98042,47.3122,-122.039,1850,12951,353000.0,343129.67
3,2.0,1420,12655,1.0,0,0,5,7,1420,0,1968,0,98056,47.5309,-122.186,2020,9655,421000.0,406156.0
3,2.25,1740,9370,1.0,0,0,3,7,1390,350,1992,0,98198,47.391,-122.316,1740,7555,289950.0,275132.35
2,1.0,870,4600,1.0,0,0,4,7,870,0,1942,0,98126,47.5274,-122.379,930,4600,357000.0,341620.41
4,2.75,2980,9825,1.0,0,0,3,8,1910,1070,2007,0,98056,47.5073,-122.172,2580,12231,505000.0,498288.91
4,2.5,2670,5100,2.0,0,0,3,8,1940,730,1929,2010,98117,47.6768,-122.39,1470,4080,925000.0,830209.33
5,2.5,3580,8921,2.0,0,0,3,9,3580,0,2000,0,98033,47.693,-122.202,2710,9308,1150000.0,1159121.5
5,1.75,2320,8100,1.0,0,0,4,7,1160,1160,1956,0,98166,47.4631,-122.341,1410,7271,315000.0,342732.75
4,2.5,3052,12145,2.0,0,0,3,8,3052,0,2004,0,98003,47.2598,-122.304,2767,8604,425000.0,370040.0
4,2.5,2070,8473,1.0,0,0,4,8,1250,820,1976,0,98033,47.6608,-122.19,2070,9499,775000.0,696753.55
3,1.75,1260,7128,1.0,0,0,4,7,1260,0,1969,0,98034,47.7263,-122.205,1330,7326,349500.0,368411.31
4,2.5,1790,10584,1.0,0,0,4,7,1290,500,1981,0,98031,47.4061,-122.188,1730,9120,312000.0,265981.6
4,1.75,1790,5341,1.0,0,0,4,7,1050,740,1951,0,98166,47.4663,-122.363,1540,6916,297000.0,356143.4
5,2.75,3160,10059,2.0,0,0,3,10,1740,1420,1978,0,98011,47.7477,-122.217,3120,11557,540000.0,750903.92
3,1.5,1120,6900,1.0,0,0,5,7,1120,0,1956,0,98007,47.6023,-122.132,1300,7000,439800.0,416121.57
3,1.5,1550,40752,1.0,0,0,5,7,1550,0,1954,0,98031,47.394,-122.202,1550,8000,350000.0,294889.01
2,1.0,950,6426,1.0,0,0,3,7,950,0,1949,0,98126,47.5653,-122.37,1360,2550,430000.0,301288.33
3,2.5,1470,3000,1.0,0,0,3,7,930,540,1985,0,98115,47.6832,-122.286,1470,5588,435000.0,492034.04
3,2.5,1500,2255,2.0,0,0,3,7,1500,0,2005,0,98029,47.5538,-121.997,1440,2040,348000.0,426213.31
5,3.5,2920,3000,2.0,0,0,3,9,2260,660,2014,0,98103,47.6846,-122.349,1580,4000,1065000.0,1157841.0
3,2.5,2570,5500,1.0,0,0,4,7,1320,1250,1961,0,98199,47.6417,-122.397,1460,6250,654000.0,661911.19
3,1.0,1120,6625,1.0,0,0,3,6,1120,0,1942,0,98168,47.4879,-122.332,1120,6794,228950.0,228390.4
5,2.5,3990,3839,1.0,0,0,4,8,1990,2000,1962,0,98112,47.6236,-122.299,2090,5000,610000.0,978342.3
4,2.0,2850,7861,1.0,0,4,4,10,1450,1400,1970,0,98117,47.6995,-122.397,2810,8087,1275000.0,1266088.9
3,3.25,1290,1153,3.0,0,0,3,7,1290,0,2008,0,98103,47.6904,-122.346,1290,1200,331000.0,370613.9
4,2.75,1930,3840,1.0,0,0,3,7,1170,760,1997,0,98106,47.5303,-122.346,1610,3840,328000.0,330264.4
5,2.5,2490,7666,1.0,0,0,4,7,1490,1000,1989,0,98031,47.4022,-122.171,1930,7415,292000.0,318310.12
2,1.0,940,6000,1.0,0,0,3,6,940,0,1943,0,98146,47.4907,-122.336,1310,6000,115000.0,210236.03
3,2.5,3430,28718,1.5,0,0,3,10,3430,0,1984,0,98033,47.6477,-122.183,3440,35021,1202500.0,935853.88
5,3.5,4090,290980,1.0,0,0,3,11,2920,1170,2002,0,98034,47.7161,-122.219,1880,9255,1290000.0,1779948.0
3,2.0,1780,9732,1.0,0,0,3,8,1780,0,1967,0,98040,47.5796,-122.229,1900,10200,710000.0,695813.92
2,2.0,1340,5350,1.5,0,0,3,8,1340,0,1941,0,98199,47.6384,-122.403,2210,5350,592500.0,607681.25
3,1.75,1870,12381,1.0,0,0,4,8,1870,0,1957,0,98003,47.3358,-122.32,1950,12667,314500.0,284995.94
4,2.25,2250,12000,2.0,0,0,3,8,2250,0,1985,0,98032,47.3715,-122.274,2140,11871,287500.0,333104.07
4,1.75,1900,7313,1.0,0,0,3,7,1900,0,1973,0,98034,47.7311,-122.232,1420,7384,340000.0,421876.23
3,1.0,1660,8800,1.0,0,0,4,7,960,700,1963,0,98023,47.3212,-122.352,1370,10112,209950.0,220179.81
3,1.75,1310,9282,1.0,0,0,4,7,1310,0,1976,0,98052,47.6844,-122.111,1310,8748,437000.0,394590.02
3,1.75,1610,12247,1.0,0,0,3,8,1610,0,1981,0,98058,47.4476,-122.124,2010,9271,305000.0,340189.5
3,2.75,2090,9620,1.0,0,0,3,8,1340,750,1987,0,98023,47.2741,-122.337,2150,9660,310000.0,293113.44
4,2.5,2470,5074,2.0,0,0,3,8,2470,0,2004,0,98038,47.3457,-122.041,2470,5078,356000.0,352922.4
3,2.75,1560,7392,1.0,0,0,5,7,1030,530,1972,0,98011,47.7382,-122.182,1870,7520,440000.0,413034.2
4,2.5,2920,7901,2.0,0,0,3,9,2920,0,2004,0,98052,47.7036,-122.125,3020,7900,760000.0,804717.94
4,1.75,1920,4862,1.0,0,0,5,7,1060,860,1919,0,98116,47.5747,-122.384,1840,4862,589000.0,624015.95
5,2.5,1960,7350,1.0,0,0,4,7,1360,600,1969,0,98058,47.4368,-122.165,1900,7350,256500.0,306441.9
3,2.0,2050,9396,1.0,0,0,5,7,1170,880,1960,0,98155,47.7447,-122.328,1680,9391,399950.0,420768.80666666664
3,1.0,1100,4184,1.0,0,0,4,7,1100,0,1965,0,98136,47.5309,-122.382,1630,4366,416500.0,370635.24
3,2.0,1210,9097,1.0,0,0,4,7,1210,0,1954,0,98168,47.4849,-122.303,1360,10125,173250.0,234984.9
2,1.0,760,6000,1.0,0,0,3,6,760,0,1942,0,98199,47.646,-122.384,1360,6000,375000.0,433930.5
4,1.0,1080,26114,1.5,0,0,5,5,1080,0,1900,0,98030,47.3834,-122.215,1720,20360,275000.0,226977.33666666664
3,2.25,1445,1471,2.0,0,0,3,7,1300,145,2003,0,98027,47.5342,-122.072,1410,1399,389999.0,378436.15
2,1.75,1240,3000,1.5,0,0,3,7,1240,0,1906,0,98105,47.6689,-122.326,1800,4080,483000.0,540455.29
3,1.0,1300,8184,2.0,0,0,3,6,1300,0,1947,0,98155,47.7469,-122.319,1120,8184,252000.0,325814.4
3,1.75,1480,7000,1.0,0,2,3,8,1480,0,1963,0,98122,47.6018,-122.291,1850,4000,685000.0,588414.72
3,2.75,2640,11957,1.5,0,0,3,9,2260,380,1978,0,98052,47.6491,-122.12,2640,12641,698000.0,750227.22
3,2.0,1330,6490,1.0,0,0,4,7,1330,0,1954,0,98125,47.7181,-122.308,1580,7202,482500.0,398212.01
5,3.0,3900,5250,1.5,0,1,5,8,2620,1280,1931,0,98116,47.5577,-122.389,1950,5700,850000.0,768425.99
4,2.5,2400,9612,1.0,0,0,3,8,1230,1170,1962,2009,98059,47.4799,-122.127,2430,5539,500012.0,459141.61
4,3.5,3420,33106,2.0,0,0,3,9,3420,0,2004,0,98010,47.3554,-121.986,3420,36590,655000.0,655693.51
6,1.75,2750,9563,2.0,0,0,4,8,2750,0,1973,0,98052,47.6368,-122.097,2040,9563,750000.0,640779.65
3,2.25,2840,59677,1.0,0,0,3,7,1580,1260,1967,0,98075,47.5828,-122.044,2220,31688,663000.0,632466.37
4,1.75,2580,19607,1.0,0,2,4,8,1290,1290,1958,0,98056,47.5067,-122.197,1970,9569,383000.0,427897.28
3,1.0,960,9000,1.0,0,0,4,7,960,0,1955,0,98006,47.5765,-122.154,1520,9000,290000.0,401053.0
4,2.25,2580,8820,1.0,0,0,4,9,1620,960,1967,0,98023,47.3122,-122.376,2140,8400,305000.0,456127.38
3,1.0,1320,9239,1.0,0,0,4,7,1320,0,1968,0,98092,47.312,-122.183,1320,8415,206000.0,203824.40333333332
3,1.0,1010,14948,1.0,0,0,5,6,1010,0,1969,0,98059,47.4772,-122.144,1510,9600,265000.0,267648.0
3,1.75,1630,1166,2.0,0,0,3,8,1020,610,2013,0,98107,47.6646,-122.367,1420,1670,541000.0,572765.98
2,1.0,1060,8000,1.0,0,0,3,6,1060,0,1941,0,98168,47.5088,-122.333,1390,8000,205000.0,227745.2
4,2.0,1990,4740,1.0,0,0,3,7,1080,910,1926,0,98122,47.6112,-122.303,1560,2370,430000.0,547862.26
4,3.0,1890,13140,1.0,0,0,4,7,1270,620,1967,0,98027,47.5221,-122.044,1900,11160,450000.0,427609.85
6,2.5,3250,12000,1.0,0,1,3,8,1800,1450,1966,0,98115,47.6935,-122.28,3490,10320,779000.0,1130414.52
3,2.0,1340,1951,1.0,0,0,3,6,670,670,1915,0,98144,47.5763,-122.309,1520,2248,335000.0,334501.5
2,1.0,790,7252,1.0,0,0,3,5,790,0,1930,0,98146,47.5048,-122.365,1260,11470,115000.0,169384.7
2,1.75,1310,3816,1.0,0,0,2,7,1110,200,1929,0,98117,47.679,-122.368,1510,3816,505000.0,532173.45
3,1.0,1160,18055,1.0,0,0,2,5,1160,0,1950,0,98168,47.4772,-122.269,1340,10324,182000.0,221656.66
5,4.75,5180,17811,2.0,0,2,3,11,4070,1110,2001,0,98065,47.5405,-121.868,3960,15103,1075000.0,1135046.5
4,2.75,3460,13168,2.0,0,0,4,8,3460,0,1932,1986,98022,47.2046,-121.996,1500,7670,460000.0,397550.4
3,2.0,1670,17071,1.0,0,0,3,7,1100,570,1988,0,98014,47.69,-121.913,1660,15593,325000.0,329474.0
3,2.5,1680,15711,1.0,0,0,3,7,1240,440,1994,0,98031,47.423,-122.171,1420,8588,282000.0,275939.45
4,2.5,2490,34947,2.0,0,0,3,9,2150,340,1985,0,98027,47.4823,-122.031,2490,39639,520000.0,558941.84
4,3.0,3720,57499,1.0,0,0,3,9,1880,1840,2003,0,98014,47.6469,-121.897,2560,26372,650000.0,847753.6
3,1.0,1480,4200,1.5,0,0,3,7,1480,0,1925,0,98122,47.6147,-122.298,1460,3600,427500.0,495924.0
4,2.5,3170,186436,2.0,0,0,3,9,3170,0,2000,0,98038,47.4475,-122.034,3250,215186,660000.0,656436.0
4,1.0,1140,5940,1.0,0,2,3,7,1140,0,1916,0,98103,47.6795,-122.354,1630,4000,569950.0,619672.45
3,1.75,1910,4800,1.0,0,0,3,7,1080,830,1959,0,98103,47.6844,-122.332,1750,4800,700000.0,637890.0
4,2.5,2820,33750,2.0,0,0,4,9,2820,0,1984,0,98072,47.7387,-122.096,2510,36180,369900.0,652457.75
4,2.75,2580,11900,1.0,0,0,4,7,1620,960,1967,0,98058,47.4475,-122.159,1570,9375,358000.0,338125.54
3,1.5,1200,8040,1.0,0,0,4,7,1200,0,1959,0,98146,47.4901,-122.341,1450,9315,279500.0,236311.59
3,2.25,2730,10675,2.0,0,0,3,9,2730,0,1990,0,98074,47.6289,-122.042,2770,10570,678000.0,700570.92
6,2.5,3550,6533,2.0,0,0,3,8,3550,0,1925,0,98144,47.5719,-122.284,3140,6234,895000.0,1171119.0
3,1.75,1390,4602,1.0,0,0,3,7,930,460,1981,0,98117,47.6944,-122.366,1230,4800,400000.0,418459.9
4,1.5,2180,22870,1.0,0,0,4,6,1280,900,1954,1975,98042,47.3187,-122.081,2420,22614,273000.0,371616.01
5,3.5,3680,8680,2.0,0,0,3,9,3680,0,2003,0,98033,47.6575,-122.197,2020,8847,1378000.0,1285290.6
4,3.25,2820,13059,2.0,0,0,4,8,2820,0,1976,0,98058,47.4508,-122.132,2360,8600,432000.0,423619.12
3,1.75,1050,5850,1.0,0,0,3,7,1050,0,1980,0,98166,47.4574,-122.358,1220,8880,260000.0,229335.1
3,1.0,1060,9954,1.0,0,0,4,7,1060,0,1960,0,98032,47.3801,-122.289,1620,8760,215000.0,217280.3
3,2.5,2890,21780,2.0,0,0,3,8,2890,0,2000,0,98188,47.4326,-122.286,2120,8117,421000.0,446563.24
3,1.75,1870,7189,1.0,0,0,3,7,1270,600,1959,0,98118,47.5412,-122.27,1780,6200,433000.0,406293.74
3,1.0,1160,9180,1.0,0,0,3,7,1160,0,1968,0,98077,47.7427,-122.072,1160,10282,315000.0,332211.99
3,3.0,1950,1833,3.0,0,0,3,9,1610,340,2009,0,98004,47.6078,-122.202,2040,2131,798500.0,875755.8
2,1.75,1400,2500,1.0,0,0,5,7,710,690,1916,0,98116,47.5628,-122.391,1250,5700,395000.0,415916.45
4,2.5,3010,11393,2.0,0,0,3,8,3010,0,2005,0,98028,47.7389,-122.221,2810,11282,695000.0,584940.0
4,3.5,3010,6202,2.0,0,0,3,9,3010,0,2005,0,98029,47.5533,-121.993,2520,5001,769000.0,755768.33
3,2.5,1820,4200,2.0,0,0,3,8,1820,0,2014,0,98038,47.3693,-122.017,2370,4200,307635.0,323715.8933333333
1,1.0,900,7500,1.0,0,0,3,5,900,0,1946,1987,98155,47.7553,-122.283,1470,7500,305000.0,298300.45
4,4.0,4270,6002,2.0,0,3,3,10,3180,1090,2004,0,98029,47.5443,-121.994,4280,5942,1300000.0,1049571.33
3,2.5,1890,5929,2.0,0,0,3,8,1890,0,1993,0,98029,47.5697,-121.994,2060,5775,510000.0,519627.26
3,1.75,1460,7203,1.0,0,0,3,7,1460,0,1990,0,98056,47.5049,-122.189,1570,7203,355000.0,300787.0
4,1.75,2540,7620,1.0,0,3,3,8,1320,1220,1948,0,98116,47.5709,-122.406,2540,8613,655000.0,759030.06
3,1.75,1630,4275,1.5,0,3,3,7,1630,0,1908,0,98115,47.6851,-122.322,1800,4275,567000.0,590865.51
3,1.75,1516,2897,1.0,0,0,3,7,998,518,1925,0,98103,47.6842,-122.341,2100,3854,575575.0,606188.97
4,1.0,1740,37238,1.5,0,0,4,7,1740,0,1932,0,98024,47.5651,-121.902,1810,18352,470000.0,474851.24190476193
4,1.75,1520,10630,1.0,0,0,4,7,1520,0,1967,0,98034,47.7347,-122.193,1550,8039,425500.0,426451.5
3,2.5,3360,218235,1.0,0,0,3,8,3360,0,1989,0,98014,47.6601,-121.946,2650,220849,590000.0,597114.5
4,3.0,3320,13500,1.0,0,0,3,7,1750,1570,1963,0,98059,47.4596,-122.065,1830,13800,302000.0,427067.45
4,2.5,2480,5000,1.0,0,3,3,8,1480,1000,1951,0,98105,47.6653,-122.272,2240,6071,906000.0,823533.86
3,2.75,2450,5750,2.0,0,0,3,9,2450,0,2013,0,98065,47.5439,-121.862,3200,8036,605000.0,612084.54
4,2.75,2280,5013,2.0,0,0,3,8,2280,0,2009,0,98019,47.7333,-121.976,2130,5121,395000.0,466688.81
4,2.5,2740,9959,2.0,0,0,3,9,2740,0,1989,0,98029,47.5672,-122.011,2630,9905,648000.0,692524.5
4,1.75,2430,14000,1.0,0,0,4,7,1580,850,1963,0,98052,47.6554,-122.134,1910,8285,602000.0,576526.5
4,1.75,1250,7400,1.0,0,0,5,6,1250,0,1959,0,98008,47.62,-122.12,990,7600,445000.0,402955.1
5,2.0,2260,11970,1.0,0,0,4,7,1250,1010,1962,0,98031,47.3896,-122.218,1950,11970,275000.0,297919.85
2,1.0,1700,6718,1.0,0,2,3,7,1230,470,1956,0,98198,47.4131,-122.331,2040,7500,340000.0,342884.78
3,1.5,1660,6000,1.5,0,0,3,7,1660,0,1937,0,98199,47.6409,-122.401,1640,6000,578000.0,681803.0
3,1.75,1840,16679,1.0,0,0,3,8,1840,0,1989,0,98001,47.3207,-122.275,1910,15571,274950.0,282545.79
5,3.5,3990,42436,2.0,0,0,3,9,2710,1280,2002,0,98027,47.461,-122.0,3030,41684,668000.0,702713.45
4,3.25,3430,9870,2.0,0,0,3,9,3430,0,2014,0,98011,47.776,-122.173,3360,9724,749995.0,811111.06
1,1.0,750,4000,1.0,0,0,3,6,750,0,1918,0,98136,47.5243,-122.39,1770,4850,250000.0,392624.15
4,2.5,2350,6958,2.0,0,0,3,9,2350,0,1998,0,98092,47.3321,-122.172,2480,6395,299000.0,349063.1
5,3.0,3110,4464,2.0,0,0,3,8,3110,0,2007,0,98011,47.7719,-122.168,2450,4221,588000.0,545710.15
3,1.5,1500,10227,1.0,0,0,4,7,1000,500,1945,0,98022,47.2043,-121.996,1490,7670,257100.0,238374.5
3,1.5,2310,3360,1.5,0,0,3,8,1790,520,1926,0,98119,47.6431,-122.359,1930,4320,817000.0,823859.5
4,2.5,3830,11972,1.0,1,4,3,11,2370,1460,1981,0,98155,47.7404,-122.284,3080,12297,1850000.0,1264568.45
4,3.5,4740,172497,2.0,0,0,3,11,4740,0,2003,0,98053,47.6779,-122.075,2120,49658,1200000.0,1397184.9966666668
2,1.0,1150,6835,1.0,0,1,3,7,1010,140,1922,0,98118,47.5567,-122.273,1150,6561,425000.0,355960.88
2,2.5,2630,7957,2.0,0,0,3,8,2630,0,2003,0,98053,47.7106,-122.023,2305,7220,750000.0,715060.0
5,2.5,2530,10190,1.0,0,0,4,7,1290,1240,1960,0,98008,47.616,-122.115,2040,8560,657000.0,579734.7
3,2.0,1960,8846,1.0,0,3,4,6,980,980,1940,0,98178,47.5101,-122.246,2190,6363,360000.0,417030.3
4,1.5,2820,4000,2.0,0,0,3,7,2820,0,1911,0,98103,47.6638,-122.348,1470,1627,635000.0,785780.65
6,3.25,3870,24700,2.0,0,0,3,10,2520,1350,1989,0,98028,47.7517,-122.233,2360,30030,1127500.0,1064655.5
2,1.75,860,5535,1.0,0,0,3,7,860,0,1948,0,98103,47.6901,-122.331,1420,4960,442000.0,478742.07
5,2.5,2760,11340,2.0,0,0,4,9,2760,0,1978,0,98059,47.4769,-122.141,2470,11340,380000.0,503738.9
5,2.75,3110,6621,2.0,0,0,3,9,3110,0,2006,0,98065,47.543,-121.888,3550,7953,635000.0,666788.12
1,1.0,800,2480,1.0,0,0,4,6,800,0,1919,0,98108,47.5581,-122.316,1490,4650,267000.0,316317.67
2,1.0,1760,27332,1.0,1,4,4,7,1300,460,1951,0,98198,47.3799,-122.325,2590,16630,500000.0,588924.9
4,3.0,5940,11533,2.0,0,4,3,11,4950,990,2004,0,98065,47.5443,-121.87,4240,12813,1149000.0,1233539.7
3,2.5,1769,7324,2.0,0,0,3,9,1769,0,2012,0,98092,47.3307,-122.188,2502,6017,334888.0,337443.65
5,2.5,2260,7040,2.0,0,0,3,8,2260,0,1999,0,98038,47.352,-122.038,2180,6910,365000.0,376850.25
3,2.5,1770,2677,2.0,0,0,3,7,1770,0,2005,0,98055,47.4339,-122.194,1550,1798,260000.0,239278.38
3,2.0,1660,15050,1.0,0,0,3,7,1260,400,1983,0,98034,47.7203,-122.194,1660,7320,453000.0,430545.35
2,2.0,1870,6275,1.0,0,0,3,8,1870,0,2003,0,98053,47.7108,-122.031,1670,5200,579000.0,551712.4
4,2.5,2040,9225,1.0,0,0,5,8,1610,430,1968,0,98052,47.636,-122.097,1730,9225,675000.0,587923.32
4,1.75,2460,10061,1.0,1,4,3,7,1410,1050,1961,0,98178,47.5105,-122.238,2300,10061,790000.0,737807.5
3,1.0,1060,9946,1.0,0,0,4,7,1060,0,1956,0,98188,47.4432,-122.282,1310,10619,230000.0,217585.17
3,2.5,1520,4170,2.0,0,0,3,7,1520,0,2004,0,98038,47.3842,-122.04,1560,4237,296475.0,279691.59523809527
2,1.5,1200,6380,1.0,0,0,3,7,1200,0,1929,0,98115,47.697,-122.319,1290,6598,365000.0,489971.5
4,3.5,3450,7832,2.0,0,0,3,10,3450,0,2007,0,98006,47.5637,-122.123,3220,8567,1050000.0,918388.98
3,2.25,2180,9246,2.0,0,0,3,9,2180,0,1984,0,98074,47.6215,-122.031,2300,9298,570000.0,612357.16
8,3.0,3840,15990,1.0,0,0,3,7,2530,1310,1961,0,98034,47.7111,-122.211,1380,8172,575000.0,641113.46
4,3.5,3695,6556,2.0,0,0,3,9,3695,0,2014,0,98053,47.683,-122.015,4160,6786,994900.0,936510.12
3,1.75,1410,9150,1.0,0,0,5,7,1410,0,1959,0,98006,47.5683,-122.178,1800,9940,365000.0,508643.77
4,2.75,2760,18306,1.0,0,0,3,7,1630,1130,1978,0,98034,47.7302,-122.215,2470,9856,492500.0,482546.47
4,2.5,2500,10330,2.0,0,0,3,10,2500,0,1992,0,98006,47.5595,-122.114,2710,8375,740000.0,747538.05
5,2.25,2240,9652,2.0,0,0,3,7,2240,0,1990,0,98055,47.4249,-122.211,2180,11644,238000.0,331013.9
3,2.5,1470,4488,2.0,0,0,5,7,1470,0,1980,0,98034,47.723,-122.162,1400,4441,399950.0,397031.55
3,2.25,1960,8875,1.0,0,0,3,7,1290,670,1965,0,98003,47.3344,-122.301,1890,8700,182000.0,273507.33
3,2.75,2330,4780,2.0,0,3,3,8,1730,600,1930,1988,98198,47.3459,-122.326,1100,5336,550000.0,375665.34
2,2.0,890,5000,1.0,0,0,3,6,890,0,1917,0,98118,47.5158,-122.264,1860,5000,207950.0,233104.43333333335
4,2.25,1950,9800,1.0,0,0,3,8,1330,620,1968,0,98033,47.666,-122.178,2170,9800,560000.0,567065.05
4,2.0,2720,8819,2.0,0,3,3,8,2240,480,1976,0,98003,47.338,-122.333,2960,9672,560000.0,452270.97
3,2.25,1960,7708,1.0,0,0,4,7,1490,470,1984,0,98023,47.2981,-122.374,1580,8063,204250.0,256990.95
4,2.75,2620,6178,2.0,0,0,3,8,2620,0,2013,0,98045,47.4823,-121.771,2790,6538,475000.0,490160.8
7,1.5,2660,15111,1.5,0,0,4,7,2660,0,1962,0,98059,47.4644,-122.066,1710,15429,310000.0,430579.98
3,1.5,1250,7700,1.0,0,0,5,7,1250,0,1968,0,98056,47.5383,-122.178,1430,7700,410000.0,397700.18
4,3.5,2970,14486,2.0,0,0,3,9,2340,630,1997,0,98040,47.5627,-122.215,3680,14486,905000.0,939489.3
2,1.5,1480,1349,2.0,0,0,3,7,1240,240,2007,0,98136,47.5439,-122.386,1550,1349,418000.0,434137.38
3,2.5,2060,5115,2.0,0,0,3,9,2060,0,2014,0,98092,47.3261,-122.163,2648,4500,356250.0,379434.55
4,2.75,2700,9882,2.0,0,0,3,7,2700,0,1958,1989,98155,47.7671,-122.291,2250,10797,520000.0,480172.68
3,2.25,2060,7080,2.0,0,0,3,9,1800,260,1940,0,98199,47.6455,-122.409,3070,7500,978500.0,1126391.29
4,4.5,4920,270236,2.0,0,3,3,10,3820,1100,2006,0,98045,47.4695,-121.775,4920,260924,1042000.0,1151575.68
3,2.5,2340,35021,1.0,0,0,3,9,2340,0,1986,0,98038,47.3988,-122.028,2630,35190,525000.0,438982.0
3,2.5,2770,39529,2.0,0,0,3,9,2770,0,1987,0,98053,47.6495,-122.042,3010,35435,715000.0,733940.26
3,2.5,2940,10809,2.0,0,0,3,10,2940,0,1992,0,98006,47.5418,-122.136,3090,10348,850000.0,840899.86
4,3.5,2100,7560,2.0,0,0,5,8,2100,0,2005,0,98133,47.7076,-122.356,1250,7560,759950.0,603833.11
3,1.5,1320,1250,3.0,0,0,3,8,1320,0,2008,0,98103,47.6536,-122.341,1560,1694,580000.0,507950.1
3,2.5,2390,9157,2.0,0,0,3,9,2390,0,1984,0,98052,47.6617,-122.15,2360,8250,735000.0,725097.0
4,2.5,2480,9869,1.0,0,0,4,8,1240,1240,1963,0,98028,47.7612,-122.229,2230,10310,481000.0,472436.5
2,1.75,1760,2275,1.5,0,0,3,6,1040,720,1912,0,98116,47.5803,-122.393,1380,3750,450000.0,539004.49
3,2.25,1320,1800,2.0,0,0,3,7,1320,0,1994,0,98122,47.6081,-122.289,2010,4500,540000.0,578856.76
3,2.5,2610,5845,2.0,0,0,3,8,2610,0,2005,0,98059,47.4821,-122.142,2810,5000,515000.0,495146.45
5,3.5,2320,4960,2.0,0,0,5,7,1720,600,1926,0,98103,47.6763,-122.352,1700,4960,822500.0,751460.54
2,1.0,840,5265,1.0,0,0,5,6,840,0,1969,0,98042,47.3644,-122.082,920,5100,209000.0,190952.93
3,1.75,1450,6829,1.0,0,0,3,8,1450,0,1983,0,98052,47.7222,-122.108,1950,7622,440000.0,434233.5
4,2.5,2090,7434,1.0,0,0,3,7,1090,1000,1993,0,98146,47.4962,-122.349,1260,8404,325000.0,340776.8
3,1.75,890,3800,1.5,0,0,3,7,750,140,1926,0,98115,47.6803,-122.291,1280,3800,455000.0,455957.42
3,1.0,1220,6000,1.0,0,0,5,7,1220,0,1961,0,98002,47.2811,-122.214,1420,13137,161500.0,209857.27
5,2.75,4400,18500,1.0,0,3,5,9,2250,2150,1963,0,98028,47.7424,-122.263,3290,19257,1120000.0,1063083.9
4,1.0,1380,6700,1.0,0,0,3,7,1190,190,1928,0,98168,47.4871,-122.281,1380,8292,185000.0,221960.89333333337
3,2.0,1860,5146,2.0,0,0,3,8,1860,0,1991,0,98029,47.5706,-121.999,1950,5146,477500.0,512678.0
3,2.5,2070,8400,2.0,0,0,4,8,2070,0,1990,0,98002,47.3099,-122.206,2070,9239,250000.0,298775.8
3,1.0,1090,4000,1.5,0,0,4,7,1090,0,1945,0,98117,47.6846,-122.386,1520,4000,690000.0,513214.52
4,2.5,2150,10098,1.0,0,0,3,7,1090,1060,1963,0,98034,47.7166,-122.201,1880,10000,414999.0,468047.3333333334
4,1.5,1600,6180,1.5,0,0,3,6,1600,0,1946,0,98118,47.5681,-122.285,1410,6180,425000.0,566959.1433333333
4,2.5,2060,16000,2.0,0,0,3,6,2060,0,1993,0,98001,47.2849,-122.251,1530,8000,286000.0,274829.78
4,3.5,2710,2147,2.0,0,0,3,10,2220,490,2007,0,98029,47.5468,-121.994,2650,2252,690000.0,737094.97
4,1.5,1740,8160,1.5,0,0,4,7,1400,340,1946,0,98177,47.7243,-122.363,1600,8160,515000.0,452632.85
3,2.25,2610,9409,1.0,1,4,4,8,2610,0,1963,0,98075,47.5789,-122.076,2970,9156,1517000.0,1560357.78
4,2.25,2530,10611,1.0,0,0,5,8,1320,1210,1977,0,98006,47.5698,-122.132,2530,10125,590000.0,613002.2
5,5.5,6640,40014,2.0,1,4,3,12,6350,290,2004,0,98155,47.7493,-122.28,3030,23408,4500000.0,3554916.0
5,1.5,2680,28014,1.0,0,0,4,8,1450,1230,1963,0,98004,47.6348,-122.196,2900,22180,898000.0,1049556.4
4,2.75,2050,4000,2.0,0,0,3,8,2050,0,2014,0,98001,47.3522,-122.275,2050,4000,355000.0,350053.35
3,2.5,2320,2267,3.0,0,0,3,8,2320,0,2009,0,98177,47.7027,-122.359,1240,1883,425000.0,600310.1
4,2.5,2870,6658,2.0,0,0,3,8,2870,0,2004,0,98065,47.5394,-121.878,2770,6658,564000.0,572945.0
5,3.5,4010,6000,2.0,0,3,3,9,2560,1450,1997,0,98178,47.4928,-122.229,2440,6000,625000.0,770573.78
2,1.0,1960,186872,1.5,0,0,4,6,1960,0,1936,0,98001,47.2681,-122.267,1650,19200,305000.0,342193.89
2,1.0,1360,69260,1.0,0,0,4,5,1360,0,1937,0,98065,47.5229,-121.838,1460,69260,335000.0,329633.0
3,1.5,2360,6750,2.0,0,0,5,7,1930,430,1926,0,98103,47.6923,-122.332,1320,4500,702500.0,631090.15
3,1.5,1830,9848,1.0,0,0,5,7,1830,0,1962,0,98056,47.539,-122.18,1830,8168,468000.0,475634.78
4,1.75,2030,15400,1.0,0,1,3,9,1130,900,1975,0,98166,47.4603,-122.365,2040,12425,474950.0,526489.5
3,3.25,3020,6073,2.0,0,0,4,9,3020,0,1954,0,98112,47.6332,-122.29,3020,7700,1400000.0,1405052.0
2,1.0,1060,7868,1.0,0,0,3,7,1060,0,1952,0,98155,47.7414,-122.295,1530,10728,294950.0,320972.53
4,2.25,2520,2370,2.0,0,0,3,8,1690,830,1908,0,98122,47.6109,-122.303,1530,2370,480000.0,672336.35
4,2.5,2400,7270,2.0,0,0,3,8,2400,0,1993,0,98003,47.2697,-122.312,2150,6584,333000.0,320344.48
2,1.0,920,7569,1.0,0,0,4,6,920,0,1950,0,98168,47.4951,-122.302,1280,7627,202000.0,200304.4625
5,3.25,3620,4650,2.0,0,0,3,8,2790,830,2004,0,98038,47.3552,-122.026,2850,4650,394000.0,450937.38
3,3.5,2050,2020,2.0,0,0,3,8,1520,530,2006,0,98112,47.6235,-122.306,1230,3640,761000.0,651527.15
3,2.5,2430,5128,1.0,0,1,3,8,1270,1160,1978,0,98136,47.5198,-122.389,2510,5330,560000.0,608635.5
3,1.75,1600,4888,1.0,0,0,3,6,1600,0,2014,0,98042,47.383,-122.097,2520,5700,239950.0,286291.07
4,2.5,3060,7710,2.0,0,0,3,9,3060,0,2009,0,98059,47.4828,-122.136,3040,7840,588000.0,554795.5
3,2.5,1820,6785,1.0,0,0,3,7,1420,400,1994,0,98092,47.3201,-122.177,1710,6055,245000.0,258286.25
3,3.0,2080,10521,1.5,0,0,3,9,2080,0,2004,0,98034,47.6987,-122.228,3730,11840,830000.0,842705.64
4,1.5,1850,6125,1.5,0,0,3,6,1110,740,1945,0,98126,47.5352,-122.37,990,6125,399950.0,384744.75
2,0.75,890,19703,1.0,0,0,3,6,890,0,1934,0,98045,47.4922,-121.783,1270,9800,230000.0,245569.25
5,2.75,2990,6370,2.0,0,0,3,8,2990,0,2014,0,98059,47.4853,-122.154,2730,5740,559950.0,554718.9
4,2.5,2990,7928,2.0,0,0,3,9,2990,0,2011,0,98010,47.3139,-122.024,2810,7401,440000.0,465418.84
3,2.5,2050,8172,2.0,0,0,3,8,2050,0,2002,0,98168,47.4808,-122.28,2140,5664,394950.0,386378.69
3,1.75,1530,9800,1.0,0,0,5,8,1530,0,1958,0,98133,47.7655,-122.336,1660,9800,425000.0,414698.95
4,2.5,2540,6491,2.0,0,0,3,8,2540,0,1997,0,98008,47.6363,-122.117,1990,8447,750000.0,675898.0
3,2.5,1710,10341,2.0,0,2,3,7,1710,0,1986,0,98030,47.3494,-122.171,1830,9358,287000.0,282912.97
2,2.0,2090,6000,2.0,0,1,3,7,2090,0,1918,1985,98116,47.5732,-122.413,1600,5400,477500.0,610155.7
5,3.5,3990,5000,2.0,0,0,3,8,2910,1080,2004,0,98118,47.54,-122.27,1310,5000,740000.0,653302.0
2,1.75,1620,113862,1.5,0,0,3,7,1620,0,1995,0,98045,47.4821,-121.719,1560,54806,439000.0,404216.38
3,2.25,2550,4089,2.0,0,0,3,9,2550,0,1983,0,98112,47.6272,-122.297,1680,4089,834000.0,996514.21
3,1.75,2060,58341,1.0,0,4,3,8,1100,960,1982,0,98070,47.4193,-122.439,1230,14904,510000.0,533148.84
4,2.5,2350,3760,2.0,0,0,3,8,2350,0,2014,0,98059,47.4786,-122.123,2590,4136,459995.0,472277.05
4,2.75,3130,139392,2.0,0,0,4,9,3130,0,1981,0,98030,47.3535,-122.19,2720,104544,565000.0,537238.9
3,2.0,1940,5820,1.5,0,0,5,7,1150,790,1944,0,98107,47.6638,-122.362,990,3880,665000.0,642434.58
4,1.5,1300,7200,1.0,0,0,4,7,1300,0,1970,0,98031,47.4179,-122.181,1420,7200,259500.0,239091.4
5,6.25,8670,64033,2.0,0,4,3,13,6120,2550,1965,2003,98177,47.7295,-122.372,4140,81021,2888000.0,5087692.0
4,2.0,1950,9940,1.0,0,0,4,7,1950,0,1963,0,98008,47.6332,-122.118,1920,9270,565000.0,500268.5
3,2.5,1940,7415,2.0,0,0,3,8,1940,0,1965,0,98006,47.542,-122.176,1940,8425,423800.0,532574.6775
3,1.75,1570,6975,1.0,0,0,3,7,1040,530,1979,0,98126,47.5137,-122.37,1280,7813,359950.0,362344.96666666673
2,2.25,1230,1058,2.0,0,0,3,7,1160,70,2008,0,98027,47.5325,-122.073,1240,817,325000.0,325421.23083333333
4,2.5,2240,7200,2.0,0,0,3,8,2240,0,1995,0,98118,47.5636,-122.275,1860,6600,497000.0,621142.1
4,2.5,2010,9075,1.0,0,0,4,8,1310,700,1959,0,98006,47.553,-122.182,1850,9220,510000.0,599812.595
2,1.0,1350,368517,1.0,0,0,3,6,1350,0,1947,0,98077,47.7617,-122.061,2330,104108,355000.0,370417.75
3,2.5,3550,136343,2.0,0,0,3,10,3550,0,1977,0,98014,47.6223,-121.869,3080,215186,545000.0,842583.64
3,3.0,3490,4500,2.5,0,0,3,9,3170,320,1924,0,98102,47.6394,-122.321,2840,4050,1050000.0,1376741.5
3,2.75,3130,19530,1.0,1,4,3,8,1690,1440,1947,1984,98008,47.5895,-122.111,2980,18782,1400000.0,1896130.0
3,1.5,1510,10588,1.5,0,0,3,7,1510,0,1947,0,98198,47.3775,-122.319,1360,2873,230000.0,210012.28
3,1.75,1370,10866,1.0,0,0,4,6,1370,0,1945,0,98052,47.6774,-122.164,1580,14250,270000.0,288146.51
4,2.5,4340,141570,2.5,0,0,3,11,4340,0,1992,0,98053,47.6805,-122.048,2720,97138,1090000.0,1261537.5000000002
4,3.5,5860,7200,2.0,0,0,5,10,3690,2170,1907,0,98112,47.6287,-122.287,4150,7200,2400000.0,2349080.0
3,2.5,1650,13816,2.0,0,0,3,7,1650,0,1998,0,98014,47.6553,-121.913,1630,18750,334999.0,343590.5
3,1.75,1310,18400,1.0,0,0,3,7,870,440,1954,0,98168,47.5035,-122.302,1840,10790,234500.0,262886.0
3,2.25,1400,1078,2.0,0,0,3,8,940,460,2009,0,98144,47.5701,-122.288,1420,1230,430100.0,377968.58
3,2.5,1960,4400,2.0,0,0,3,7,1960,0,2006,0,98065,47.5384,-121.889,2060,4400,410000.0,412682.32
2,1.0,1170,3000,1.5,0,0,3,7,1170,0,1910,0,98103,47.6697,-122.338,1530,4000,527500.0,529560.88
3,1.5,1610,10291,1.0,0,0,4,7,1610,0,1961,0,98022,47.2025,-121.999,1410,7729,262500.0,236950.06
2,1.0,1140,8147,1.0,0,0,3,7,1140,0,1958,0,98125,47.7278,-122.289,1260,8148,390000.0,344060.68
3,2.5,2230,5750,2.0,0,0,3,9,2230,0,2003,0,98033,47.6938,-122.213,1900,8238,1035000.0,804693.27
1,2.5,1820,3008,2.0,0,0,3,7,1090,730,1910,2004,98103,47.6529,-122.339,1860,3420,680000.0,653760.52
4,2.5,2450,12987,1.0,0,0,4,9,2030,420,1980,0,98007,47.6197,-122.15,2730,13685,836000.0,773606.59
3,1.75,2330,6000,1.5,0,0,4,7,1630,700,1940,0,98126,47.5765,-122.378,1600,4000,605000.0,580403.53
4,1.75,1660,11664,1.0,0,0,3,6,1010,650,1952,0,98168,47.4943,-122.331,1670,9975,220000.0,249639.7
4,2.5,2150,8536,1.0,0,3,4,8,1400,750,1967,0,98006,47.5663,-122.163,2800,9500,871000.0,794499.38
5,1.0,3240,5324,2.0,0,0,3,9,3240,0,2007,0,98065,47.523,-121.875,3240,6036,625000.0,647975.03
4,2.5,2160,7725,1.0,0,0,4,8,1460,700,1978,0,98023,47.3078,-122.378,2060,8250,295000.0,272280.95
3,2.25,2520,78408,2.0,0,0,3,9,2520,0,1988,0,98001,47.3514,-122.279,1490,29972,449888.0,469600.2
4,2.75,2550,7636,1.0,0,0,3,8,1440,1110,1986,0,98074,47.6471,-122.06,2290,8223,582800.0,560376.8666666667
3,1.0,1560,7800,1.0,0,0,3,7,1560,0,1955,0,98188,47.4549,-122.287,1468,9375,273000.0,248241.25
3,2.0,1510,10827,2.0,0,0,3,7,1510,0,1984,0,98052,47.654,-122.127,1900,10908,390000.0,481136.38
4,3.0,2900,10400,1.0,0,3,5,8,1530,1370,1959,0,98008,47.5854,-122.114,2820,10400,930000.0,884495.0
4,1.75,2800,90169,2.0,0,0,3,7,2800,0,1934,1985,98065,47.5204,-121.829,1600,27194,529000.0,485935.67
3,2.5,2630,10047,2.0,0,0,3,9,2630,0,1996,0,98027,47.5515,-122.083,2640,10620,665000.0,741024.71
3,2.5,2480,6112,2.0,0,0,3,7,2480,0,2004,0,98058,47.4387,-122.114,3220,6727,340000.0,400005.09
3,1.75,2190,6450,1.0,0,0,3,8,1480,710,1957,0,98136,47.5284,-122.391,2190,6450,765000.0,586175.4
3,2.5,1520,3041,2.0,0,0,3,7,1520,0,2009,0,98059,47.4874,-122.152,1820,3229,333000.0,338852.8
3,2.5,4040,147856,2.0,0,0,3,9,4040,0,2004,0,98092,47.2711,-122.067,3000,125452,760000.0,748989.0
2,1.0,1480,4080,1.0,0,0,3,7,1050,430,1949,0,98117,47.6842,-122.393,1310,4080,410000.0,683659.7
5,2.5,3670,8960,1.5,0,0,3,8,3670,0,1973,0,98052,47.6654,-122.142,2340,9425,731000.0,711700.46
4,2.5,3040,35201,2.0,0,0,4,10,3040,0,1987,0,98027,47.4872,-122.066,2990,35416,725000.0,656502.24
4,2.5,1890,7867,2.0,0,0,3,8,1890,0,1996,0,98038,47.3788,-122.031,2250,7867,355000.0,348424.95
4,4.25,4883,26040,2.0,0,3,3,10,3859,1024,2006,0,98092,47.263,-122.216,3736,9870,537000.0,812979.5
3,2.5,2495,4400,2.0,0,0,3,8,2495,0,2007,0,98001,47.2877,-122.283,2434,4400,276000.0,276327.12
3,2.0,1580,6655,1.0,0,0,3,6,790,790,1944,0,98178,47.4927,-122.248,1090,6655,221347.0,225646.36666666667
3,2.25,2040,130680,2.0,0,0,3,9,2040,0,1977,0,98072,47.7584,-122.136,3080,39630,730000.0,659024.25
2,2.0,1440,213008,2.0,0,0,4,7,1440,0,1990,0,98070,47.3604,-122.457,1630,161172,430000.0,377207.33
3,1.75,2800,19386,1.0,1,4,3,8,1400,1400,1965,0,98198,47.3554,-122.324,3270,31450,650000.0,898691.0
4,2.5,2710,5500,2.0,0,0,3,9,2710,0,1999,0,98074,47.6027,-122.023,2710,6242,668500.0,677397.92
6,3.75,3160,5000,2.0,0,0,3,8,3160,0,1989,0,98107,47.6748,-122.384,1740,5000,848750.0,975650.87
2,1.5,880,1157,2.0,0,0,3,7,880,0,2007,0,98126,47.5188,-122.376,1070,1203,210000.0,261198.56
4,2.5,1677,7209,2.0,0,0,3,7,1677,0,2011,0,98023,47.2957,-122.357,2236,7209,295000.0,275923.86
4,2.5,3140,11049,2.0,0,0,3,10,3140,0,1988,0,98004,47.5817,-122.192,2750,11049,990000.0,1032031.78
3,1.5,1650,9957,1.0,0,0,4,7,1100,550,1961,0,98125,47.7303,-122.298,1650,7957,369500.0,402059.0
4,2.75,3090,7650,2.0,0,2,3,8,2340,750,1959,1989,98042,47.3622,-122.157,2760,10370,734000.0,383506.5
3,1.5,1240,9975,1.0,0,0,3,6,1240,0,1977,0,98024,47.5667,-121.905,1390,10735,405000.0,324274.37
3,1.75,1960,5520,1.0,0,0,4,7,1080,880,1952,0,98199,47.6535,-122.397,1720,5760,655000.0,620730.89
4,2.0,2420,31465,1.0,0,0,3,9,2420,0,1984,0,98092,47.3131,-122.115,2560,32186,399950.0,450480.5
3,2.5,1230,23522,1.0,0,0,4,7,1230,0,1978,0,98059,47.515,-122.162,2340,23522,425000.0,357102.62125
3,1.0,1190,10350,1.0,0,0,4,7,1190,0,1959,0,98028,47.7428,-122.244,1850,10500,306000.0,351046.0
3,2.0,1370,7500,1.0,0,0,3,7,1370,0,1997,0,98038,47.3634,-122.046,1420,7500,252000.0,238894.5
2,1.0,890,5000,1.0,0,0,4,6,890,0,1947,0,98118,47.5526,-122.287,1160,5000,302000.0,332868.9
4,1.75,2130,8151,1.0,0,0,4,7,1330,800,1967,0,98031,47.3932,-122.201,1600,8587,285000.0,282021.86
5,3.5,4230,16526,2.0,0,0,3,10,4230,0,2008,0,98004,47.5933,-122.199,3000,12362,1940000.0,1719096.7
3,2.5,2420,6847,2.0,0,0,3,9,2420,0,2009,0,98133,47.7329,-122.356,1180,8100,649950.0,589890.94
3,1.75,2380,6000,1.5,0,0,3,7,1320,1060,1935,0,98178,47.498,-122.222,1290,6000,285000.0,315445.3333333334
3,2.0,2110,9199,1.0,0,0,3,10,2110,0,1993,0,98074,47.6496,-122.083,3130,8841,677100.0,664858.02
4,1.0,1740,4400,1.5,0,0,3,7,1740,0,1924,0,98122,47.6058,-122.3,1590,4400,382000.0,534867.0
3,1.5,1210,5200,1.0,0,0,5,6,1210,0,1969,0,98042,47.3615,-122.087,1120,5200,219950.0,163426.09
2,1.75,1170,4887,1.0,0,0,3,6,1020,150,1929,0,98117,47.695,-122.366,1170,5441,459000.0,464452.9
2,1.0,833,143947,1.0,0,0,3,5,833,0,2006,0,98070,47.3889,-122.482,1380,143947,517534.0,344571.75
2,1.0,920,6600,1.0,0,0,4,6,920,0,1910,0,98118,47.5572,-122.282,1370,5500,365000.0,367827.21333333326
3,2.0,2010,12950,1.0,0,0,3,8,2010,0,1953,0,98034,47.7222,-122.229,1490,10181,310000.0,467048.57
3,1.0,1210,5200,1.0,0,0,3,6,1210,0,1941,0,98126,47.531,-122.373,890,5200,430000.0,315596.0
4,2.5,1950,3000,2.0,0,0,3,7,1550,400,1998,0,98118,47.565,-122.281,1540,4300,497950.0,433197.14
3,1.5,1750,5400,1.0,0,0,4,7,1050,700,1952,0,98115,47.6799,-122.279,1750,5400,716528.0,592959.1333333333
4,1.75,1840,7275,1.0,0,0,3,7,1090,750,1976,0,98031,47.4002,-122.189,1840,7275,279000.0,272692.8
4,3.25,4110,14219,2.0,0,2,4,10,2570,1540,1979,0,98028,47.7382,-122.264,2760,12283,825000.0,1027398.0
1,1.0,850,8050,1.0,0,0,2,6,850,0,1906,0,98118,47.5427,-122.288,1590,5180,165000.0,402380.0
3,1.75,1950,8480,1.0,0,0,4,8,1250,700,1962,0,98007,47.5893,-122.15,1740,8480,615000.0,500313.87
4,2.0,2360,7440,1.0,0,0,3,7,1180,1180,1955,0,98178,47.5044,-122.245,1680,7800,300000.0,324920.0
3,1.0,970,14850,1.0,0,0,3,7,970,0,1968,0,98001,47.3251,-122.268,1410,14850,184000.0,187197.91333333336
4,3.0,2530,5625,1.0,0,0,3,8,1470,1060,1976,0,98034,47.7094,-122.233,1840,7070,625000.0,610802.53
3,1.5,1340,1110,2.0,0,0,3,7,1040,300,1999,0,98117,47.698,-122.366,1220,1110,360000.0,378985.9
3,2.0,1920,8075,1.0,0,0,4,7,1510,410,1969,0,98023,47.3092,-122.375,1920,7826,260000.0,239612.28
4,2.25,2220,6953,2.0,0,0,4,8,2220,0,1999,0,98038,47.3509,-122.041,2240,6716,350000.0,366073.9
3,2.5,2540,8073,1.0,0,0,4,8,1880,660,1937,0,98177,47.7176,-122.36,2110,7702,650000.0,572031.21
3,1.5,1430,11173,1.0,0,0,1,7,1430,0,1955,0,98006,47.5734,-122.153,1520,11659,380000.0,463993.8
4,2.5,3810,13579,2.0,0,0,3,10,3810,0,2003,0,98007,47.6006,-122.153,3310,9270,920000.0,1012572.2
4,1.75,1650,6900,1.0,0,0,3,7,910,740,1978,1993,98002,47.2802,-122.211,1540,7645,238000.0,239166.5
4,1.75,2250,13515,1.0,0,0,4,8,2150,100,1940,0,98030,47.3789,-122.229,2150,12508,350000.0,340658.93
3,1.0,1230,12305,1.0,0,0,3,7,1230,0,1955,1990,98004,47.6095,-122.195,2100,7960,839000.0,750185.0
3,2.5,1980,7800,2.0,0,0,3,8,1980,0,1999,0,98055,47.4492,-122.199,1700,20580,359950.0,369250.51
4,1.0,1750,68841,1.0,0,0,3,7,1750,0,1942,0,98058,47.4442,-122.081,1550,32799,322000.0,319818.68
3,1.0,1390,12145,1.0,0,0,4,7,1390,0,1964,0,98042,47.4225,-122.15,1030,10800,199000.0,236405.5
3,2.0,1860,42800,1.0,0,0,4,7,930,930,1983,0,98075,47.5898,-122.004,1980,11250,615000.0,491852.24333333335
3,1.0,1122,6554,1.5,0,0,3,5,1122,0,1900,0,98118,47.5135,-122.257,1610,5650,265000.0,256695.5
2,1.75,2080,8112,1.0,1,4,4,8,1040,1040,1939,1984,98125,47.7134,-122.277,2030,8408,1190000.0,1275049.5
3,1.75,1250,7710,1.0,0,0,4,7,1250,0,1947,0,98155,47.7623,-122.317,1340,7710,338000.0,336892.4
3,2.75,2830,3496,2.0,0,0,3,8,2830,0,2012,0,98029,47.5606,-122.011,2160,3501,673000.0,718513.5
4,2.5,2434,4400,2.0,0,0,3,8,2434,0,2007,0,98001,47.2874,-122.283,2434,4400,285000.0,282807.45
4,1.75,2250,10108,1.0,0,0,4,8,2250,0,1967,0,98008,47.5922,-122.118,2050,9750,605000.0,585914.8
4,2.5,2570,11473,2.0,0,0,3,8,2570,0,2008,0,98003,47.2809,-122.296,2430,5997,356500.0,343763.57
